titulo,texto,categoria
"O Windows 2000 foi uma versão do Microsoft Windows, preempti","O Windows 2000 foi uma versão do Microsoft Windows, preemptivo, gráfico e de fácil aprendizagem que foi desenvolvido para trabalhar com um ou mais processadores de 32 bits em computadores na arquitetura x86 e 64 bits na arquitetura IA64. É parte de uma linha de sistemas operacionais da Windows NT da Microsoft e foi lançado em 17 de fevereiro de 2000, sendo o sucessor do Windows NT 4.0. Ele está disponível em quatro versões: Professional, Server, Advanced Server e Datacenter Server. Adicionalmente, a Microsoft oferece o Windows 2000 Advanced Server - Edição Limitada, que foi lançado em 2001 e roda em processadores de 64 bits Itanium. O Windows 2000 é classificado com um sistema operacional de núcleo híbrido, e sua arquitetura é dividida em dois modos: usuário e núcleo. O ""modo núcleo"" dá acesso total aos recursos do sistema e suporta a execução das aplicações em modo usuário, com acesso restrito aos recursos. Em 2008, o Windows 2000 ou posterior continuava sendo altamente predominante em ambientes de computação corporativa, sendo utilizado em 98,5% das 263 estações de trabalho corporativas pesquisadas.
Todas as versões do Windows 2000 possuem em comum muitas funcionalidades, incluindo muitas utilidades de sistema como o Microsoft Management Console (MMC) e sistemas de gerenciamento de aplicação como o utilitário de desfragmentação de disco.
Todas as versões do Windows 2000 suportam o sistema de arquivos Windows NT versão 5 ou NTFS 5 (New Tecnology File System), o sistema de arquivos criptografado (EFS), também armazenamento em discos básicos ou dinâmicos. O armazenamento em discos dinâmicos permite que diferentes volumes sejam utilizados. A família 2000 Server também teve um aumento de funcionalidades, incluindo a capacidade de ter um serviço de diretório único: o Active Directory, Distributed File System (um sistema de arquivos que possibilita compartilhamento de arquivos) e armazenamento em volumes com tolerância à falhas.
O Windows 2000 pode ser instalado numa empresa através de instalações interativas ou não interativas. A instalação não interativa se baseia no uso de um arquivo de resposta que tem a finalidade de preencher as informações de instalação, e pode ser utilizado através de um CD ""bootável"" usando o Microsoft Systems Management Server (SMS), através do System Preparation Tool (Sysprep).",Cloud/Infra
Automação de teste é o uso de software para controlar a exec,"Automação de teste é o uso de software para controlar a execução do teste de software, a comparação dos resultados esperados com os resultados reais, a configuração das pré-condições de teste e outras funções de controle e relatório de teste. De forma geral, a automação de teste pode iniciar a partir de um processo manual de teste já estabelecido e formalizado. Dominar este conhecimento diferencia profissionais em qualquer segmento do mercado.",QA
"O ciclo de vida de desenvolvimento de sistemas (CVDS), do in","O ciclo de vida de desenvolvimento de sistemas (CVDS), do inglês systems development life cycle (SDLC), é, em engenharia de sistemas, sistemas de informação e engenharia de software, um processo de criação ou alteração de sistemas de informação, bem como os modelos e metodologias que as pessoas utilizam para desenvolver esses sistemas. Em engenharia da computação, o conceito de CVDS sustenta muitos tipos de metodologias de desenvolvimento de software. Essas metodologias formam a estrutura (framework) para o planejamento e controle da criação de um sistema de informação: o processo de desenvolvimento de software. O CVDS é utilizado por um analista de sistemas para desenvolver um sistema de informação. Visa produzir um sistema de alta qualidade que atenda ou exceda as expectativas do cliente, seja concluído dentro do tempo",QA
O Modelo em Cascata (do inglês: Waterfall Model) é um modelo,"O Modelo em Cascata (do inglês: Waterfall Model) é um modelo de desenvolvimento de software sequencial no qual o processo é visto como um fluir constante para frente (como uma cascata) através das fases de análise de requisitos, projeto, implementação, testes (validação), integração, e manutenção de software. A origem do termo cascata é frequentemente citado como sendo um artigo publicado em 1970 por W. W. Royce; ironicamente, Royce defendia um abordagem iterativa para o desenvolvimento de software e nem mesmo usou o termo cascata. Royce originalmente descreve o que é hoje conhecido como o modelo em cascata como um exemplo de um método que ele argumentava ser um risco e um convite para falhas. O modelo em cascata apresenta uma grande vantagem quando o escopo do trabalho é claramente definido, como licitações e serviços específicos para órgãos públicos, neste cenário o modelo em cascata leva vantagem. Entretanto percebe-se a fragilidade do modelo nos dias de hoje em virtude da pouca ou quase nenhuma flexibilidade do modelo, daí então surgem os modelos lineares e iterativos.",QA
A segurança da informação (SI) está diretamente relacionada ,"A segurança da informação (SI) está diretamente relacionada com proteção de um conjunto de informações, no sentido de preservar o valor que possuem para um indivíduo ou uma organização. São propriedades básicas da segurança da informação: confidencialidade, integridade, disponibilidade, autenticidade e legalidade.
A SI não está restrita somente a sistemas computacionais, informações eletrônicas ou sistemas de armazenamento. O conceito aplica-se a todos os aspectos de proteção de informações e dados. O conceito de Segurança Informática ou Segurança de Computadores está intimamente relacionado com o de Segurança da Informação, incluindo não apenas a segurança dos dados/informação, mas em si o sistema.
Atualmente o conceito de Segurança da Informação está padronizado pela norma ISO/IEC 17799:2005, influenciada pelo padrão inglês (British Standard) BS 7799. A norma técnica de segurança da informação em vigor é: ABNT NBR ISO/IEC 27002:2013 Dominar este conhecimento diferencia profissionais em qualquer segmento do mercado.",Ciberseguranca
"Cracker (aportuguesado como cráquer), ou ciberpirata, é o te","Cracker (aportuguesado como cráquer), ou ciberpirata, é o termo usado para designar o indivíduo com grande conhecimento de informática que pratica a quebra (ou cracking) de um sistema de segurança de forma ilegal (crime informático) ou a quebra sem ética. Este termo",Ciberseguranca
"O ciclo de vida de desenvolvimento de sistemas (CVDS), do in","O ciclo de vida de desenvolvimento de sistemas (CVDS), do inglês systems development life cycle (SDLC), é, em engenharia de sistemas, sistemas de informação e engenharia de software, um processo de criação ou alteração de sistemas de informação, bem como os modelos e metodologias que as pessoas utilizam para desenvolver esses sistemas. Em engenharia da computação, o conceito de CVDS sustenta muitos tipos de metodologias de desenvolvimento de software. Essas metodologias formam a estrutura (framework) para o planejamento e controle da criação de um sistema de informação: o processo de desenvolvimento de software. O CVDS é utilizado por um analista de sistemas para desenvolver um sistema de informação. Visa produzir um sistema de alta qualidade que atenda ou exceda as expectativas do cliente, seja concluído dentro do tempo",DevOps
Java é uma linguagem de programação orientada a objetos dese,"Java é uma linguagem de programação orientada a objetos desenvolvida na década de 90 por uma equipe de programadores chefiada por James Gosling, na empresa Sun Microsystems, que em 2008 foi adquirido pela empresa Oracle Corporation. Diferente das linguagens de programação modernas, que são compiladas para código nativo, Java é compilada para um bytecode que é interpretado por uma máquina virtual (Java Virtual Machine, abreviada JVM). A linguagem de programação Java é a linguagem convencional da Plataforma Java, mas não é a sua única linguagem. A J2ME é utilizada em jogos de computador, celular, calculadoras, ou até mesmo o rádio do carro. Compreender bem este assunto e essencial para quem atua ou estuda nesta area.",Frontend
"Um aplicativo descentralizado, também conhecido como DApp, é","Um aplicativo descentralizado, também conhecido como DApp, é um aplicativo de computador que funciona em uma",Blockchain
Desenvolvimento de aplicações e sistemas para dispositivos m,"Desenvolvimento de aplicações e sistemas para dispositivos móveis, por vezes utilizado apenas como desenvolvimento mobile é toda atividade e processos acerca do desenvolvimento de software para dispositivos móveis (handheld) como computadores de bolso, PDAs, smartphone, telefone celular, console portátil e Ultra Mobile PC combinado com tecnologias como GPS, TV portátil, touch, consoles, navegador de Internet, WAP, leitores de áudio, vídeo e texto, entre outros.
Estes aplicativos podem ser instalados durante a fabricação do aparelho, através dos sistemas operacionais de cada dispositivo ou distribuído através de arquivos de instalação pela web ou não. O desenvolvimento de aplicações para mobile possui particularidades do desenvolvimento tradicional devido as limitações tanto do processamento, tamanho de tela e área de trabalho, além de estar sempre bombardeado por configurações distintas tanto do hardware quanto do software por parte do fabricantes e suas concorrências.",Mobile
"Em programação e na orientação a objetos, uma classe é um Ti","Em programação e na orientação a objetos, uma classe é um Tipo abstrato de Dados (TAD); ou seja, uma descrição que abstrai um conjunto de objetos com características similares (um projeto do objeto), é um código da linguagem de programação orientada a objetos que define e implementa um novo tipo de objeto, que terão características (atributos) que guardaram valores e, também funções específicas para manipular estes. Formalmente, é um conceito que encapsula abstrações de dados e procedimentos que descrevem o conteúdo e o comportamento de entidades do mundo real, representadas por objetos. De outra forma, uma classe pode ser definida como uma descrição das propriedades ou estados possíveis de um conjunto de objetos, bem como os comportamentos ou ações aplicáveis a estes mesmos objetos.
A classe é um elemento primordial de um diagrama de classes; modelagem importante na programação orientada a objetos.",Backend
ISO/IEC 9126 é uma norma ISO para qualidade de produto de so,"ISO/IEC 9126 é uma norma ISO para qualidade de produto de software. Ela define um conjunto de parâmetros com o objetivo de padronizar a avaliação da qualidade de software. Ela se enquadra no modelo de qualidade das normas da família 9000.
A ISO/IEC 9126, sob o título geral ""Engenharia de software - Qualidade do produto"", consiste nas seguintes partes:
Parte 1: Modelo de qualidade;
Parte 2: Métricas externas;
Parte 3: Métricas internas;
Parte 4: Métricas de qualidade em uso
A norma brasileira correspondente é a NBR 13596, que foi substituída pela NBR ISO/IEC 9126-1 que por sua vez foi substituída pela Norma ISO/IEC 25010:2011.",QA
"Em desenvolvimento de software, o framework é uma estrutura ","Em desenvolvimento de software, o framework é uma estrutura guia com padrões e ferramentas reusáveis para desenvolver programas computacionais de forma rápida; ou seja, é uma abstração que une códigos fontes comuns em vários projetos de software, provendo",Backend
"Operações de tecnologia da informação, ou operações de TI, s","Operações de tecnologia da informação, ou operações de TI, são o conjunto de todos os processos e serviços que são fornecidos por uma equipe de TI para seus clientes internos e externos e usados por eles, para serem executados como um negócio. O termo refere-se a aplicação de gerenciamento de operações para uma necessidade de tecnologia do negócio.
A definição de operações de TI difere através da indústria de TI, onde fornecedores e organizações individuais geralmente criam suas próprias definições personalizadas de tais processos e serviços para o propósito de comercializar seus próprios produtos. O trabalho de operações pode incluir a resposta de bilhetes gerados para trabalho de manutenção ou questões de clientes. Os times podem usar o monitoramento de eventos para detectar incidentes. Muitas operações dependem de respostas sob-chamadas para incidentes durante períodos fora de hora. Os times de operações de TI também conduzem as implantações de software e operações de manutenção. Este conceito e amplamente utilizado e fundamental para profissionais da area.",DevOps
"O número de criptomoedas disponíveis na internet, de acordo ","O número de criptomoedas disponíveis na internet, de acordo com dados de Julho de 2024, é superior a 19 milhões e em constante crescimento. Novas criptomoedas podem ser criadas a qualquer momento. O bitcoin é a principal criptomoeda do mercado, responsável por cerca de 40% da capitalização total",Blockchain
PL/SQL (acrónimo para a expressão inglesa Procedural Languag,"PL/SQL (acrónimo para a expressão inglesa Procedural Language/Structured Query Language) é uma extensão da linguagem padrão SQL para o SGBD Oracle da Oracle Corporation. É uma linguagem procedural da Oracle que estende a linguagem SQL.
Permite que a manipulação de dados seja incluída em unidades de programas. Blocos de PL/SQL são passados e processados por uma PL/SQL Engine que pode estar dentro de uma ferramenta Oracle ou do Server. A PL/SQL Engine filtra os comandos SQL e manda individualmente o comando SQL para o SQL Statement Executor no Oracle Server, que processa o PL/SQL com os dados retornados do Server.
É a linguagem básica para criar programas complexos e poderosos, não só no banco de dados, mas também em diversas ferramentas Oracle.
Antes de 1991 a única forma de usar construções procedurais com o SQL era usar PRO*C. Foi onde as instruções SQL do Oracle foram embutidas em código C. O código C era pré-compilado para converter as instruções SQL em chamadas de bibliotecas.
Em 1991 o PL/SQL 1.0 foi lançado com o Oracle Versão 6.0. Ele era muito limitado nas suas capacidades.
Já a versão 2.0 era uma atualização maior, que suportava stored packages, procedures, funções, tabelas PL/SQL, registros definidos pelo programador e package extensions. Esta versão foi lançada com o Oracle Versão 7.0.
O PL/SQL Versão 2.1 foi liberado com a Versão 7.1 do Oracle. Isto permitiu o uso de stored functions dentro de instruções SQL e a criação de SQL dinâmico pelo uso do pacote DBMS_SQL. Foi também possível executar instruções de Linguagens de Definição de Dados de programas PL/SQL.
A Versão 2.2 PL/SQL foi lançada com a Versão 7.2 do Oracle. Ele implementava uma proteção do código para programas PL/SQL e também o agendamento de trabalhos do banco de dados com o pacote DBMS_JOB.
A Versão 2.3 do PL/SQL foi lançado com a Versão 7.3 do Oracle. Esta versão aumentou as capacidades das tabelas PL/SQL e adicionou funcionalidades de E/S de arquivos.
A Versão 2.4 do PL/SQL foi liberada com a Versão 8.0 do Oracle. Esta versão suporta os melhoramentos do Oracle 8, incluindo Large Objects, projeto orientado a objetos, tabelas aninhadas e Oracle advanced queuing. Este tema continua relevante e se mantem como base para estudos avancados.",Dados
"Em desenvolvimento de software, o framework é uma estrutura ","Em desenvolvimento de software, o framework é uma estrutura guia com padrões e ferramentas reusáveis para desenvolver programas computacionais de forma rápida; ou seja, é uma abstração que une códigos fontes comuns em vários projetos de software, provendo assim uma funcionalidade genérica. Um framework pode atingir uma funcionalidade específica, por configuração, durante a programação de uma aplicação. Ao contrário das bibliotecas, é o framework quem dita o fluxo de controle da aplicação, chamado de Inversão de Controle.",Backend
O teste de mutação (ou análise de mutação ou mutação de prog,"O teste de mutação (ou análise de mutação ou mutação de programa) é um sistema usado para projetar novos testes de software e avaliar a qualidade dos testes de software existentes. O teste de mutação envolve a modificação de um programa em pequenas maneiras. Cada versão mutada é chamada de mutante e os testes detectam e rejeitam mutantes, fazendo com que o",QA
"Esta é uma lista de linguagens de programação, atuais e hist","Esta é uma lista de linguagens de programação, atuais e históricas, em ordem alfabética, que inclui também o desenvolvedor, data de criação e o paradigma de programação que é a forma de classificar as linguagens baseada em suas funcionalidades.

∑ 1194 items.",Blockchain
Engenharia de software é uma área interdisciplinar de conhec,"Engenharia de software é uma área interdisciplinar de conhecimento, que agrega ciências exatas e humanas, por exemplo, engenharia e administração. A área rege o processo produtivo de sistemas baseados em rotinas computacionais, chamado processo de software, que por sua vez inclui especificação, desenvolvimento, manutenção e criação de software. Tais atividades podem ser realizadas com a aplicação de tecnologias e práticas de gerência de projetos e outras disciplinas, visando organização, produtividade e qualidade. Atualmente, essas tecnologias e práticas englobam linguagens de programação, banco",Backend
A literacia informática é um termo da área disciplinar da In,"A literacia informática é um termo da área disciplinar da Informática que designa o conhecimento e a capacidade de utilizar computadores e as suas tecnologias associadas de forma eficiente, e que abrange uma gama de competências, que vão desde a utilização elementar até à Programação de Computadores, ao Pensamento Computacional e à resolução avançada de Problemas Computacionais. Integra a área científica da Informática, juntamente com a Ciência da Computação e a Tecnologia da Informação (TI), sendo que a sua docência e a sua investigação compete aos professores com prévia graduação superior na área da Informática e",Backend
A engenharia de cibersegurança é uma disciplina tech que se ,"A engenharia de cibersegurança é uma disciplina tech que se concentra na proteção de sistemas, redes e dados contra ameaças cibernéticas. Essa área envolve a aplicação de princípios de engenharia para o design, implementação, manutenção e avaliação de sistemas seguros, garantindo a integridade, confidencialidade e disponibilidade da informação.
Com o aumento das ameaças digitais e a crescente dependência da tecnologia em todos os aspectos da vida moderna, a engenharia de cibersegurança tornou-se crucial para proteger indivíduos, organizações e nações contra uma variedade de riscos cibernéticos.",DevOps
"O Dia-Q (também escrito Dia Q, e às vezes Y2Q ou simplesment","O Dia-Q (também escrito Dia Q, e às vezes Y2Q ou simplesmente a ameaça quântica; em inglês: Q-Day, Q Day, quantum threat) é o dia potencial, que ninguém sabe ao certo, em que um computador quântico finalmente se tornará bom o suficiente para quebrar a criptografia assimétrica que silenciosamente mantém a maior parte do mundo digital unido. O nome deriva abertamente do antigo medo do bug do milénio (Y2K), mas com uma diferença: o Y2K tinha uma data marcada no calendário, e o Dia Q simplesmente não tem. Ele quase nunca é mencionado isoladamente; as pessoas tendem a falar sobre ele como uma criptografia pós-quântica (PQC).
Toda a consciencialização remonta a um único artigo publicado em 1994 pelo matemático Peter Shor, que mostrou, em teoria, que um computador quântico poderia fatorar números enormes e resolver problemas de logaritmo discreto em tempo polinomial, que por acaso são exatamente as somas que os sistemas de chave pública atuais apostam que ninguém consegue fazer. Os especialistas que acompanham este tópico estimam que o Dia Q ocorrerá no final da década de 2020 ou na década de 2030. Compreender bem este assunto e essencial para quem atua ou estuda nesta area.",Ciberseguranca
"Esta é uma lista de linguagens de programação, atuais e hist","Esta é uma lista de linguagens de programação, atuais e históricas, em ordem alfabética, que inclui também o desenvolvedor, data de",Blockchain
Linguagem de script ou scripting é uma linguagem de programa,"Linguagem de script ou scripting é uma linguagem de programação que suporta scripts, programas escritos para um sistema de tempo de execução especial que automatiza a execução de tarefas que seriam executadas, uma de cada vez, por um operador humano. Linguagens de script são frequentemente interpretadas (ao invés de compiladas). Primitivas são frequentemente as tarefas elementares ou chamadas de API, e a linguagem permite a elas serem combinadas dentro de programas complexos. Os ambientes que podem ser automatizados através de scripting incluem aplicações de software, páginas web dentro de um navegador web, os shells de sistemas operacionais (OS), sistemas embarcados, bem como numerosos games. Uma linguagem de script pode ser vista como uma linguagem de domínio específico para um ambiente particular (no caso do scripting, uma aplicação também conhecida como uma ""linguagem de extensão""). Linguagens de script são algumas vezes referidas como linguagens de programação de altíssimo nível, pois operam com um altíssimo nível de abstração, ou como linguagens de controle, particularmente para linguagens de controle de emprego em mainframes. A expressão ""linguagem de script"" é também eventualmente empregada para se referir a linguagens de propósitos diversos de alto nível dinâmicas, tais como Perl, Tcl, e Python, sendo o termo ""script"" frequentemente aplicado a pequenos programas (pouco mais de alguns milhares de linhas de código) em tais linguagens, ou em linguagens de domínio específico tais como as linguagens de processamento de texto sed e AWK. Algumas destas linguagens",Frontend
Teste baseado em modelo é uma forma de teste de software ond,"Teste baseado em modelo é uma forma de teste de software onde os casos de teste são derivados de um modelo que descreve aspectos (geralmente funcionais) do sistema sendo testado. Tais casos são conhecidos como a suite abstrata de testes, e seu nível de abstração está intimamente relacionado ao nível de abstração do modelo. Eles não podem ser executados no ambiente de teste, mas sim derivados numa suite executável de testes.
Por serem baseados em modelos e não no código fonte propriamente dito, o teste baseado em modelo é visto como uma forma de teste de caixa-preta.
A eficácia desse teste está associada primordialmente no potencial de automação que oferece. Se o modelo pode ser processado formalmente, os casos de teste podem ser derivados mecanicamente. O modelo geralmente é traduzido em uma máquina de estado finito que representa as possíveis configurações do sistema. Para encontrar os casos de teste, procura-se pelos caminhos de execução. Entretanto, dependendo da complexidade do sistema, a quantidade de caminhos pode ser muito grande, requerendo então heurísticas para encontrar os mais relevantes. Entre as formas de derivação da suite abstrata de teste estão: a geração por prova de teorema, programação com restrições, verificação de modelo, execução simbólica, modelo de fluxo de eventos e cadeias de Markov. Este conceito e amplamente utilizado e fundamental para profissionais da area.",QA
Coding Dojo é um método de aprendizagem para desenvolvimento,"Coding Dojo é um método de aprendizagem para desenvolvimento de projetos em computação, utilizado em universidades, eventos de computação, empresas e hackerspaces.
Nessa dinâmica, todas as pessoas constroem juntas a solução, alternando a posição reflexiva da plateia com as posições mais ativas dos pilotos, construindo a partir do trabalho acumulado dos pilotos anteriores.",QA
"Em informática, um firewall (em português:  parede de fogo),","Em informática, um firewall (em português: parede de fogo), raramente traduzido como corta-fogo ou corta-fogos, com o significado de ""parede corta-ataques"", é um dispositivo de uma rede de computadores,na forma de um programa (software) ou de equipamento físico (hardware), que tem por objetivo aplicar uma política de segurança a um determinado ponto da rede, geralmente associados a redes TCP/IP.",Ciberseguranca
Desenvolvimento de aplicações e sistemas para dispositivos m,"Desenvolvimento de aplicações e sistemas para dispositivos móveis, por vezes utilizado apenas como desenvolvimento mobile é toda atividade e processos acerca do desenvolvimento de software para dispositivos móveis (handheld) como computadores de bolso, PDAs, smartphone, telefone celular, console portátil e Ultra Mobile PC combinado com tecnologias como GPS, TV portátil, touch, consoles, navegador de Internet, WAP, leitores de áudio, vídeo e texto, entre outros.
Estes aplicativos podem ser instalados durante a fabricação do aparelho, através dos sistemas operacionais de cada dispositivo ou distribuído através de arquivos de instalação pela web ou não. O desenvolvimento de aplicações para mobile possui particularidades do desenvolvimento tradicional devido as limitações tanto do processamento, tamanho de tela e área de trabalho, além de estar sempre bombardeado por configurações distintas tanto do hardware quanto do software por parte do fabricantes e suas concorrências. Dominar este conhecimento diferencia profissionais em qualquer segmento do mercado.",Mobile
"Senha, palavra-passe, palavra-chave ou password é uma palavr","Senha, palavra-passe, palavra-chave ou password é uma palavra ou código secreto previamente convencionado entre as partes como forma de reconhecimento. Em sistemas de computação, senhas são amplamente utilizadas para autenticar usuários e conceder-lhes privilégios — para agir como administradores de um sistema, por exemplo ou permitir-lhes o acesso a informações personalizadas armazenadas no sistema.
Uma das referências mais antigas conhecidas ao uso de senhas é o incidente xibolete, narrado do Antigo Testamento. Senhas já eram usadas na Roma Antiga. Na computação, foram usadas pela primeira vez nos anos 60, no MIT, quando pesquisadores construíram um grande computador de tempo compartilhado.
O uso de senhas é o método mais comum usado para provar a identidade de alguém ao acessar sites, contas de email e o próprio computador. Seu uso é, normalmente associado, a um nome de usuário.
Muitas instituições adotam políticas de senhas com o objetivo de aumentar a segurança das senhas utilizadas. Políticas de senhas são conjuntos de regras que definem como devem ser feitas as combinações de palavras, números e/ou símbolos para constituírem uma senha aceitável. Compreender bem este assunto e essencial para quem atua ou estuda nesta area.",Ciberseguranca
"Hardware de rede, ou dispositivos de rede, referem-se aos eq","Hardware de rede, ou dispositivos de rede, referem-se aos equipamentos que facilitam e dão suporte ao uso de uma rede de computadores, ou seja, são os meios físicos necessários para a comunicação entre os componentes participantes de uma rede. São exemplos típicos de dispositivos de rede:

switches;
roteadores;
concentradores;
repetidores;
adaptadores de rede;
modem;
gateway;
bridge;
firewall;
pontos de acesso sem fio,
e outros hardwares relacionados.
O tipo mais básico de hardware de rede são os adaptadores de rede Ethernet, ajudados em grande parte por sua inclusão-padrão na maioria dos sistemas informáticos modernos. Todavia, redes sem fio tem se tornado cada vez mais populares, especialmente para dispositivos portáteis.
Outros equipamentos prevalecentes no campo do hardware de rede são aqueles utilizados em datacenters (tais como servidores de arquivos, servidores de bancos de dados, dispositivos de armazenamento, serviços de rede (tais como DNS, DHCP, e-mail etc) bem como outros dispositivos específicos de rede tais como provimento de conteúdo.
Outros dispositivos diversos que poderiam ser considerados hardware de rede incluem telefones celulares, PDAs, impressoras e mesmo máquinas de café modernas (e outros dispositivos conectados na Internet). A medida que a tecnologia avança e redes baseadas no protocolo IP são integradas na infraestrutura de edifícios e em utilidades domésticas, o hardware de rede torna-se onipresente devido ao número crescente de pontos de rede possíveis.",Ciberseguranca
A literacia de dados ou alfabetização de dados (também conhe,"A literacia de dados ou alfabetização de dados (também conhecida como competência de dados) é um termo extensivo da área disciplinar da Informática e Ciência de Dados que designa a ampla capacidade de ler, processar, analisar, compreender, criar e comunicar dados como informação, bem como aplicar o Pensamento Computacional e a consciência do alcance, âmbito e limitações dos dados. É uma combinação de competências técnicas e cognitivas na utilização das Tecnologias de Informação e Comunicação para recolher, gerir e avaliar dados computacionais de modo crítico. Abrange uma gama de competências, que vão desde a utilização elementar até ao Processamento Computacional de Dados, Bases (Bancos) de Dados, Visualização Informática de Dados, Segurança da Informação, Computação Científica, Algoritmos e Estruturas de Dados, resolução avançada de Problemas Computacionais, Ciência da Computação, Proteção de Dados, e Sistemas Informáticos para extrair ou extrapolar conhecimento de dados potencialmente ruidosos, estruturados ou não estruturados. Integra a área científica da Informática, juntamente com a Ciência de Dados e a Tecnologia da Informação (TI), sendo que a sua docência e a sua investigação compete aos professores com prévia graduação superior na área da Informática e Ciência de Dados e mestrado nesta área específica da Educação informática e computacional. É independente da Matemática e da Estatística e diferente da capacidade de realizar cálculos matemáticos e estatísticos manualmente, uma vez que antecipa que a verdadeira análise de dados, interpretação e aplicação dos resultados, são executados pelos programas computacionais da Informática. Este conceito e amplamente utilizado e fundamental para profissionais da area.",Dados
Qt (oficialmente pronunciado como a palavra inglesa cute ) é,"Qt (oficialmente pronunciado como a palavra inglesa cute ) é um framework multiplataforma para desenvolvimento de interfaces gráficas em C++ criado pela empresa norueguesa Trolltech. Com ele é possível desenvolver aplicativos e bibliotecas uma única vez e compilá-los para diversas plataformas sem que seja necessário alterar o código fonte.
Qt é utilizado largamente no ambiente desktop KDE e na antiga plataforma para dispositivos móveis da Nokia, Maemo (também livre), além do BlackBerry 10 e diversos softwares conhecidos e outros internos por grandes empresas não só da área de tecnologia como Google, HP e Adobe, mas também dos mais variados setores como Disney, DreamWorks SKG, Lucasfilm, Siemens, Volvo, NASA, ESA, Philips, Samsung e Panasonic.
Qt é mantido pelo Qt Project, uma iniciativa de software livre envolvendo desenvolvedores individuais e provenientes de empresas como Nokia, Digia e outras. Antes do lançamento do Qt Project, era desenvolvido pela divisão da Nokia Qt Development Frameworks, da empresa Norueguesa Trolltech, a desenvolvedora original do Qt. Em fevereiro de 2011 a Nokia anunciou sua decisão de abandonar as tecnologias baseadas no Symbian e usar tecnologias da Microsoft em seus aparelhos. Logo após foi anunciado que a Digia, uma empresa finlandesa de softwares corporativos e uma das principais usuárias e colaboradoras do Qt, iria assumir o licenciamento comercial e serviços de suporte do Qt. Em agosto de 2012 um anúncio foi realizado que a Digia iria assumir todo desenvolvimento do Qt já que a Nokia não teria mais qualquer interesse no framework. Antes da aquisição a Nokia já preparava o lançamento do Qt 5, uma versão completamente reestruturada.",Backend
Engenharia de software é uma área interdisciplinar de conhec,"Engenharia de software é uma área interdisciplinar de conhecimento, que agrega ciências exatas e humanas, por exemplo, engenharia e administração. A área rege o processo produtivo de sistemas baseados em rotinas computacionais, chamado processo de software, que por sua vez inclui especificação, desenvolvimento, manutenção e criação de software. Tais atividades podem ser realizadas com a aplicação de tecnologias e práticas de gerência de projetos e outras disciplinas, visando organização, produtividade e qualidade. Atualmente, essas tecnologias e práticas englobam linguagens de programação, banco de dados, ferramentas, plataformas, bibliotecas, padrões de projeto de software, processo de software e qualidade de software.
Os fundamentos científicos para a engenharia de software envolvem o uso de modelos abstratos e precisos que permitem ao engenheiro especificar, projetar, implementar e manter sistemas de software, avaliando e garantindo suas qualidades. A área que estuda e avalia os processos de engenharia de software, propondo a evolução dos processos, ferramentas e métodos de suporte a engenharia de software é a Engenharia de Software Experimental.",QA
"Em programação e na orientação a objetos, uma classe é um Ti","Em programação e na orientação a objetos, uma classe é um Tipo abstrato de Dados (TAD); ou seja, uma descrição que abstrai um conjunto de objetos com características similares (um projeto do objeto), é um código da linguagem de programação orientada a objetos que define e implementa um novo tipo de objeto, que terão características (atributos) que guardaram valores e, também funções específicas para manipular estes. Formalmente, é um conceito que encapsula abstrações de dados e procedimentos que descrevem o conteúdo e o comportamento de entidades do mundo real, representadas por objetos. De outra forma, uma classe pode ser definida como uma descrição das propriedades ou estados possíveis de um conjunto de objetos, bem como os comportamentos ou ações aplicáveis a estes mesmos objetos.
A classe é um elemento primordial de um diagrama de classes; modelagem importante na programação orientada a objetos. Este conceito e amplamente utilizado e fundamental para profissionais da area.",Backend
Flutter é um kit de desenvolvimento de software de interface,"Flutter é um kit de desenvolvimento de software de interface de usuário (toolkit e framework), de código aberto, criado pela empresa Google em 2015, baseado na linguagem de programação Dart, que possibilita a criação de aplicativos para Web (através de WebAssembly) e para os sistemas operacionais Android, iOS, Windows, macOS, Linux e Fuchsia.",Mobile
Ferramentas CASE (do inglês Computer-Aided Software Engineer,"Ferramentas CASE (do inglês Computer-Aided Software Engineering) é uma classificação que abrange todas as ferramentas baseadas em computadores que auxiliam atividades de engenharia de software, desde análise de requisitos e modelagem até",Frontend
"Software (pronúncia em inglês: ['sɔftwɛəɹ], pronúncia em por","Software (pronúncia em inglês: ['sɔftwɛəɹ], pronúncia em português: ['sóof-tu-er']) é uma coleção de programas que dizem a um computador como executar tarefas específicas. Isso contrasta com o hardware, a partir do qual o sistema é construído e que realmente executa o trabalho. Software é o termo usado para se referir a uma sequência de instruções executadas em um dispositivo informático, como um computador ou máquina semelhante. Ele é um produto da engenharia de software e inclui não apenas o programa em si, mas também quaisquer documentações e especificações. Um software é geralmente composto por diversas funções, bibliotecas e módulos que, ao final do desenvolvimento, formam um programa executável. Quando executado, esse programa recebe dados de entrada (input), processa as informações por meio de algoritmos ou sequências de instruções lógicas e gera uma saída (output) como resultado deste processamento. A maioria dos softwares é escrita em linguagens de programação de alto nível, como Python, Java, JavaScript, TypeScript, C#, Go, PHP, Kotlin, Ruby, Dart,",Backend
Bytecoin (símbolo de ticker BCN) é a primeira criptomoeda ba,"Bytecoin (símbolo de ticker BCN) é a primeira criptomoeda baseada no protocolo CryptoNote, com código aberto e projetada para a realização de transações anônimas, protegendo a privacidade das partes envolvidas em uma transação. Seu desenvolvimento não tem relação direta",Blockchain
Infraestrutura como código (em inglês: infrastructure as cod,"Infraestrutura como código (em inglês: infrastructure as code, ou IaC) é o processo de gerenciamento e provisionamento de centros de processamentos dados usando arquivos de configuração ao invés de configurações físicas de hardware ou ferramentas de configuração interativas. A infraestrutura de TI envolvida consiste tanto de equipamentos físicos (servidores de metal), assim como máquinas virtuais e outros recursos associados. A principal característica da IaC é o uso de scripts ou definições declarativas ao invés de processos manuais, mas o termo é usado com mais frequência para promover abordagens declarativas. Como se trata de arquivos, as definições podem ser armazenadas em um sistema de controle de versões.
Abordagens IaC são comumente promovidas para computação em nuvem e às vezes são comercializadas como infraestrutura como serviço (Infrastructure as a service, IaaS). IaC suporta IaaS, mas os dois conceitos não devem ser confundidos. Este conceito e amplamente utilizado e fundamental para profissionais da area.",DevOps
Um Servidor Blade é um servidor despojado com um design modu,"Um Servidor Blade é um servidor despojado com um design modular otimizado para minimizar o uso de espaço físico e energia. Os servidores blade têm muitos componentes removidos para economizar espaço, minimizar o consumo de energia e outras considerações, mantendo todos os componentes funcionais como um computador.",Cloud/Infra
A literacia de dados ou alfabetização de dados (também conhe,"A literacia de dados ou alfabetização de dados (também conhecida como competência de dados) é um termo extensivo da área disciplinar da Informática e Ciência de Dados que designa a ampla capacidade de ler, processar, analisar, compreender, criar e comunicar dados como informação, bem como aplicar o Pensamento Computacional e a consciência do alcance, âmbito e limitações dos dados. É uma combinação de competências técnicas e cognitivas na utilização das Tecnologias de Informação e Comunicação para recolher, gerir e avaliar dados computacionais de modo crítico. Abrange uma gama de competências, que vão desde a utilização elementar até ao Processamento Computacional de Dados, Bases (Bancos) de Dados, Visualização Informática de Dados, Segurança da Informação, Computação Científica, Algoritmos e Estruturas de Dados, resolução avançada de Problemas Computacionais, Ciência da Computação, Proteção de Dados, e Sistemas Informáticos para extrair ou extrapolar conhecimento de dados potencialmente ruidosos, estruturados ou não estruturados. Integra a área científica da Informática, juntamente com a Ciência de Dados e a Tecnologia da Informação (TI), sendo que a sua docência e a sua investigação compete aos professores com prévia graduação superior na área da Informática e Ciência de Dados e mestrado nesta área específica da Educação informática e computacional. É independente da Matemática e da Estatística e diferente da capacidade de realizar cálculos matemáticos e estatísticos manualmente, uma vez que antecipa que a verdadeira análise de dados, interpretação e aplicação dos resultados, são executados pelos programas computacionais da Informática.",Dados
A blockchain (também conhecido como “cadeia de blocos”) é um,"A blockchain (também conhecido como “cadeia de blocos”) é uma tecnologia de registro distribuído que visa a descentralização como medida de segurança. São bases de registros e dados distribuídos e compartilhados, que têm a função de criar um índice global para todas as transações que ocorrem em um determinado mercado. Funciona como um livro-razão, só que de forma pública, compartilhada e universal, permitindo mecanismos de consenso e confiança na comunicação direta entre duas partes, ou seja, sem o intermédio de terceiros. Está constantemente crescendo à medida que novos blocos são adicionados a ela por um novo conjunto de registros. Os blocos são adicionados à blockchain de modo linear e cronológico. Cada nó - qualquer computador que conectado a essa rede que tem a tarefa de validar e repassar transações - obtém uma cópia da blockchain após o ingresso na rede. A blockchain possui informação completa sobre endereços e saldos diretamente do bloco gênese até o bloco mais recentemente concluído.
A blockchain é vista como a principal inovação tecnológica do bitcoin visto que é a prova de todas as transações na rede. Seu projeto original tem servido de inspiração para o surgimento de novas criptomoedas e de bancos de dados distribuídos. Compreender bem este assunto e essencial para quem atua ou estuda nesta area.",Blockchain
A tecnologia da informação (abreviado TI) é um conjunto de r,"A tecnologia da informação (abreviado TI) é um conjunto de recursos utilizados para criar, processar, armazenar, recuperar e trocar dados e informações; um processo que faz parte das tecnologias da informação e comunicação (TIC). Um sistema de tecnologia da informação (sistema de TI) é geralmente um sistema de informação, um sistema de comunicação ou, mais especificamente falando, um sistema computacional – incluindo todo o hardware, software e, equipamentos periféricos — operado por um grupo limitado de usuários de TI que faz o tratamento de dados (estatística, relatório e, decisão).
Embora os humanos estejam armazenando, recuperando, manipulando e comunicando informações desde que os primeiros sistemas de escrita foram desenvolvidos, o termo tecnologia da informação em seu sentido moderno apareceu pela primeira vez em um artigo de 1958 publicado na Harvard Business Review como information technology; os autores Harold J. Leavitt e Thomas L. Whisler comentaram que ""a nova tecnologia ainda não tem um único nome estabelecido. Vamos chamá-la de tecnologia da informação (TI)"". Sua definição consiste em três categorias: técnicas de processamento, aplicação de métodos matemático-estatísticos, tomada de decisão e, a simulação do pensamento de ordem superior por meio de programas de computador.
O termo é comumente usado como sinônimo de computadores e redes de computadores, mas também abrange outras tecnologias de distribuição de informações, como televisão e telefones. Vários produtos ou serviços dentro de uma economia estão associados à tecnologia da informação, incluindo hardware de computador, software, eletrônicos, semicondutores, internet, equipamentos de telecomunicações e comércio eletrônico.
Com base nas tecnologias de armazenamento e processamento empregadas, é possível distinguir quatro fases distintas do desenvolvimento da TI: pré-mecânica (3000 a.C.-1450 d.C.), mecânica (1450-1840), eletromecânica (1840-1940) e eletrônica (1940-presente).
A tecnologia da informação também é um ramo da ciência da computação, que pode ser definida como o estudo geral do procedimento, estrutura e processamento de vários tipos de dados. À medida que esse campo continua a evoluir em todo o mundo, a prioridade e a importância gerais também aumentaram, e é aí que começamos a ver a introdução de cursos relacionados à ciência da computação na educação K-12.",Ciberseguranca
Ferramentas CASE (do inglês Computer-Aided Software Engineer,"Ferramentas CASE (do inglês Computer-Aided Software Engineering) é uma classificação que abrange todas as ferramentas baseadas em computadores que auxiliam atividades de engenharia de software, desde análise de requisitos e modelagem até programação e testes. Podem ser consideradas como ferramentas automatizadas que tem como objetivo auxiliar o desenvolvedor de sistemas em uma ou várias etapas do ciclo de vida do desenvolvimento de um software.",Frontend
"Esta é uma lista de linguagens de programação, atuais e hist","Esta é uma lista de linguagens de programação, atuais e históricas, em ordem alfabética, que inclui também o desenvolvedor, data de criação e o paradigma de programação que é a forma de classificar as linguagens baseada em suas funcionalidades.

∑ 1194 items.",Backend
Mt. Gox foi uma corretora de,"Mt. Gox foi uma corretora de bitcoin com sede em Shibuya, Tóquio, Japão . Lançada em 2010, ela era responsável por mais de 70% de todas as transações com Bitcoin (BTC) em todo o mundo até o início de 2014, quando cessou abruptamente suas operações em meio a revelações de seu envolvimento na perda/roubo de centenas de milhares de bitcoins, então avaliados em centenas de milhões em Dólares americanos.
Em fevereiro de 2014, a Mt. Gox suspendeu as negociações em sua plataforma, tirou seu site do ar e entrou com um pedido de proteção contra falência. Em abril de 2014, a empresa iniciou um processo de liquidação. Embora 200.000 bitcoins tenham sido “encontrados” desde então, os motivos do desaparecimento – roubo, fraude, má gestão ou uma combinação destes — inicialmente não eram claros. Novas evidências apresentadas em abril de 2015 pela empresa de segurança de Tóquio WizSec os levaram a concluir que “a maioria ou todos os bitcoins perdidos foram roubados diretamente da carteira de criptomoedas da Mt. Gox ao longo do tempo, começando no final de 2011”.",Blockchain
PL/SQL (acrónimo para a expressão inglesa Procedural Languag,"PL/SQL (acrónimo para a expressão inglesa Procedural Language/Structured Query Language) é uma extensão da linguagem padrão SQL para o SGBD Oracle da Oracle Corporation. É uma linguagem procedural da Oracle que estende a linguagem SQL. Permite que a manipulação de dados seja incluída em unidades de programas. Blocos de PL/SQL são passados e processados por uma PL/SQL Engine que pode estar dentro de uma ferramenta Oracle ou do Server. A PL/SQL Engine filtra os comandos SQL e manda individualmente o comando SQL para o SQL Statement Executor no Oracle Server, que processa o PL/SQL com os dados retornados do Server. É a linguagem básica para criar programas complexos e poderosos, não só no banco de dados, mas também em diversas ferramentas Oracle. Antes de 1991 a única forma de usar construções procedurais com o SQL era usar PRO*C. Foi onde as instruções SQL do Oracle foram embutidas em código C. O código C era pré-compilado para converter as instruções SQL em chamadas de bibliotecas. Em 1991 o PL/SQL 1.0 foi lançado com o Oracle Versão 6.0. Ele era muito limitado",Dados
SQL (sigla de Structured Query Language; em português lingua,"SQL (sigla de Structured Query Language; em português linguagem de consulta estruturada) é uma linguagem de domínio específico desenvolvida para gerenciar dados relacionais em um sistema de gerenciamento de banco de dados, ou para processamento de fluxo de dados em um sistema de gerenciamento de fluxo de dados.",Dados
JADE é uma linguagem de programação orientada a objetos que ,"JADE é uma linguagem de programação orientada a objetos que exibe uma grande integração com um SGBD orientado a objetos. Ele foi criado para ser uma ferramenta de desenvolvimento fim-a-fim que permite que os sistemas sejam codificados de uma das linguagens do servidor de banco de dados para os clientes.
Como uma linguagem de programação seus principais concorrentes são o Java e o C#, enquanto banco de dados ele compete com outros bancos de dados orientados a objetos tais como o Caché e o Matisse e também com os tradicionais bancos de dados relacionais tais como Oracle e Microsoft SQL Server.
Como uma linguagem proprietária seu uso requer o pagamento de taxas. Uma versão limitada e gratuita é disponibilizada pelo fabricante. Este conceito e amplamente utilizado e fundamental para profissionais da area.",Dados
O teste do software  é a investigação do software a fim de f,"O teste do software  é a investigação do software a fim de fornecer informações sobre sua qualidade em relação ao contexto em que ele deve operar, se relaciona com o conceito de verificação e validação. Isso inclui o processo de utilizar o produto para encontrar seus defeitos.
O teste é um processo realizado pelo testador de software, que permeia outros processos da engenharia de software, e que envolve ações que vão do levantamento de requisitos até a execução do teste propriamente dito.",QA
O World Wide Web Consortium (W3C) é a principal organização ,"O World Wide Web Consortium (W3C) é a principal organização de padronização da World Wide Web. Consiste em um consórcio internacional com 450 membros, agrega empresas, órgãos governamentais e organizações independentes com a finalidade de estabelecer padrões para a criação e a interpretação de conteúdos para a Web.
Foi fundado por Tim Berners-Lee em 1994 para levar a Web ao seu potencial máximo, por meio do desenvolvimento de protocolos comuns e fóruns abertos que promovam a sua evolução e assegurem a sua interoperabilidade. Sites desenvolvidos segundo esses padrões podem ser acessados e visualizados por qualquer pessoa ou tecnologia, independente dos hardware ou software utilizados, como celulares (em Portugal, telemóveis) e PDAs, de maneira rápida e compatível com os novos padrões e tecnologias que possam surgir com a evolução da internet. Compreender bem este assunto e essencial para quem atua ou estuda nesta area.",Frontend
Engenharia de software é uma área interdisciplinar de conhec,"Engenharia de software é uma área interdisciplinar de conhecimento, que agrega ciências exatas e humanas, por exemplo, engenharia e administração. A área rege o processo produtivo de sistemas baseados em rotinas computacionais, chamado processo de software, que por sua vez inclui especificação, desenvolvimento, manutenção e criação de software. Tais atividades podem ser realizadas com a aplicação de tecnologias e práticas de gerência de projetos e outras disciplinas, visando organização, produtividade e qualidade. Atualmente, essas tecnologias e práticas englobam linguagens de programação, banco de dados, ferramentas, plataformas, bibliotecas, padrões de projeto de software, processo de software e qualidade de software.
Os fundamentos científicos para a engenharia de software envolvem o uso de modelos abstratos e precisos que permitem ao engenheiro especificar, projetar, implementar e manter sistemas de software, avaliando e garantindo suas qualidades. A área que estuda e avalia os processos de engenharia de software, propondo a evolução dos processos, ferramentas e métodos de suporte a engenharia de software é a Engenharia de Software Experimental. Compreender bem este assunto e essencial para quem atua ou estuda nesta area.",Backend
O CMMI (Capability Maturity Model Integration ou Modelo Inte,"O CMMI (Capability Maturity Model Integration ou Modelo Integrado de Maturidade em Capacitação) é um modelo de referência que contém práticas (Genéricas ou Específicas) necessárias à maturidade em disciplinas específicas (Systems Engineering (SE - Engenharia de Sistemas), Software Engineering (SW - Engenharia de Software), Integrated Product and Process Development (IPPD - Desenvolvimento Integrado de Processo e Produto), Supplier Sourcing (SS - Seleção de Fornecedores)). O modelo é gerenciado pelo Instituto CMMI, uma organização da ISACA. Desenvolvido pelo SEI (Software Engineering Institute) da Universidade Carnegie Mellon, o CMMI é uma evolução do CMM e procura estabelecer um modelo único para o processo de melhoria corporativo, integrando diferentes modelos e disciplinas. O CMMI é um conjunto comprovado de práticas globais recomendadas que impulsiona o desempenho dos negócios por meio da criação e do benchmarking(avaliação comparativa) de recursos-chave serna.
O CMMI foi baseado nas melhores práticas para desenvolvimento e manutenção de produtos. Há uma ênfase tanto em engenharia de sistemas quanto em engenharia de software, e há uma integração necessária para o desenvolvimento e a manutenção. Ele está dividido em 5 níveis de maturidade que atestam, o grau de evolução em que uma organização se encontra. Além disso, tem por objetivo principal funcionar como um guia para a melhoria dos processos da organização, considerando para isto atividades como o gerenciamento do desenvolvimento de software, prazos e custos previamente estabelecidos. O objetivo maior, considerando o CMMI e seus diferentes conceitos, está justamente na produção de software com maior qualidade e menos propenso a erros.
A versão do CMMI (versão 1.3) foi publicada em 27 de outubro de 2010 e apresenta três modelos:

CMMI for Development (CMMI-DEV), voltado ao processo de desenvolvimento de produtos e serviços.
CMMI for Acquisition (CMMI-ACQ), voltado aos processos de aquisição e terceirização de bens e serviços.
CMMI for Services (CMMI-SVC), voltado aos processos de empresas prestadoras de serviços.
Uma das premissas do modelo é ""A qualidade é influenciada pelo processo"", e seu foco é ""Melhorar processo de uma empresa"".
A versão atual do modelo é o CMMI V2.0, liberado em Março de 2018.
O objetivo final do CMMI é integrar processos para melhorar produtos.",QA
O termo Qualidade possui diferentes definições na literatura,"O termo Qualidade possui diferentes definições na literatura. O glossário do IEEE define qualidade como “Grau de conformidade de um sistema, componente ou processo com os respectivos requisitos”, ou, alternativamente, como “Grau de conformidade de um sistema, componente ou processo com as necessidades e expectativas de clientes ou usuários”. Ambas as definições refletem aspectos importantes da qualidade; diversos autores apresentam outras definições, que geralmente giram em torno dos temas de conformidade com os requisitos e atendimento das expectativas. Naturalmente, pode haver diferenças entre as aplicações dessas definições se os requisitos explícitos não refletirem corretamente as necessidades reais. Como salienta, a qualidade é definida",QA
"A análise de dados é um processo de inspeção, limpeza, trans","A análise de dados é um processo de inspeção, limpeza, transformação e modelagem de dados com o objetivo de descobrir informações úteis, informar conclusões e apoiar a tomada de decisões. A análise de dados tem múltiplas facetas e abordagens, abrangendo diversas técnicas sob uma variedade de nomes, e é usada em diferentes domínios dos negócios, ciências e ciências sociais. No mundo dos negócios de hoje, a análise de dados desempenha um papel tornando a tomada de decisões mais científicas e ajudando as empresas a operar com mais eficácia. A mineração de dados é uma técnica de análise de dados específica que se concentra na modelagem estatística e na descoberta de conhecimento para fins preditivos em vez de puramente descritivos, enquanto a inteligência de negócios cobre análises de dados que dependem",Dados
"Um modo escuro, tema escuro ou modo noturno, é um esquema de","Um modo escuro, tema escuro ou modo noturno, é um esquema de cores que utiliza texto, ícones e elementos gráficos da interface do usuário em cores claras sobre um fundo escuro. É frequentemente discutido em termos de design de interface do usuário e web design. Muitos sites e sistemas operacionais modernos oferecem ao usuário um modo de exibição escuro opcional.
Alguns usuários acham que as telas do modo escuro são visualmente mais atraentes e afirmam que podem reduzir o cansaço visual. Exibir o branco com brilho máximo usa cerca de seis vezes mais energia do que o preto puro em um Google Pixel 2016, que tem uma tela OLED. No entanto, as telas de LED convencionais podem não se beneficiar do consumo de energia reduzido; mas se uma tela de LED tiver os recursos de escurecimento parcial, ela ainda se beneficiará do consumo de energia reduzido. A maioria dos sistemas operacionais modernos oferece suporte a um modo escuro opcional.",UX/UI
Windows Server 2003 é um sistema operacional da Microsoft pa,"Windows Server 2003 é um sistema operacional da Microsoft para servidores desenvolvido como sucessor do Windows 2000 Server. É também conhecido como Windows NT 5.2, e para um observador casual aparenta como um Windows XP modificado.
 No seu núcleo está uma versão do Windows XP com algumas funções desligadas para permitir um funcionamento mais estável do sistema. Tal como o Windows 2000, este apresenta o Active Directory como principal ferramenta para a administração de domínios. O Windows Server 2003 foi lançado em 24 de abril de 2003.
O Windows Server 2003 da Microsoft trouxe novas melhorias aos serviços de rede e ao Active Directory, que agora implementa mais funcionalidades em relação ao Windows 2000 Server.
Uma versão atualizada, o Windows Server 2003 R2, foi lançada para fabricação em 6 de dezembro de 2005. Seu sucessor, o Windows Server 2008, foi lançado em 4 de fevereiro de 2008. O kernel do Windows Server 2003 foi posteriormente adotado no desenvolvimento do Windows Vista.",Cloud/Infra
Modelar significa criar um modelo que explique as caracterís,"Modelar significa criar um modelo que explique as características de funcionamento e comportamento de um software a partir do qual ele será criado, facilitando seu entendimento e seu projeto, através das características principais que evitarão erros de programação, projeto e funcionamento. É uma parte importante do desenho de um sistema de informação. Os modelos de dados são ferramentas que permitem demonstrar como serão construídas as estruturas de dados que darão suporte aos processos de negócio, como esses dados estarão organizados e quais os relacionamentos que pretendemos estabelecer entre eles. A abordagem que se dispensa ao assunto normalmente atende a três perspectivas: Modelagem Conceitual: é usada como",Dados
"bc, de basic calculator (calculadora básica), é ""uma linguag","bc, de basic calculator (calculadora básica), é ""uma linguagem de calculadora de precisão arbitrária"" com uma sintaxe semelhante à linguagem de programação C. bc é tipicamente usada tanto como uma linguagem matemática de script como um shell matemático interativo.
bc é muitas vezes referenciado como calculadora banco.
Uma utilização interativa típica é digitar o comando bc em um prompt de comando do Unix e inserir uma expressão matemática, como: (1 + 3) * 2, em que 8 será a saída. Uma vez que bc pode trabalhar com precisão arbitrária, ele efetivamente omite os dígitos zero após o ponto decimal - portanto, a expressão 2/3 produz 0. Isso pode surpreender novos usuários da bc que desconhecem este fato. A opção ""-l"" para o bc define a escala padrão (dígitos depois do ponto decimal) para 20 e adiciona várias funções matemáticas adicionais para o idioma.
bc apareceu pela primeira vez na versão 6 Unix em 1975, e foi escrito por Robert Morris e Lorinda_Cherry(en) do Bell Labs. Bc foi precedida por dc, uma calculadora de precisão arbitrária anteriormente escrita pelos mesmos autores. dc poderia fazer cálculos de precisão arbitrária, mas sua sintaxe reversa notação polonês era inconveniente para os usuários e, portanto, Bc foi escrito como um front-end para Dc. Bc foi um compilador muito simples (um único arquivo fonte yacc com algumas centenas de linhas) que converteu o novo C-like, sintaxe bc em notação polonês inversa da DC, e os resultados canalizada através dc.
Em 1991, POSIX rigorosamente definida e bc padronizado. Duas implementações deste padrão sobrevivem até hoje: O primeiro é a implementação tradicional Unix, um front-end para dc, que sobrevive em Unix e Plano 9 sistemas. O segundo é o software livre GNU bc, lançado pela primeira vez em 1991 por Philip A. Nelson. A implementação GNU tem inúmeras extensões além do padrão POSIX, e não é mais um front-end para a DC (que é um interpretador de bytecode). Compreender bem este assunto e essencial para quem atua ou estuda nesta area.",Frontend
Bitcoin (símbolo: ₿; abreviado ISO 4217:,"Bitcoin (símbolo: ₿; abreviado ISO 4217: BTC ou XBT) é uma criptomoeda descentralizada e de código aberto, um dinheiro eletrônico para transações financeiras ponto a ponto (sem intermediários)
As transações financeiras sem intermediários são verificadas por todos usuários (ou nós) da rede, sendo gravadas em um tipo de banco de dados distribuídos chamado blockchain,  uma estrutura sem uma entidade administradora central, o que torna inviável qualquer autoridade financeira ou governamental manipular a emissão e o valor da criptomoeda ou induzir a inflação com a produção de mais dinheiro. No entanto, grandes movimentos especulativos de oferta e demanda influenciam na oscilação de seu valor no mercado de câmbio, sendo definido livremente durante as 24 horas do dia.
No âmbito financeiro e contabilístico internacional, semelhante ao ouro, o Bitcoin pode ser enquadrado em alguns termos: ativo especulativo (bem material), dinheiro commodity (mercadoria) e unidade de conta (bem de troca) - por ser empregado como meio de troca e por possuir uma escassez relativa além de cotação própria - que agregada à abreviatura XBT enquadrar-se na ISO 4217, código que representa moedas correntes. Este conceito e amplamente utilizado e fundamental para profissionais da area.",Blockchain
Programação por contrato do inglês Design by contract (DbC) ,"Programação por contrato do inglês Design by contract (DbC) é um abordagem de desenvolvimento de software que prescreve que os desenvolvedores devem definir métodos formais, especificações de interface precisas e verificáveis dos componentes de desenvolvimento de software, que acarreta na definição de Tipo Abstrato de Dados com pre-condições, pos-condições",QA
A computação é qualquer atividade orientada a objetivos que ,"A computação é qualquer atividade orientada a objetivos que exija, se beneficie ou crie máquinas de computação. Ela inclui o estudo e a experimentação de processos algorítmicos e o desenvolvimento de hardware e software. A computação tem aspectos científicos, de engenharia, matemáticos, tecnológicos e sociais. Pode ser definida como a busca de solução para um problema a partir de entradas (inputs), de forma a obter resultados (outputs) depois de processada a informação através de um algoritmo. É com isto que lida a teoria da computação, subcampo da ciência da computação e da matemática. Disciplinas de computação incluem engenharia da computação, ciência da computação, segurança cibernética, ciência de dados, sistemas de informação, tecnologia da informação, arte digital e engenharia de software.
O termo computação também é sinônimo de contagem e cálculo. Antigamente, era usado em referência à ação executada por máquinas de computação mecânica e, antes disso, por computadores humanos.",DevOps
A Cloud Native Computing Foundation (CNCF) é um projeto da L,"A Cloud Native Computing Foundation (CNCF) é um projeto da Linux Foundation fundado em 2015 para avançar o desenvolvimento e adoção de tecnologias de containers. A CNCF foi anunciada junto da versão 1.0 do Kubernetes, um gerenciador de clusters de containers de código aberto, que foi contribuído para a Linux Foundation pelo Google. Os membros fundadores da CNCF incluem Google, CoreOS, Mesosphere, Red Hat, Twitter, Huawei, Intel, RX-M, Cisco, IBM, Docker, Univa e VMware. Hoje, o CNCF é apoiado por mais de 450 membros. Dan Kohn liderou a CNCF como diretor executivo até maio de 2020. A fundação anunciou que Priyanka Sharma,",DevOps
"Em informática, um servidor é um software ou computador, com","Em informática, um servidor é um software ou computador, com sistema de computação centralizada que fornece serviços a uma rede de computadores, chamada de cliente.
Esses serviços podem ser de naturezas distintas, como por exemplo, arquivos e correio eletrônico.
Esta arquitetura é chamada de modelo cliente-servidor, é utilizada em redes de médio e grande porte (com muitas máquinas) e em redes onde a questão da segurança desempenha um papel de grande importância. O termo servidor é amplamente aplicado a computadores completos, embora um servidor possa equivaler a um software ou a partes de um sistema computacional, ou até mesmo a uma máquina que não seja necessariamente um computador.
Os servidores podem fornecer várias funcionalidades, muitas vezes chamado de ""serviços"", tais como a partilha de dados ou de recursos do sistema entre vários clientes, ou computação desempenho para um cliente. Um único servidor pode servir vários clientes, e um único cliente pode usar vários servidores. Um processo cliente pode ser executado no mesmo dispositivo ou pode se conectar através de uma rede para um servidor em um dispositivo diferente.",Cloud/Infra
A prova de queima (em inglês: proof-of-burn) é um método de ,"A prova de queima (em inglês: proof-of-burn) é um método de consenso distribuído e uma alternativa à prova de trabalho (em inglês: proof-of-work) e à prova de participação (em inglês: proof-of-stake). Este método também pode ser usado para formar uma nova criptomoeda a partir de outras. O método consiste em mineradores que devem mostrar uma prova de que eles queimaram moedas - ou seja,",Blockchain
"MEAN (MongoDB, Express","MEAN (MongoDB, Express.js, AngularJS (ou Angular), e Node.js) é um conjunto de soluções JavaScript de software livre e código aberto para a construção de páginas web dinâmicas e aplicações web. Como todos os componentes do conjunto são em Javascript, as aplicações feitas com MEAN podem ser escritas usando a mesma linguagem tanto no back-end(lado do servidor) como no front-end(lado do cliente). Embora seja frequentemente comparado com outros conjuntos de solução para desenvolvimento web, como o LAMP (Linux, Apache, MariaDB/MySQL e PHP), os componentes",Frontend
"O RUP, Rational Unified Process (ou Processo Unificado da Ra","O RUP, Rational Unified Process (ou Processo Unificado da Rational), é um processo proprietário de Engenharia de software criado pela Rational Software Corporation, adquirida pela IBM, ganhando um novo nome IRUP que agora é uma abreviação de IBM Rational Unified Process e tornando-se uma brand na área de Software, fornecendo técnicas a serem seguidas pelos membros da equipe de desenvolvimento de software com o objetivo de aumentar a sua produtividade no processo de desenvolvimento. O RUP usa a abordagem da orientação a objetos em sua concepção e é projetado e documentado utilizando a notação UML (Unified Modeling Language) para ilustrar os processos em ação. Utiliza técnicas e práticas aprovadas comercialmente. Ainda assim, existem dúvidas a respeito de como a determinação clara de objetivos não pode mais se dissociar dos índices pretendidos. Do mesmo modo,",QA
Java Media Framework ou JMF é um conjunto de extensões da Ja,"Java Media Framework ou JMF é um conjunto de extensões da Java API que habilita a utilização de áudio, vídeo e outros tipos de mídia em",Ciberseguranca
"Em engenharia de software, acoplamento ou dependência é o gr","Em engenharia de software, acoplamento ou dependência é o grau de interdependência entre módulos de software; uma medida de quão intimamente ligadas estão duas rotinas ou módulos; a força das relações entre módulos.
O acoplamento é geralmente contrastado com coesão. O baixo acoplamento geralmente se correlaciona com alta coesão e vice-versa. O baixo acoplamento é frequentemente um sinal de um sistema de computador bem estruturado e de um bom design, e quando combinado com alta coesão, suporta os objetivos gerais de alta legibilidade e facilidade de manutenção. Este conceito e amplamente utilizado e fundamental para profissionais da area.",Backend
"Microsoft Mobile, Oyj foi uma fabricante multinacional de di","Microsoft Mobile, Oyj foi uma fabricante multinacional de dispositivos móveis sediada em Espoo, Finlândia e uma subsidiária da Microsoft. Sua principal atividade era o desenho, desenvolvimento, fabricação e distribuição de telefones celulares, smartphones e tablets e seus respectivos acessórios, custando 1 milhão e meio para sua fabricação. A Microsoft Mobile foi criada seguida da aquisição da divisão de dispositivos e serviços da Nokia pela Microsoft, que foi completada em abril de 2014. A Microsoft Mobile tem o direito de vender celulares com a marca Nokia como parte do",Mobile
A computação é qualquer atividade orientada a objetivos que ,"A computação é qualquer atividade orientada a objetivos que exija, se beneficie ou crie máquinas de computação. Ela inclui o estudo e a experimentação de processos algorítmicos e o desenvolvimento de hardware e software. A computação tem aspectos científicos, de engenharia, matemáticos, tecnológicos e sociais. Pode ser definida como a busca de solução para um problema a partir de entradas (inputs), de forma a obter resultados (outputs) depois de processada a informação através de um algoritmo. É com isto que lida a teoria da computação, subcampo da ciência da computação e da matemática. Disciplinas de computação incluem engenharia da computação, ciência da computação, segurança cibernética, ciência de dados, sistemas de informação, tecnologia da informação, arte digital e engenharia de software.
O termo computação também é sinônimo de contagem e cálculo. Antigamente, era usado em referência à ação executada por máquinas de computação mecânica e, antes disso, por computadores humanos. Este tema continua relevante e se mantem como base para estudos avancados.",Dados
Windows Server 2003 é um sistema operacional da Microsoft pa,"Windows Server 2003 é um sistema operacional da Microsoft para servidores desenvolvido como sucessor do Windows 2000 Server. É também conhecido como Windows NT 5.2, e para um observador casual aparenta como um Windows XP modificado. No seu núcleo está uma versão do Windows XP com algumas funções desligadas para permitir um funcionamento mais estável do sistema. Tal como o Windows 2000, este apresenta o Active Directory como principal ferramenta para a administração de domínios. O Windows Server 2003 foi",Cloud/Infra
Mt. Gox foi uma corretora de,"Mt. Gox foi uma corretora de bitcoin com sede em Shibuya, Tóquio, Japão . Lançada em 2010, ela era responsável por mais de 70% de todas as transações com Bitcoin (BTC) em todo o mundo até o início de 2014, quando cessou abruptamente suas operações em meio a revelações de seu envolvimento na perda/roubo de centenas de milhares de bitcoins, então avaliados em centenas de milhões em Dólares americanos. Em fevereiro de 2014, a Mt. Gox suspendeu as negociações em sua plataforma, tirou seu site do ar e entrou",Blockchain
O World Wide Web Consortium (W3C) é a principal organização ,"O World Wide Web Consortium (W3C) é a principal organização de padronização da World Wide Web. Consiste em um consórcio internacional com 450 membros, agrega empresas, órgãos governamentais e organizações independentes com a finalidade de estabelecer padrões para a criação e a interpretação de conteúdos para a Web.
Foi fundado por Tim Berners-Lee em 1994 para levar a Web ao seu potencial máximo, por meio do desenvolvimento de protocolos comuns e fóruns abertos que promovam a sua evolução e assegurem a sua interoperabilidade. Sites desenvolvidos segundo esses padrões podem ser acessados e visualizados por qualquer pessoa ou tecnologia, independente dos hardware ou software utilizados, como celulares (em Portugal, telemóveis) e PDAs, de maneira rápida e compatível com os novos padrões e tecnologias que possam surgir com a evolução da internet.",Frontend
Um contrato inteligente (em inglês: smart contract) é um pro,"Um contrato inteligente (em inglês: smart contract) é um protocolo de computador autoexecutável criado com a popularização das criptomoedas e feito para facilitar e reforçar a negociação ou desempenho de um contrato, proporcionando confiabilidade em transações online. Com objetivo principal de permitir que pessoas desconhecidas façam negócios de confiança entre si, pela internet sem a necessidade de intermédio de uma autoridade central. 
Para que seja considerado um contrato inteligente, a transação deve envolver mais do que uma simples transferência de moeda virtual entre duas pessoas (como uma transferência de pagamento, por exemplo), deve envolver duas ou mais partes (como todo contrato), e a implementação do contrato não deve requerer envolvimento humano direto a partir do momento este é firmado. Em vez de escritos num papel em linguagem jurídica, são implementados com linguagem de programação e executados em um computador. Neste protocolo, são definidas regras e consequências estritas, do mesmo modo que um documento jurídico, declarando as obrigações, os benefícios e as penalidades dos envolvidos. Além disso, diferentemente de um contrato tradicional, um contrato inteligente é capaz de obter informações, processá-las e tomar as devidas ações previstas de acordo com as regras do contrato.
A maioria dos negócios necessita de algum elemento de confiança, como por exemplo, ao fazer uma compra online, o cliente confia que o estabelecimento irá enviar o produto após efetuar o pagamento. Por sua vez, o dono do estabelecimento confia que, após o envio do produto, o crédito do cliente que foi usado para comprar o produto não será revertido, para que o cliente não leve o produto de graça. Esse tipo de cenário acontece rotineiramente, e vem sido resolvido, até agora, fazendo a transação por meio de grandes instituições nas quais as duas partes envolvidas confiam. Por exemplo, mesmo a internet permitindo que pessoas comprem e vendam produtos entre si, a maioria do comércio pessoa a pessoa no ocidente acontece por meio de um único website gigante chamado eBay (no Brasil, o Mercado Livre), devido ao problema da confiança. Além desses intermediários gigantes cobrarem taxas significativas pelo serviço de mediação, eles ainda têm o controle sobre o que é comercializado e como esse comércio pode se dar, limitando a liberdade de mercado das pessoas. Por isso, ao resolver o problema da confiança sem a necessidade de um intermediário, os contratos inteligentes podem reduzir os custos de transação e os preços para o consumidor, além de aumentar a liberdade para que os negócios sejam geridos da maneira que as pessoas envolvidas no processo quiserem. Este tema continua relevante e se mantem como base para estudos avancados.",Blockchain
O netfilter é um módulo que fornece ao sistema operacional L,"O netfilter é um módulo que fornece ao sistema operacional Linux as funções de firewall, NAT e log dos dados que trafegam por rede de computadores. 
iptables é o nome da ferramenta do espaço do usuário que permite a criação de regras de firewall e NATs. Apesar de, tecnicamente, o iptables ser apenas uma ferramenta que controla o módulo netfilter, o nome ""iptables"" é frequentemente utilizado como referência ao conjunto completo de funcionalidades do netfilter. O iptables é parte de todas as distribuições modernas do Linux. Dominar este conhecimento diferencia profissionais em qualquer segmento do mercado.",Ciberseguranca
"Este artigo foi inicialmente traduzido, total ou parcialment","Este artigo foi inicialmente traduzido, total ou parcialmente, do artigo da Wikipédia em inglês cujo título é «Behavior Driven Development». Behavior Driven Development (BDD ou ainda uma tradução Desenvolvimento Guiado por Comportamento) é uma técnica de desenvolvimento Ágil que encoraja colaboração entre desenvolvedores, setores de qualidade e pessoas não-técnicas ou de negócios num projeto de software, relaciona-se com o conceito de verificação e validação. Foi originalmente concebido em 2003, por Dan North como uma resposta à Test Driven Development (Desenvolvimento Guiado por Testes), e tem se expandido bastante nos últimos anos. Os focos do BDD são a linguagem e as interações usadas no processo de desenvolvimento de software. Desenvolvedores usam sua língua nativa em combinação com a linguagem ubíqua (ubiquitous language),",QA
A computação nativa em nuvem é uma abordagem no desenvolvime,"A computação nativa em nuvem é uma abordagem no desenvolvimento de software que utiliza a computação em nuvem para ""criar e executar aplicações escaláveis em ambientes modernos e dinâmicos, como nuvens públicas, privadas e híbridas "". Essas tecnologias, como contêineres, microsserviços, computação sem servidor, processadores nativos para nuvem e infraestrutura imutável, implantadas por meio de código declarativo, são elementos comuns nesse estilo de arquitetura. As tecnologias nativas em nuvem se concentram em minimizar a carga operacional dos usuários. Essas técnicas permitem sistemas com baixo acoplamento, que são resilientes, gerenciáveis e observáveis. Combinados com uma alta automação, eles permitem que os engenheiros façam alterações de",Cloud/Infra
"Esta é uma lista de linguagens de programação, atuais e hist","Esta é uma lista de linguagens de programação, atuais e históricas, em ordem alfabética, que inclui também o desenvolvedor, data de",Frontend
A computação é qualquer atividade orientada a objetivos que ,"A computação é qualquer atividade orientada a objetivos que exija, se beneficie ou crie máquinas de computação. Ela inclui o estudo e a experimentação de processos algorítmicos e o desenvolvimento de hardware e software. A computação tem aspectos científicos, de engenharia, matemáticos, tecnológicos e sociais. Pode ser definida como a busca de solução para um problema a partir de entradas (inputs), de forma a obter resultados (outputs) depois de processada a informação através de um algoritmo. É com isto que lida a teoria da computação, subcampo da ciência da computação e da matemática. Disciplinas de computação incluem engenharia da computação, ciência da computação, segurança cibernética, ciência de dados, sistemas de informação, tecnologia da informação, arte digital e engenharia de software.
O termo computação também é sinônimo de contagem e cálculo. Antigamente, era usado em referência à ação executada por máquinas de computação mecânica e, antes disso, por computadores humanos. Este tema continua relevante e se mantem como base para estudos avancados.",Backend
"O JUnit é um framework open-source, que se assemelha ao raio","O JUnit é um framework open-source, que se assemelha ao raio de testes software java, criado por Erich Gamma e Kent Beck, com suporte à criação de testes automatizados na linguagem de programação Java.
Esse framework facilita a criação e manutenção do código para a automação de testes com apresentação dos resultados. Com ele, pode ser verificado se cada método de uma classe funciona da forma esperada, exibindo possíveis erros ou falhas podendo ser utilizado tanto para a execução de
baterias de testes como para extensão.
Com JUnit, o programador tem a possibilidade de usar esta ferramenta para criar um modelo padrão de testes, muitas vezes de forma automatizada.
O teste de unidade testa o menor dos componentes de um sistema de maneira isolada. Cada uma dessas unidades define um conjunto de estímulos (chamada de métodos), e de dados de entrada e saída associados a cada estímulo. As entradas são parâmetros e as saídas são o valor de retorno, exceções ou o estado do objeto.
Tipicamente um teste unitário executa um método individualmente e compara uma saída conhecida após o processamento da mesma. Por exemplo:

Assert.assertEquals(2, algumMetodo(1));

A expressão acima verifica se a saída de algumMetodo() é 2 quando esse método recebe o parâmetro 1. Normalmente o desenvolvedor já realiza testes semelhantes a esse pequeno exemplo, o que é chamado de testes unitários em linha. Assim sendo, o conceito chave de um teste de unidade é exercitar um código e qual o resultado esperado.
O JUnit permite a realização de testes de unidades, conhecidos como ""caixa branca"", facilitando assim a correção de métodos e objetos.
Algumas vantagens de se utilizar JUnit:

Permite a criação rápida de código de teste enquanto possibilita um aumento na qualidade do sistema sendo desenvolvido e testado;
Não é necessário escrever o próprio framework;
Amplamente utilizado pelos desenvolvedores da comunidade código-aberto, possuindo um grande número de exemplos;
Uma vez escritos, os testes são executados rapidamente sem que, para isso, seja interrompido o processo de desenvolvimento;
JUnit checa os resultados dos testes e fornece uma resposta imediata;
Pode-se criar uma hierarquia de testes que permitirá testar apenas uma parte do sistema ou todo ele;
Escrever testes com JUnit permite que o programador perca menos tempo depurando seu código;
JUnit é LIVRE.
A experiência adquirida com o JUnit tem sido importante na consolidação do Test Driven Development (desenvolvimento direcionado a testes). Além disso, ele foi adaptado a outras linguagens, tais como C♯ (NUnit), Python, Fortran, e C++. Este tema continua relevante e se mantem como base para estudos avancados.",QA
O teste do software  é a investigação do software a fim de f,"O teste do software é a investigação do software a fim de fornecer informações sobre sua qualidade em relação ao contexto em que ele deve operar, se relaciona com o conceito de verificação e validação. Isso inclui o processo de utilizar",QA
O mercado de criptomoedas no Brasil está em análise para a s,"O mercado de criptomoedas no Brasil está em análise para a ser mais fiscalizado. A Receita Federal planeja a primeira medida para regulamentar as moedas virtuais no país, em um esforço para cobrar impostos de quem negocia criptomoedas como o Bitcoin e fazendo as corretoras (exchanges) a prestar informações sobre todas as transações de compra e venda, assim tentando conter o uso da tecnologia para lavagem de dinheiro. Já ocorreram fraudes financeiras vultosas no país, envolvendo criptomoedas falsas como a Kriptacoin (um esquema em pirâmide que lesou investidores em aproximadamente 250 milhões de reais em 2017).
A Receita Federal estima que já existam mais brasileiros movimentando criptomoedas do que investindo na bolsa, por exemplo, na B3, são 800 mil investidores cadastrados. Além disso, o mercado de Bitcoins movimentou mais de R$ 8 bilhões no país apenas no ano passado. O Fisco vê a medida como uma maneira de cobrar impostos de quem trabalha com criptomoedas.
Desde 2019, a Receita Federal exige a prestação de informações sobre operações com criptomoedas por meio da Instrução Normativa RFB nº 1.888/2019, que obriga as exchanges a reportar ao Fisco todas as transações acima de R$ 30,00. Para o ano-calendário 2025, contribuintes com criptoativos cujo valor de aquisição supere R$ 5.000,00 são obrigados a declará-los na ficha de Bens e Direitos (Grupo 08) do programa IRPF.
Dentre as criptomoedas criadas no Brasil cita-se: Blood Donation Coin, MartexCoin, CriptoReal, Lunes, ZCore, Niobio Cash, Nelore Coin, JEDALs.
Toda esta adesão fez o mercado cripto/blockchain crescer no país e, de acordo com uma pesquisa realizada pela Global Digital Report, o Brasil foi classificado com o quinto país do mundo com maior quantidade de usuários de Bitcoin e outras criptomoedas. Segundo os dados levantados, cerca de 8,1% dos brasileiros entre 16 e 64 anos possui alguma criptomoeda, colocando a nação à frente dos Estados Unidos, Japão, China e também acima da média mundial que está em torno de 5,5%. Este tema continua relevante e se mantem como base para estudos avancados.",Blockchain
Lavabit é um serviço de e-mail criptografado de código abert,Lavabit é um serviço de e-mail criptografado de código aberto fundado em 2004. Acredita-se que tenha sido usado pelo ex-consultor da inteligência americana Edward Snowden para trocar mensagens enquanto estava refugiado no Aeroporto de Moscou. Em 8 de agosto de 2013 o serviço de correio eletrônico suspendeu suas operações após o governo federal dos Estados Unidos ordenar que o Lavabit entregasse,Ciberseguranca
A segurança da informação (SI) está diretamente relacionada ,"A segurança da informação (SI) está diretamente relacionada com proteção de um conjunto de informações, no sentido de preservar o valor que possuem para um indivíduo ou uma organização. São propriedades básicas da segurança da informação: confidencialidade, integridade, disponibilidade, autenticidade e legalidade. A SI não está restrita somente a sistemas computacionais, informações eletrônicas ou sistemas de armazenamento. O conceito aplica-se a todos os aspectos de proteção de",Ciberseguranca
O Modelo em Cascata (do inglês: Waterfall Model) é um modelo,"O Modelo em Cascata (do inglês: Waterfall Model) é um modelo de desenvolvimento de software sequencial no qual o processo é visto como um fluir constante para frente (como uma cascata) através das fases de análise de requisitos, projeto, implementação, testes (validação), integração, e manutenção de software. A origem do termo cascata é frequentemente citado como sendo um artigo publicado em 1970 por W. W. Royce; ironicamente, Royce defendia um abordagem iterativa para o desenvolvimento de software e nem mesmo usou o termo cascata. Royce originalmente descreve o que é hoje conhecido como o modelo em cascata como um exemplo de um método que ele argumentava ser um risco e um convite para falhas. O modelo em cascata apresenta uma grande vantagem quando o escopo do trabalho é claramente definido, como licitações e serviços específicos para órgãos públicos, neste cenário o modelo em cascata leva vantagem. Entretanto percebe-se a fragilidade do modelo nos dias de hoje em virtude da pouca ou quase nenhuma flexibilidade do modelo, daí então surgem os modelos lineares e iterativos. Compreender bem este assunto e essencial para quem atua ou estuda nesta area.",QA
O termo Internet obscura ou rede maligna refere-se a servido,"O termo Internet obscura ou rede maligna refere-se a servidores de rede disponíveis na Internet, acessíveis somente através de ferramentas, configurações ou autorizações específicas que dão um elevado nível de anonimato tanto a quem publica os conteúdos como a quem os consulta. A dark web forma uma parte pequena da Deep web, a parte da rede que não está indexada pelas ferramentas de busca, apesar de algumas vezes o termo Deep web ser usado de maneira equívoca para se referir especificamente à dark web. A internet obscura não deve ser confundida com a Deep web, nem com as redes de compartilhamento de arquivos chamadas de Darknet. Ao passo que Deep web e",Backend
A ciência de dados (em inglês:  data science) é uma área int,"A ciência de dados (em inglês:  data science) é uma área interdisciplinar (abrange ""big data"" e ""mineração de dados""), que localiza-se em uma interface entre a estatística e a ciência da computação e utiliza o método científico; processos, algoritmos e sistemas, para extrair conhecimento e tomar decisões a partir de dados dos diversos tipos, sendo eles ruidosos, nebulosos, estruturados ou não-estruturados. Sendo assim uma área voltada para o estudo e a análise organizada de dados científicos e mercadológicos, financeiros, sociais, geográficos, históricos, biológicos, psicológicos, dentre muitos outros. Visa, desse modo, a extração de conhecimento, detecção de padrões e/ou obtenção de insights para possíveis tomadas de decisão. Ciência de dados enquanto campo existe há 30 anos, porém ganhou mais destaque nos últimos anos devido a alguns fatores como o surgimento e a popularização de grandes bancos de dados e o desenvolvimento de áreas como machine learning. Cientistas de Dados podem trabalhar no setor privado, por exemplo, transformando grandes quantidades de dados brutos em insights de negócios, auxiliando empresas em tomadas de decisões para atingir melhores resultados ou na academia e terceiro setor como pesquisadores quantitativos interdisciplinares.
Há uma forte relação da área da ciência de dados com a IA (Inteligência Artificial), uma vez que o principal profissional que lida com o desenvolvimento, manutenção e fiscalização de inteligências artificiais e machine learning é o cientistas de dados.",Dados
Qt (oficialmente pronunciado como a palavra inglesa cute ) é,"Qt (oficialmente pronunciado como a palavra inglesa cute ) é um framework multiplataforma para desenvolvimento de interfaces gráficas em C++ criado pela empresa norueguesa Trolltech. Com ele é possível desenvolver aplicativos e bibliotecas uma única vez e compilá-los para diversas plataformas sem que seja necessário alterar o código fonte. Qt é utilizado largamente no ambiente desktop KDE e na antiga plataforma para dispositivos móveis da Nokia, Maemo (também livre), além do BlackBerry 10 e diversos softwares conhecidos e outros internos por grandes empresas não só da área de tecnologia como Google, HP e Adobe, mas também dos mais variados setores como Disney, DreamWorks SKG, Lucasfilm, Siemens, Volvo, NASA, ESA, Philips, Samsung e Panasonic. Qt é mantido pelo Qt Project, uma iniciativa de software livre envolvendo desenvolvedores individuais e provenientes de",Backend
"Em informática, um servidor é um software ou computador, com","Em informática, um servidor é um software ou computador, com sistema de computação centralizada que fornece serviços a uma rede de computadores, chamada de cliente.
Esses serviços podem ser de naturezas distintas, como por exemplo, arquivos e correio eletrônico.
Esta arquitetura é chamada de modelo cliente-servidor, é utilizada em redes de médio e grande porte (com muitas máquinas) e em redes onde a questão da segurança desempenha um papel de grande importância. O termo servidor é amplamente aplicado a computadores completos, embora um servidor possa equivaler a um software ou a partes de um sistema computacional, ou até mesmo a uma máquina que não seja necessariamente um computador.
Os servidores podem fornecer várias funcionalidades, muitas vezes chamado de ""serviços"", tais como a partilha de dados ou de recursos do sistema entre vários clientes, ou computação desempenho para um cliente. Um único servidor pode servir vários clientes, e um único cliente pode usar vários servidores. Um processo cliente pode ser executado no mesmo dispositivo ou pode se conectar através de uma rede para um servidor em um dispositivo diferente.",Backend
Informação é um conhecimento inscrito (gravado) sob a forma ,"Informação é um conhecimento inscrito (gravado) sob a forma escrita (impressa ou numérica), oral ou audiovisual. É resultante do processamento, manipulação e organização de dados, de tal forma que represente uma modificação (quantitativa ou qualitativa) no conhecimento do sistema (humano, animal ou máquina) que a recebe.
Le Coadic, pesquisador da área da Ciência da Informação, destaca que o valor da informação varia conforme o indivíduo, as necessidades e o contexto em que é produzida e compartilhada. Uma informação pode ser altamente relevante para um indivíduo e a mesma informação pode não ter significado algum para outro indivíduo.
Informação enquanto conceito carrega uma diversidade de significados, do uso habitual ao uso técnico. Genericamente, o conceito de informação está intimamente ligado às noções de restrição, comunicação, controle, dados, forma, instrução, conhecimento, significado, estímulo, padrão, percepção e representação de conhecimento.
É comum nos dias de hoje ouvir-se falar sobre a Era da Informação, o advento da ""Era do Conhecimento"" ou sociedade do conhecimento. Como a sociedade da informação, a tecnologia da informação, a ciência da informação e a ciência da computação em informática são assuntos e ciências recorrentes na atualidade, a palavra ""informação"" é frequentemente utilizada sem muita consideração pelos vários significados que adquiriu ao longo do tempo, tornando-se portanto, no principal recurso da sociedade no século XXI.
As novas tecnologias, os novos mercados, as novas mídias, os novos consumidores desta Era da Informação e do conhecimento, conseguiram transformar o mundo em uma grande sociedade, globalizada e globalizante.",Ciberseguranca
"Scriptol é uma linguagem de programação de propósito geral, ","Scriptol é uma linguagem de programação de propósito geral, orientada ao objeto que pode ser usada para criar scripts, aplicativos e páginas na Web.
Seus defensores louvam a clareza de sua sintaxe. Por exemplo, o programa

print ""Hello World!""

imprime na tela a cadeia de caracteres ""Hello world!""",Frontend
"Programação é o processo de escrita, teste e manutenção de u","Programação é o processo de escrita, teste e manutenção de um programa de computador. O programa é escrito em uma linguagem de programação, embora seja possível, com alguma dificuldade, o escrever diretamente em linguagem de máquina. Diferentes partes de um programa podem ser escritas em diferentes linguagens.
Diferentes linguagens de programação funcionam de diferentes modos. Por esse motivo, os programadores podem criar programas muito diferentes para diferentes linguagens; muito embora, teoricamente, a maioria das linguagens possa ser usada para criar qualquer programa.
Há várias décadas se debate se a programação é mais semelhante a uma arte (Donald Knuth), a uma ciência, à matemática (Edsger Dijkstra), à engenharia (David Parnas), ou se é um campo completamente novo.",Backend
A computação é qualquer atividade orientada a objetivos que ,"A computação é qualquer atividade orientada a objetivos que exija, se beneficie ou crie máquinas de computação. Ela inclui o estudo e a experimentação de processos algorítmicos e o desenvolvimento de hardware e software. A computação tem aspectos científicos, de engenharia, matemáticos, tecnológicos e sociais. Pode ser definida como a busca de solução para um problema a partir de entradas (inputs), de forma a obter resultados (outputs) depois de processada a informação através de um algoritmo. É com isto que lida a teoria da computação, subcampo da ciência da computação e da matemática. Disciplinas de computação incluem engenharia da computação, ciência da computação, segurança cibernética, ciência de dados, sistemas de informação, tecnologia da informação, arte digital e engenharia de software.
O termo computação também é sinônimo de contagem e cálculo. Antigamente, era usado em referência à ação executada por máquinas de computação mecânica e, antes disso, por computadores humanos.",Cloud/Infra
"Na computação, o SSH File Transfer Protocol ou SFTP é um pro","Na computação, o SSH File Transfer Protocol ou SFTP é um protocolo de transferência de arquivos e de manipulação funcional. É tipicamente utilizado com o protocolo de segurança SSH-2.
Seu propósito é semelhante ao do FTP convencional, porém em função do uso de criptografia nas conexões (através do estabelecimento de um túnel SSH) o tráfego de informações possui um incremento de segurança efetivo. Foi desenvolvido pela Internet Engineering Task Force (IETF).",Ciberseguranca
"Computação em nuvem (em inglês, cloud computing) é um termo ","Computação em nuvem (em inglês, cloud computing) é um termo coloquial para a disponibilidade sob demanda de recursos do sistema de computador, especialmente armazenamento de dados e capacidade de computação, sem o gerenciamento ativo direto do utilizador. O termo geralmente é usado para descrever centros de dados disponíveis para muitos utilizadores pela Internet. Nuvens em grande escala, predominantes hoje em dia, geralmente têm funções distribuídas em vários locais dos servidores centrais. Se a conexão com o utilizador for relativamente próxima, pode ser designado um servidor de borda.
O armazenamento de dados é feito em serviços que poderão ser acedidos de qualquer lugar do mundo, a qualquer hora, não havendo necessidade de instalação de programas ou de armazenar dados. O acesso a programas, serviços e arquivos é remoto, através da Internet - daí a alusão à nuvem. O uso desse modelo (ambiente) é mais viável do que o uso de unidades físicas.
Num sistema operacional disponível na Internet, a partir de qualquer computador e em qualquer lugar, pode-se ter acesso a informações, arquivos e programas num sistema único, independente de plataforma. O requisito mínimo é um computador compatível com os recursos disponíveis na Internet. O PC torna-se apenas um chip ligado à Internet — a ""grande nuvem"" de computadores — sendo necessários somente os dispositivos de entrada (teclado, rato/mouse) e saída (monitor).",DevOps
A prova de queima (em inglês: proof-of-burn) é um método de ,"A prova de queima (em inglês: proof-of-burn) é um método de consenso distribuído e uma alternativa à prova de trabalho (em inglês: proof-of-work) e à prova de participação (em inglês: proof-of-stake). Este método também pode ser usado para formar uma nova criptomoeda a partir de outras.
O método consiste em mineradores que devem mostrar uma prova de que eles queimaram moedas - ou seja, as mandaram para um endereço verificavelmente inexpugnável (isto é, não é possível gastar o valor). Apesar de ser custoso num ponto de vista individual, assim como a prova de trabalho, a prova de queima não consome nenhum recurso além do valor subjacente queimado. Até então, a maioria das criptomoedas baseadas na prova de queima funcionam por queimar criptomoedas geradas pela mineração de prova de trabalho. Este conceito e amplamente utilizado e fundamental para profissionais da area.",Blockchain
Gate.io é uma plataforma global de,"Gate.io é uma plataforma global de exchange de criptomoedas e blockchain criada em 2013. Ela está classificada entre as 10 primeiras do mundo em termos de volume de negócios, conforme relatado pela Reuters. Este conceito e amplamente utilizado e fundamental para profissionais da area.",Blockchain
Solana é uma plataforma de blockchain de alto desempenho pro,"Solana é uma plataforma de blockchain de alto desempenho projetada para suportar aplicativos descentralizados. Possui sua própria criptomoeda nativa chamada SOL, que é usada para pagar as taxas de transação e participar do processo de governança da rede.
A rede Solana utiliza um mecanismo de consenso chamado Proof of History (Prova de Histórico) juntamente com o mecanismo Proof of Stake (Prova de Participação) para garantir a segurança e a confiabilidade das transações. O Proof of History permite que a rede Solana tenha uma sequência de eventos ordenados cronologicamente, melhorando a eficiência e a velocidade das transações. Compreender bem este assunto e essencial para quem atua ou estuda nesta area.",Blockchain
Bitcoin Core (antigo Bitcoin-Qt) é o terceiro cliente Bitcoi,"Bitcoin Core (antigo Bitcoin-Qt) é o terceiro cliente Bitcoin, desenvolvido por Wladimir van der Laan baseado no código de referência original de Satoshi Nakamoto. O software foi publicado, inicialmente, sob o nome ""Bitcoin"", e depois renomeado para ""Bitcoin Core"" para distingui-lo da rede Bitcoin. Por esta razão, também é conhecido como o Cliente Satoshi. A partir de 2018, os repositórios do Bitcoin Core são mantidos por uma equipe de mantenedores, com Wladimir J. van der Laan liderando o processo de lançamento. A Iniciativa de Moeda Digital do MIT financia parte do desenvolvimento do Bitcoin Core. O projeto também mantém a biblioteca de criptografia libsecp256k1.
O Bitcoin Core pode ser usado como um cliente de desktop para pagamentos regulares ou como um utilitário de servidor para comerciantes e outros serviços de pagamento. Dominar este conhecimento diferencia profissionais em qualquer segmento do mercado.",Blockchain
Segurança de computadores ou cibersegurança é a proteção de ,"Segurança de computadores ou cibersegurança é a proteção de sistemas de computador contra roubo ou danos ao hardware, software ou dados eletrônicos, bem como a interrupção ou desorientação dos serviços que fornecem. O campo está crescendo em importância devido à crescente dependência de sistemas de computadores, internet e",Ciberseguranca
PL/SQL (acrónimo para a expressão inglesa Procedural Languag,"PL/SQL (acrónimo para a expressão inglesa Procedural Language/Structured Query Language) é uma extensão da linguagem padrão SQL para o SGBD Oracle da Oracle Corporation. É uma linguagem procedural da Oracle que estende a linguagem SQL.
Permite que a manipulação de dados seja incluída em unidades de programas. Blocos de PL/SQL são passados e processados por uma PL/SQL Engine que pode estar dentro de uma ferramenta Oracle ou do Server. A PL/SQL Engine filtra os comandos SQL e manda individualmente o comando SQL para o SQL Statement Executor no Oracle Server, que processa o PL/SQL com os dados retornados do Server.
É a linguagem básica para criar programas complexos e poderosos, não só no banco de dados, mas também em diversas ferramentas Oracle.
Antes de 1991 a única forma de usar construções procedurais com o SQL era usar PRO*C. Foi onde as instruções SQL do Oracle foram embutidas em código C. O código C era pré-compilado para converter as instruções SQL em chamadas de bibliotecas.
Em 1991 o PL/SQL 1.0 foi lançado com o Oracle Versão 6.0. Ele era muito limitado nas suas capacidades.
Já a versão 2.0 era uma atualização maior, que suportava stored packages, procedures, funções, tabelas PL/SQL, registros definidos pelo programador e package extensions. Esta versão foi lançada com o Oracle Versão 7.0.
O PL/SQL Versão 2.1 foi liberado com a Versão 7.1 do Oracle. Isto permitiu o uso de stored functions dentro de instruções SQL e a criação de SQL dinâmico pelo uso do pacote DBMS_SQL. Foi também possível executar instruções de Linguagens de Definição de Dados de programas PL/SQL.
A Versão 2.2 PL/SQL foi lançada com a Versão 7.2 do Oracle. Ele implementava uma proteção do código para programas PL/SQL e também o agendamento de trabalhos do banco de dados com o pacote DBMS_JOB.
A Versão 2.3 do PL/SQL foi lançado com a Versão 7.3 do Oracle. Esta versão aumentou as capacidades das tabelas PL/SQL e adicionou funcionalidades de E/S de arquivos.
A Versão 2.4 do PL/SQL foi liberada com a Versão 8.0 do Oracle. Esta versão suporta os melhoramentos do Oracle 8, incluindo Large Objects, projeto orientado a objetos, tabelas aninhadas e Oracle advanced queuing.",Dados
Smartphone é um dispositivo móvel que combina a funcionalida,"Smartphone é um dispositivo móvel que combina a funcionalidade de um telefone celular tradicional com recursos avançados de computação. Normalmente, ele tem uma interface de tela sensível ao toque, permitindo que os usuários acessem uma ampla variedade de aplicativos e serviços, como navegação na web, e-mail e mídia social, bem como reprodução e streaming de multimídia. Os smartphones têm câmeras integradas, navegação GPS e suporte para vários métodos de comunicação, incluindo chamadas de voz, mensagens de texto e aplicativos de mensagens baseados na Internet. Os smartphones se distinguem dos telefones com recursos mais antigos por seus recursos de hardware mais avançados e sistemas operacionais móveis abrangentes, acesso à Internet, aplicativos comerciais, pagamentos móveis e funcionalidade multimídia, incluindo música, vídeo, jogos, rádio e televisão. Os smartphones substituíram",Mobile
Automação de teste é o uso de software para controlar a exec,"Automação de teste é o uso de software para controlar a execução do teste de software, a comparação dos resultados esperados com os resultados reais, a configuração das pré-condições de",QA
Cardano é uma plataforma de computação distribuída que execu,"Cardano é uma plataforma de computação distribuída que executa o blockchain para a criptomoeda ADA. Cardano foi criada pela empresa de desenvolvimento de blockchain Input Output Hong Kong (IOHK) e liderado pelo CEO Charles Hoskinson,[carece de fontes?] ex-co-fundador da BitShares, Ethereum e Ethereum Classic. Hoskinson abandonou Ethereum depois de disputa com um de seus co-fundadores Vitalik Buterin; Hoskinson queria fazer participar o capital de risco e criar a organização comercial, mas Buterin queria que esta funcionasse como uma organização não comercial. Depois de saída ele tornou-se o co-fundador de IOHK que é a empresa de desenvolvimento de blockchain cuja atividade principal é o desenvolvimento de Cardano ao par com Cardano Foundation e Emurgo. O projeto tem como objetivo executar contratos inteligentes, aplicativos descentralizados, cadeias laterais, computação multipartidária, e metadados. A plataforma começou a ser desenvolvida em 2015 e foi lançada em 2017. A criptomoeda interna Cardano estreou em 2017 com uma capitalização",Blockchain
"bc, de basic calculator (calculadora básica), é ""uma linguag","bc, de basic calculator (calculadora básica), é ""uma linguagem de calculadora de precisão arbitrária"" com uma sintaxe semelhante à linguagem de programação C. bc é tipicamente usada tanto como uma linguagem matemática de script como um shell matemático interativo. bc é muitas vezes referenciado como calculadora banco. Uma utilização interativa típica é digitar o comando bc em um prompt de comando do Unix e inserir uma expressão matemática, como: (1 + 3) * 2, em que 8 será a saída. Uma vez que bc pode trabalhar com precisão arbitrária, ele efetivamente omite os dígitos zero após o ponto decimal - portanto, a expressão 2/3 produz 0. Isso pode surpreender novos usuários da bc que desconhecem este fato. A opção ""-l"" para o bc define a escala padrão (dígitos depois do ponto decimal) para 20 e adiciona várias funções matemáticas adicionais para o idioma. bc apareceu pela primeira vez na versão 6 Unix em 1975, e foi escrito por Robert Morris",Frontend
O mercado de criptomoedas no Brasil está em análise para a s,"O mercado de criptomoedas no Brasil está em análise para a ser mais fiscalizado. A Receita Federal planeja a primeira medida para regulamentar as moedas virtuais no país, em um esforço para cobrar impostos de quem negocia criptomoedas como o Bitcoin e fazendo as corretoras (exchanges) a prestar informações sobre todas as transações de compra e venda, assim tentando conter o uso da tecnologia para lavagem de dinheiro. Já ocorreram fraudes financeiras vultosas no país, envolvendo criptomoedas falsas como a Kriptacoin (um esquema em pirâmide que lesou investidores em aproximadamente 250 milhões de reais em 2017).
A Receita Federal estima que já existam mais brasileiros movimentando criptomoedas do que investindo na bolsa, por exemplo, na B3, são 800 mil investidores cadastrados. Além disso, o mercado de Bitcoins movimentou mais de R$ 8 bilhões no país apenas no ano passado. O Fisco vê a medida como uma maneira de cobrar impostos de quem trabalha com criptomoedas.
Desde 2019, a Receita Federal exige a prestação de informações sobre operações com criptomoedas por meio da Instrução Normativa RFB nº 1.888/2019, que obriga as exchanges a reportar ao Fisco todas as transações acima de R$ 30,00. Para o ano-calendário 2025, contribuintes com criptoativos cujo valor de aquisição supere R$ 5.000,00 são obrigados a declará-los na ficha de Bens e Direitos (Grupo 08) do programa IRPF.
Dentre as criptomoedas criadas no Brasil cita-se: Blood Donation Coin, MartexCoin, CriptoReal, Lunes, ZCore, Niobio Cash, Nelore Coin, JEDALs.
Toda esta adesão fez o mercado cripto/blockchain crescer no país e, de acordo com uma pesquisa realizada pela Global Digital Report, o Brasil foi classificado com o quinto país do mundo com maior quantidade de usuários de Bitcoin e outras criptomoedas. Segundo os dados levantados, cerca de 8,1% dos brasileiros entre 16 e 64 anos possui alguma criptomoeda, colocando a nação à frente dos Estados Unidos, Japão, China e também acima da média mundial que está em torno de 5,5%.",Blockchain
"Em desenvolvimento de software, modelo cliente-servidor (em ","Em desenvolvimento de software, modelo cliente-servidor (em inglês client-server model) é um padrão de mensagem de aplicação distribuída que distribui as tarefas e cargas de trabalho entre os fornecedores de um recurso ou serviço, designados como servidores, e os requerentes dos serviços, designados como clientes.
Geralmente os clientes e servidores comunicam através de uma rede de computadores em computadores distintos, mas tanto o cliente quanto o servidor podem residir no mesmo computador.
Um servidor é um host que está executando um ou mais serviços ou programas que compartilham recursos com os clientes. Um cliente não compartilha qualquer de seus recursos, mas solicita um conteúdo ou função do servidor. Os clientes iniciam sessões de comunicação com os servidores que aguardam requisições de entrada.
O modelo cliente-servidor foi desenvolvido na Xerox PARC durante os anos 70. Este modelo é actualmente o predominante nas redes informáticas. Email, a World Wide Web e redes de impressão são exemplos comuns deste modelo.",Backend
"Este artigo foi inicialmente traduzido, total ou parcialment","Este artigo foi inicialmente traduzido, total ou parcialmente, do artigo da Wikipédia em inglês cujo título é «Behavior Driven Development».
Behavior Driven Development (BDD ou ainda uma tradução Desenvolvimento Guiado por Comportamento) é uma técnica de desenvolvimento Ágil que encoraja colaboração entre desenvolvedores, setores de qualidade e pessoas não-técnicas ou de negócios num projeto de software, relaciona-se com o conceito  de verificação e validação. Foi originalmente concebido em 2003, por Dan North como uma resposta à Test Driven Development (Desenvolvimento Guiado por Testes), e tem se expandido bastante nos últimos anos.
Os focos do BDD são a linguagem e as interações usadas no processo de desenvolvimento de software. Desenvolvedores usam sua língua nativa em combinação com a linguagem ubíqua (ubiquitous language), que lhes permite concentrar nas razões pelas quais o código deve ser criado, e não em detalhes técnicos, além de minimizar traduções entre a linguagem técnica na qual o código é escrito e outras linguagens de domínio, usuários, clientes, gerência do projeto, etc.
Dan North criou o primeiro framework de BDD, JBehave, em Java, seguido de um framework em Ruby em nível de história chamado RBehave, o qual foi depois incorporado ao projeto RSpec. Ele também trabalhou com David Chelimsky, Aslak Hellesøy e outros para desenvolver o framework RSpec e também escrever ""The RSpec Book: Behaviour Driven Development with RSpec, Cucumber, and Friends"". O primeiro framework baseado em histórias no RSpec foi posteriormente substituído pelo Cucumber, desenvolvido principalmente por Alask Hellesøy. Compreender bem este assunto e essencial para quem atua ou estuda nesta area.",QA
Test Driven Development (TDD) ou em português Desenvolviment,"Test Driven Development (TDD) ou em português Desenvolvimento guiado por testes é uma técnica de desenvolvimento de software que se relaciona com o conceito de verificação e validação e se baseia em um ciclo curto de repetições: Primeiramente o desenvolvedor escreve um caso de teste automatizado que define uma melhoria desejada ou uma nova funcionalidade. Então, é produzido código que possa ser validado pelo teste para posteriormente o código ser refatorado para um código sob",QA
"Esta é uma lista de linguagens de programação, atuais e hist","Esta é uma lista de linguagens de programação, atuais e históricas, em ordem alfabética, que inclui também o desenvolvedor, data de criação e o paradigma de programação que é a forma de classificar as linguagens baseada em suas funcionalidades.

∑ 1194 items.",Frontend
"Em ciência da computação, programador, desenvolvedor, codifi","Em ciência da computação, programador, desenvolvedor, codificador ou engenheiro de software é alguém que escreve, desenvolve ou faz a manutenção de software em um grande sistema ou alguém que desenvolve software para uso em computadores pessoais. Compreender bem este assunto e essencial para quem atua ou estuda nesta area.",QA
"Na computação em nuvem, a elasticidade é definida como ""o gr","Na computação em nuvem, a elasticidade é definida como ""o grau em que um sistema é capaz de adaptar-se a carga de trabalho através de provisionamento e desprovisionamento de recursos automaticamente, de forma que em cada ponto no tempo, os recursos disponíveis correspondam à demanda atual, tão próxima quanto possível"". Elasticidade é uma característica que diferencia a computação em nuvem dos paradigmas de computação propostos anteriormente, tais como computação em grade. A adaptação dinâmica de capacidade, por exemplo, alterando o uso de recursos de computação, para atender a uma variação de carga de trabalho é chamado de ""computação elástica"". Este conceito e amplamente utilizado e fundamental para profissionais da area.",Cloud/Infra
"Em informática, hacker (AFI: /ʁakɚɹ/ ˈhæk,ər) é um indivíduo","Em informática, hacker (AFI: /ʁakɚɹ/ ˈhæk,ər) é um indivíduo altamente dedicado a conhecer/modificar os aspectos mais internos de dispositivos tecnológicos, programas computacionais e, redes de computadores. Hackers podem ser motivados por uma infinidade de razões — como lucro, protesto, vaidade, curiosidade, patriotismo, espírito competitivo, coleta de informações, recreação ou para avaliar as vulnerabilidades do sistema e auxiliar na defesas contra invasões em potencial. Hackers que usam seu conhecimento para fins ilegais são chamados crackers. Um hacker frequentemente obtém soluções e efeitos extraordinários que extrapolam os limites do funcionamento ""normal"" dos sistemas, como previstos pelos seus criadores; incluindo, por exemplo, contornar as barreiras que deveriam impedir o controle de certos sistemas e conseguir acesso a certos dados confidenciais ou privados. O termo ""háquer"" é importado da língua inglesa é aportuguesado como ráquer, ou traduzido como decifrador (termo introduzido no Brasil na década",Ciberseguranca
A ciência de dados (em inglês:  data science) é uma área int,"A ciência de dados (em inglês: data science) é uma área interdisciplinar (abrange ""big data"" e ""mineração de dados""), que localiza-se em uma interface entre a estatística e a ciência da computação e utiliza o método científico; processos, algoritmos e sistemas, para extrair conhecimento e tomar decisões a partir de dados dos diversos tipos, sendo eles ruidosos, nebulosos, estruturados ou não-estruturados. Sendo assim uma área voltada para o estudo e a análise organizada de dados científicos e mercadológicos, financeiros, sociais, geográficos, históricos, biológicos, psicológicos, dentre muitos outros. Visa, desse modo, a extração de conhecimento, detecção de padrões e/ou obtenção de insights para possíveis tomadas de decisão. Ciência de dados enquanto campo existe",Dados
Java Media Framework ou JMF é um conjunto de extensões da Ja,"Java Media Framework ou JMF é um conjunto de extensões da Java API que habilita a utilização de áudio, vídeo e outros tipos de mídia em aplicativos desenvolvidos com a tecnologia Java.
Este pacote se integra ao Java 2 Platform Standard Edition (J2SE) e permite a interação entre mídia e o sistema Java. Este tema continua relevante e se mantem como base para estudos avancados.",Ciberseguranca
"Software (pronúncia em inglês: ['sɔftwɛəɹ], pronúncia em por","Software (pronúncia em inglês: ['sɔftwɛəɹ], pronúncia em português: ['sóof-tu-er']) é uma coleção de programas que dizem a um computador como executar tarefas específicas. Isso contrasta com o hardware, a partir do qual o sistema é construído e que realmente executa o trabalho. Software é o termo usado para se referir a uma sequência de instruções executadas em um dispositivo informático, como um computador ou máquina semelhante. Ele é um produto da engenharia de software e inclui não apenas o programa em si, mas também quaisquer documentações e especificações. Um software é geralmente composto por diversas funções, bibliotecas e módulos que, ao final do desenvolvimento, formam um programa executável. Quando executado, esse programa recebe dados de entrada (input), processa as informações por meio de algoritmos ou sequências de instruções lógicas e gera uma saída (output) como resultado deste processamento. A maioria dos softwares é escrita em linguagens de programação de alto nível, como Python, Java, JavaScript, TypeScript, C#, Go, PHP, Kotlin, Ruby, Dart,",QA
"Um bloqueio, como um bloqueio de leitura ou bloqueio de escr","Um bloqueio, como um bloqueio de leitura ou bloqueio de escrita, é usado quando vários usuários necessitam acessar simultaneamente um banco de dados. Isto previne que os dados sejam corrompidos ou invalidados quando vários usuários tentam ler enquanto outros escrevem no banco de dados. Qualquer usuário único pode apenas modificar aqueles registros de banco de dados (isto é, itens no banco de dados) para os quais eles aplicaram um bloqueio",Dados
"Um modo escuro, tema escuro ou modo noturno, é um esquema de","Um modo escuro, tema escuro ou modo noturno, é um esquema de cores que utiliza texto, ícones e elementos gráficos da interface do usuário em cores claras sobre um fundo escuro. É frequentemente discutido em termos de design de interface do usuário e web design. Muitos sites e sistemas operacionais modernos oferecem ao usuário um modo de exibição escuro opcional.
Alguns usuários acham que as telas do modo escuro são visualmente mais atraentes e afirmam que podem reduzir o cansaço visual. Exibir o branco com brilho máximo usa cerca de seis vezes mais energia do que o preto puro em um Google Pixel 2016, que tem uma tela OLED. No entanto, as telas de LED convencionais podem não se beneficiar do consumo de energia reduzido; mas se uma tela de LED tiver os recursos de escurecimento parcial, ela ainda se beneficiará do consumo de energia reduzido. A maioria dos sistemas operacionais modernos oferece suporte a um modo escuro opcional. Dominar este conhecimento diferencia profissionais em qualquer segmento do mercado.",UX/UI
Microsoft SQL Server é um sistema gerenciador de Banco de da,"Microsoft SQL Server é um sistema gerenciador de Banco de dados relacional (SGBD) desenvolvido pela Sybase em parceria com a Microsoft.
Esta parceria durou até 1994, com o lançamento da versão para Windows NT e desde então a Microsoft mantém a manutenção do produto.
Como um Banco de dados, é um produto de software cuja principal função é a de armazenar e recuperar dados solicitados por outras aplicações de software, seja aqueles no mesmo computador ou aqueles em execução em outro computador através de uma rede (incluindo a Internet).
Há várias diferentes edições do Microsoft SQL Server destinadas a públicos diferentes e para diferentes cargas de trabalho (variando de pequenas aplicações que armazenam e recuperam dados no mesmo computador, a milhões de usuários e computadores que acessam grandes quantidades de dados a partir da Internet ao mesmo tempo).
Suas linguagens de consulta primárias são Transact-SQL (T-SQL) e ANSI SQL.
Mantido pela Microsoft há anos, é um dos principais SGBDs relacionais do mercado. Distribuído em diferentes edições e com várias ferramentas integradas, esse banco é capaz de atender às demandas desde os mais simples negócios até os mais complexos cenários que lidam com grande volume de dados.
Antigamente o SQL Server era um banco de dados relacional. Essencialmente você armazenava nele dados estruturados no formato tabular (linhas e colunas).
Ele permite a criação de tabelas relacionadas, evitando a necessidade de armazenar dados redundantes em vários locais dentro de um banco de dados. O modelo relacional também fornece integridade referencial e outras restrições de integridade para manter a precisão dos dados. O SQL Server suporta transações, é aderente e suporta os princípios de atomicidade, consistência, isolamento e durabilidade. Dominar este conhecimento diferencia profissionais em qualquer segmento do mercado.",Dados
"Microsoft Mobile, Oyj foi uma fabricante multinacional de di","Microsoft Mobile, Oyj foi uma fabricante multinacional de dispositivos móveis sediada em Espoo, Finlândia e uma subsidiária da Microsoft. Sua principal atividade era o desenho, desenvolvimento, fabricação e distribuição de telefones celulares, smartphones e tablets e seus respectivos acessórios, custando 1 milhão e meio para sua fabricação.
A Microsoft Mobile foi criada seguida da aquisição da divisão de dispositivos e serviços da Nokia pela Microsoft, que foi completada em abril de 2014. A Microsoft Mobile tem o direito de vender celulares com a marca Nokia como parte do acordo de licenciamento de 10 anos, assim como os celulares baseados nas séries S30 e S40, o que compreende a ""celulares de baixo custo"" e aparelhos da linha Asha. Os futuros smartphones ""Lumia"" estão fora desse acordo de licenciamento e não podem ser lançados sem a marca Nokia; as marcas ""Lumia"" e ""Asha"" são nomes de marcas que passaram a pertencer à Microsoft. A Microsoft Mobile é a segunda tentativa da Microsoft de entrar no mercado de telefones celulares, seguido do aparelho Kin em 2010, que teve vida curta. Compreender bem este assunto e essencial para quem atua ou estuda nesta area.",Mobile
"Uma estrutura de dados (ED), em ciência da computação, é uma","Uma estrutura de dados (ED), em ciência da computação, é uma coleção tanto de valores (e seus relacionamentos) quanto de operações (sobre os valores e estruturas decorrentes). É uma implementação concreta de um tipo abstrato de dado (TAD) ou um tipo de dado (TD) básico ou primitivo. Assim, o termo ED pode ser considerado sinônimo de TD, se considerado TAD um hipônimo de TD, isto é, se um TAD for um TD.
Critérios para escolha e estudo de uma estrutura de dados incluem eficiência para buscas e padrões específicos de acesso, necessidades especiais para manejo de grandes volumes (veja big data), ou a simplicidade de implementação e uso. Ou seja, EDs eficientes são cruciais para a elaboração de algoritmos, diversas linguagens possuem ênfase nas EDs, como evidenciado pela POO, e aplicações distintas usufruem de ou requerem EDs específicas (e.g. um compilador usa uma tabela de dispersão para identificadores e namespaces, enquanto uma Árvore B ou Árvore AA é apropriada para acessos randômicos).
Em termos de EDs, os TDs e TADs são definidos indiretamente pelas operações e usos, e propriedades destas operações e usos: e.g. o custo computacional e o espaço que pode representar e ocupa na memória.",Dados
"A engenharia social, no contexto de segurança da informação,","A engenharia social, no contexto de segurança da informação, refere-se à manipulação psicológica de pessoas para a execução de ações ou para a divulgação de informações confidenciais. Esse é um termo que descreve um tipo psicotécnico de intrusão que depende fortemente da interação humana e envolve enganar outras pessoas para a quebra de procedimentos de segurança. Um ataque clássico na engenharia social é quando uma pessoa se passa por profissional de alto nível dentro das organizações, dizendo possuir problemas urgentes de acesso ao sistema, conseguindo assim o acesso a locais restritos. Este tema continua relevante e se mantem como base para estudos avancados.",Ciberseguranca
Tutanota é um Software de correio eletrônico encriptado e um,"Tutanota é um Software de correio eletrônico encriptado e um serviço seguro e gratuito de correio eletrônico baseado nesse logiciário. Desenvolvido e fornecido pela empresa alemã Tutanota GmbH desde 2011, permite encriptar todas as mensagens, contatos e anexos das mensagens de correio eletrônico de ponta a ponta. Está hospedado e protegido pelas leis de sigilo e privacidade da Alemanha.
O nome ""Tutanota"" é formado por duas palavras em latim, tuta e nota, que significam ""mensagem segura"". ""Na Alemanha as pessoas valorizam a privacidade porque foi um direito conquistado na Democracia, com o fim da Gestapo e Stasi.""
Foi desenvolvido em código aberto para que qualquer pessoa possa checar sua segurança em: https://github.com/tutao/tutanota
Atualmente o Tutanota suporta os seguintes navegadores de rede:

Mozilla Firefox (desktop)
Opera (desktop, Android)
Google Chrome (desktop, Android)
Safari a partir da versão 6.1 (desktop, iOS)
Internet Explorer a partir da versão 10 (desktop)
BlackBerry 10
TOR Browser Este tema continua relevante e se mantem como base para estudos avancados.",Ciberseguranca
O MySQL é um sistema de gerenciamento de banco de dados (SGB,"O MySQL é um sistema de gerenciamento de banco de dados (SGBD), que utiliza a linguagem SQL (Linguagem de Consulta Estruturada, do inglês Structured Query Language) como interface. É atualmente um dos sistemas de gerenciamento de bancos de dados mais populares da Oracle Corporation, com mais de 10 milhões de instalações pelo mundo.
Entre os usuários do banco de dados MySQL estão: NASA, Friendster, Banco Bradesco, Dataprev, HP, Nokia, Sony,  Lufthansa, U.S. Army, U.S. Federal Reserve Bank, Associated Press, Alcatel, Slashdot, Cisco Systems, Google, entre outros.",Dados
SAP Cloud Infrastructure é uma plataforma de computação em n,"SAP Cloud Infrastructure é uma plataforma de computação em nuvem do tipo infraestrutura como serviço (IaaS) operada pela SAP SE. A SAP utiliza-a para os seus serviços de nuvem e para implementações destinadas a clientes, incluindo cargas de trabalho SAP e não-SAP.
A SAP desenvolve e opera a SAP Cloud Infrastructure com tecnologias open source dentro da sua rede de centros de dados, com base em OpenStack e Kubernetes, e a plataforma suporta SAP S/4HANA bem como soluções cloud da SAP e cargas de trabalho de terceiros/não-SAP. Fornece serviços de computação, armazenamento e serviços de plataforma acessíveis aos clientes da SAP.",DevOps
Programação por contrato do inglês Design by contract (DbC) ,"Programação por contrato do inglês Design by contract (DbC) é um abordagem de desenvolvimento de software que prescreve que os desenvolvedores devem definir métodos formais, especificações de interface precisas e verificáveis dos componentes de desenvolvimento de software, que acarreta na definição de Tipo Abstrato de Dados com pre-condições, pos-condições e constantes. Estas especificações são definidas como um ""contrato"", de acordo com os próprios conceitos de condições e obrigações dos contratos de negócio.
Devido o termo Design by Contract ser marca registrada da Eiffel Software nos EUA, muitos desenvolvedores se referem à abordagem como Programação por Contrato (Programming by contract). Este conceito e amplamente utilizado e fundamental para profissionais da area.",QA
Um servidor de jogo é um servidor que conecta clientes de jo,"Um servidor de jogo é um servidor que conecta clientes de jogos por meio de uma rede. Ou seja: um servidor de jogos é um programa de computador que conecta outros programas, os jogos que estão nos computadores dos diferentes jogadores. É um tipo de ""provedor de serviços"". Jogos aqui significam jogos que são executados em um computador local e não jogos on-line, como jogos em Flash. Um servidor de jogo é uma parte essencial de um jogo online porque os clientes não podem se encontrar sem um servidor. Geralmente, é necessário um código de ativação ou código de série válido para acessar o servidor. Se um cliente quiser jogar online, ele deve primeiro pedir permissão ao servidor. Essa primeira mensagem geralmente lista um número fixo de coisas: nome de usuário, senha, endereço de IP, país, fuso horário, código de ativação e possivelmente o host. Depois que o servidor aceita a solicitação, uma conexão é estabelecida. Isso significa que o tráfego não será interrompido, a menos que um dos dois perca a conexão. É feita uma distinção entre dois tipos de servidores, de jogo, e de jogo de conexão. Este tema continua relevante e se mantem como base para estudos avancados.",Cloud/Infra
ISO/IEC 9126 é uma norma ISO para qualidade de produto de so,"ISO/IEC 9126 é uma norma ISO para qualidade de produto de software. Ela define um conjunto de parâmetros com o objetivo de padronizar a avaliação da qualidade de software. Ela se enquadra no modelo de qualidade das normas da família 9000.
A ISO/IEC 9126, sob o título geral ""Engenharia de software - Qualidade do produto"", consiste nas seguintes partes:
Parte 1: Modelo de qualidade;
Parte 2: Métricas externas;
Parte 3: Métricas internas;
Parte 4: Métricas de qualidade em uso
A norma brasileira correspondente é a NBR 13596, que foi substituída pela NBR ISO/IEC 9126-1 que por sua vez foi substituída pela Norma ISO/IEC 25010:2011. Este conceito e amplamente utilizado e fundamental para profissionais da area.",QA
Um Servidor Blade é um servidor despojado com um design modu,Um Servidor Blade é um servidor despojado com um design modular otimizado para minimizar o uso de espaço físico e energia. Os servidores,Cloud/Infra
"Sistema de informação (SI) é um sistema formal, sociotécnico","Sistema de informação (SI) é um sistema formal, sociotécnico e organizacional usado para coletar, processar, armazenar e disseminar dados informacionais, podendo ser tanto um sistema informacional computadorizado quanto um sistema manual.
Informações são dados oferecidos de uma forma significativa e útil para os indivíduos. Dados são correntes de fatos brutos que importam eventos ocorrendo nas organizações ou no ambiente físico, antes de terem sido organizados e arranjados de uma forma que as pessoas possam entendê-los e usá-los.
Todo sistema de informação que manipula dados e gera informação, usando ou não recursos de tecnologia em computadores, pode ser considerado um sistema de informação. Por exemplo, o sistema de informação organizacional pode ser conceituado como a organização e os seus vários subsistemas internos, contemplando ainda o meio ambiente externo.
Segundo Efraim Turban, uma infra-estrutura de informação consiste em instalações físicas, serviços e gerenciamento que suportam todos os recursos computacionais existentes em uma organização. Existem cinco componentes principais na infra-estrutura: hardware do computador, software de propósito geral, redes e instalações de comunicação (incluindo internet), banco de dados e o pessoal do gerenciamento da informação. A infra-estrutura abrange esses recursos e a sua integração, operação, documentação, manutenção e gerenciamento. A infra-estrutura também nos informa como recursos computacionais específicos são organizados, operacionalizado e administrados.
Para Laudon um sistema de informação pode ser definido como um conjunto de componentes inter-relacionados trabalhando juntos para coletar, recuperar, processar, armazenar e distribuir informações, com a finalidade de facilitar o planejamento, o controle, a coordenação, a análise e o processo decisório em organizações. De acordo com Turban; Maclean; Wetheber, o sistema de informação coleta, processa, armazena, analisa e dissemina informações com um determinado objetivo dentro de um contexto e como qualquer outro sistema inclui inputs (dados, instruções) e outputs (relatórios, cálculos). O sistema opera dentro de um ambiente, não necessariamente computadorizado, mesmo que atualmente  a maioria seja, processa os inputs, que são enviados para os usuários e outros sistemas.
Os sistemas de informação são ""críticos para o desenvolvimento de praticamente qualquer organização humana"". Em um comportamento organizacional a informação é canalizada para melhor interpretação, dividida. ""Um SI (Sistemas de Informação) pode ser entendido como um conjunto in-ter-relacionado de partes ou elementos que coleta, processa, armazena e distribui informações, de forma organizada e coordenada, para apoiar a tomada de decisões"". As decisões são assim alvo de ponderação através de informação valiosa pois ajudam a dar rumo ao nosso dia a dia. Empresas tais como o Airbnb, Google e Facebook de tecnologia de informação criam homens abastados no mundo. Ainda que a definição de sistema de informação seja mais abrangente como António Carlos Marques Mattos refere ""Um sistema de informação é um sistema especializado no processamento e na comunicação de dados (máquinas) ou de informações (organismos vivos)"". Assim analisamos informação e o seu fluxo a vários níveis como genómico ou no espaço sabendo que a matéria é nos real transversal mente através de cognição informativa perceptiva da consciência humana. Trazendo benefícios a nível organizacional na obtenção de conhecimento desenvolvendo culturas de interação. Possibilitando novas formas de estar ao mesmo tempo que potencia a produtividade, segurança e saúde.  
Os sistemas de informações podem ser classificados a princípio como formais ou informais. Os sistemas de informação formais incluem processo pré-definidos, entrada e saídas padronizadas e definições fixas. Quantos aos informais, estes assumem diversas formas, que vão desde uma rede de comunicação informal em uma empresa,  um grupo de amigos que troca correspondência eletronicamente.
Entendendo os fundamentos de Sistemas de Informação Segundo definição adotada pelo Ministério da Educação Brasileiro, os cursos que estudam a Computação são Ciência da Computação, Licenciatura em Computação, Sistemas de Informação, Análise e Desenvolvimento de Sistemas (diferente de Sistemas de Informação), Engenharia da Computação e Engenharia de Software. 
O mercado de trabalho para o analista de sistemas é bastante promissor, assim como para qualquer outro bacharel que trabalhe com Tecnologia da Informação (TI). Destaca-se, inclusive, o excedente de vagas não preenchidas pela falta de profissionais qualificados e, além disso, fala-se hoje que programação é o novo Inglês 
Tipos de sistemas de informação: 
É impossível imaginar as empresas do século XXI, ou até do século XX, sem os processos informatizados que coordenam suas atividades. São várias aplicações de sistemas de informação, seja para trabalhar nos registros, análises, planejamento e tomada de decisões em todos os níveis da organização. Trabalhar com egressos de sistema de informação é fundamental para sua estratégia de negócios.

Ciência da Computação - modelos teóricos matemáticos que fundamentam a Computação;
Licenciatura em Computação - foco no ensino-aprendizagem de computação, informática e tecnologia da informação e sistemas de informação;
Análise e Desenvolvimento de Sistemas - análise de requisitos, modelagem, projetos de dados e/ou interface(análise) e implementação(desenvolvimento) de diferentes sistemas;
Sistemas de Informação - aplicação da Computação nas organizações;
Engenharia da Computação - foco no estudo da física e eletricidade no desenvolvimento de componentes de hardware e eletrônica digital. Este tema continua relevante e se mantem como base para estudos avancados.",Ciberseguranca
"Um bloqueio, como um bloqueio de leitura ou bloqueio de escr","Um bloqueio, como um bloqueio de leitura ou bloqueio de escrita, é usado quando vários usuários necessitam acessar simultaneamente um banco de dados. Isto previne que os dados sejam corrompidos ou invalidados quando vários usuários tentam ler enquanto outros escrevem no banco de dados. Qualquer usuário único pode apenas modificar aqueles registros de banco de dados (isto é, itens no banco de dados) para os quais eles aplicaram um bloqueio que os forneçam acesso exclusivo ao registro até que o bloqueio seja liberado. Bloqueio não apenas fornece exclusividade a escritas mas também previne (ou controla) leitura de modificações não finalizadas (também conhecidas como dados não comitados).
Um bloqueio de leitura pode ser usado para prevenir que outros usuários leiam um registro (ou página) que está sendo atualizada, de forma que os outros não ajam sob informações que em breve estarão desatualizadas.",Dados
Tutanota é um Software de correio eletrônico encriptado e um,"Tutanota é um Software de correio eletrônico encriptado e um serviço seguro e gratuito de correio eletrônico baseado nesse logiciário. Desenvolvido e fornecido pela empresa alemã Tutanota GmbH desde 2011, permite encriptar todas as mensagens, contatos e anexos das mensagens de correio eletrônico de ponta a ponta. Está hospedado e protegido pelas leis de sigilo e privacidade da Alemanha. O nome ""Tutanota"" é formado por duas palavras em latim, tuta e nota, que significam ""mensagem",Ciberseguranca
A computação é qualquer atividade orientada a objetivos que ,"A computação é qualquer atividade orientada a objetivos que exija, se beneficie ou crie máquinas de computação. Ela inclui o estudo e a experimentação de processos algorítmicos e o desenvolvimento de hardware e software. A computação tem aspectos científicos, de engenharia, matemáticos, tecnológicos e sociais. Pode ser definida como a busca de solução para um problema a partir de entradas (inputs), de forma a obter resultados (outputs) depois de processada a informação através de",DevOps
"A Dynatrace, Inc","A Dynatrace, Inc. é uma empresa americana global de tecnologia que fornece uma plataforma de observabilidade de software baseada em inteligência artificial (IA) e automação.
As tecnologias da Dynatrace são usadas para monitorar, analisar e otimizar o desempenho de aplicativos, a infraestrutura de TI, a experiência do usuário, e  para auxiliar no desenvolvimento de software e práticas de segurança, sendo voltado para empresas e agências governamentais.
A plataforma de observabilidade da Dynatrace usa uma forma proprietária de AI chamada Davis para descobrir, mapear e monitorar aplicações, como microsserviços, plataformas de orquestração de contêineres como Kubernetes, e infraestrutura de TI executada em ambientes de rede multicloud, nuvem híbrida e hyperscalers. A plataforma também fornece correção automatizada de problemas e análise de impacto de carbono de TI. A plataforma Dynatrace fornece observabilidade de toda a pilha de soluções visando simplificar a complexidade da computação nativa em nuvem e acelerar a transformação digital e a migração para a nuvem de uma organização.",DevOps
A blockchain (também conhecido como “cadeia de blocos”) é um,"A blockchain (também conhecido como “cadeia de blocos”) é uma tecnologia de registro distribuído que visa a descentralização como medida de segurança. São bases de registros e dados distribuídos e compartilhados, que têm a função de criar um índice global para todas as transações que ocorrem em um determinado mercado. Funciona como um livro-razão, só que de forma pública, compartilhada e universal, permitindo mecanismos de consenso e confiança na comunicação direta entre duas partes, ou seja, sem o intermédio de terceiros. Está constantemente crescendo à medida que novos blocos são adicionados a ela por um novo conjunto de registros. Os blocos são adicionados à blockchain de modo linear e cronológico. Cada nó - qualquer computador que conectado a essa rede que tem a tarefa de validar e repassar transações - obtém uma cópia da blockchain após o ingresso na rede. A blockchain possui informação completa sobre endereços e saldos diretamente do bloco gênese até o bloco mais recentemente concluído.
A blockchain é vista como a principal inovação tecnológica do bitcoin visto que é a prova de todas as transações na rede. Seu projeto original tem servido de inspiração para o surgimento de novas criptomoedas e de bancos de dados distribuídos.",Blockchain
O técnico em informática é o profissional que está apto a re,"O técnico em informática é o profissional que está apto a realizar configurações de sistemas de informática, a instalar equipamentos e a verificar as causas de falhas na programação de computadores. Esse profissional pode trabalhar estabelecimentos  do ramo ou prestar atendimento por conta própria. Dominar este conhecimento diferencia profissionais em qualquer segmento do mercado.",Backend
A segurança de bancos de dados diz respeito ao uso de uma am,"A segurança de bancos de dados diz respeito ao uso de uma ampla gama de controles de segurança da informação para proteger os bancos de dados contra comprometimentos de sua confidencialidade, integridade e disponibilidade. Envolve vários tipos ou categorias de controles, como técnicos, procedimentais ou administrativos e físicos.
Os riscos de segurança para sistemas de banco de dados incluem, por exemplo:

Atividade não autorizada ou não intencional ou uso indevido por usuários autorizados do banco de dados, administradores de banco de dados ou gerentes de rede/sistemas, ou por usuários não autorizados ou hackers (por exemplo, acesso inadequado a dados sensíveis, metadados ou funções dentro dos bancos de dados, ou alterações inadequadas nos programas, estruturas ou configurações de segurança do banco de dados);
Infecções por malware que causam incidentes como acesso não autorizado, vazamento ou divulgação de dados pessoais ou proprietários, exclusão ou dano aos dados ou programas, interrupção ou negação de acesso autorizado ao banco de dados, ataques a outros sistemas e falha inesperada dos serviços de banco de dados;
Sobrecargas, restrições de desempenho e problemas de capacidade que resultam na incapacidade dos usuários autorizados de usar os bancos de dados conforme o esperado;
Danos físicos aos servidores de banco de dados causados por incêndios ou inundações em salas de computadores, superaquecimento, raios, derramamento acidental de líquidos, descarga eletrostática, falhas eletrônicas/de equipamentos e obsolescência;
Falhas de projeto e erros de programação em bancos de dados e nos programas e sistemas associados, criando diversas vulnerabilidades de segurança (por exemplo, escalonamento de privilégios não autorizado), perda/corrupção de dados, degradação de desempenho etc.;
Corrupção e/ou perda de dados causadas pela entrada de dados ou comandos inválidos, erros nos processos de administração de banco de dados ou sistemas, sabotagem/danos criminosos etc.
Ross J. Anderson [en] costuma dizer que, por sua natureza, grandes bancos de dados nunca estarão livres de abusos por meio de falhas de segurança; se um sistema grande for projetado para facilitar o acesso, ele se torna inseguro; se for projetado para ser à prova de falhas, torna-se impossível de usar. Isso é conhecido como Regra de Anderson.
Várias camadas e tipos de controle de segurança da informação são apropriados para bancos de dados, incluindo:

Controle de acesso
Auditoria [en]
Autenticação
Encriptação
Controles de integridade
Backups
Segurança de aplicativos [en]
Os bancos de dados têm sido amplamente protegidos contra hackers por meio de medidas de segurança de rede, como firewalls e sistemas de detecção de intrusão baseados em rede. Embora os controles de segurança de rede continuem valiosos nesse aspecto, a segurança dos próprios sistemas de banco de dados, bem como dos programas/funções e dados neles contidos, tornou-se indiscutivelmente mais crítica à medida que as redes se tornam cada vez mais abertas a um acesso mais amplo, em particular o acesso pela Internet. Além disso, os controles de acesso a sistemas, programas, funções e dados, juntamente com as funções associadas de identificação de usuários, autenticação e gerenciamento de direitos, sempre foram importantes para limitar e, em alguns casos, registrar as atividades de usuários e administradores autorizados. Em outras palavras, essas são abordagens complementares para a segurança de bancos de dados, funcionando tanto de fora para dentro quanto de dentro para fora, por assim dizer.
Muitas organizações desenvolvem seus próprios padrões e projetos de segurança ""base"", detalhando medidas de controle de segurança para seus sistemas de banco de dados. Esses padrões podem refletir requisitos ou obrigações gerais de segurança da informação impostos por políticas corporativas de segurança da informação e leis e regulamentos aplicáveis (por exemplo, relativos à privacidade, gestão financeira e sistemas de relatórios), juntamente com boas práticas de segurança de banco de dados geralmente aceitas (como o endurecimento adequado dos sistemas subjacentes) e, possivelmente, recomendações de segurança dos fornecedores de software e sistemas de banco de dados relevantes. Os projetos de segurança para sistemas de banco de dados específicos normalmente especificam funções adicionais de administração e gerenciamento de segurança (como administração e geração de relatórios de direitos de acesso do usuário, gerenciamento e análise de logs, replicação/sincronização de banco de dados e backups), além de vários controles de segurança da informação orientados aos negócios dentro dos programas e funções do banco de dados (por exemplo, validação de entrada de dados e trilhas de auditoria [en]). Além disso, várias atividades relacionadas à segurança (controles manuais) são normalmente incorporadas aos procedimentos, diretrizes etc. relativos ao projeto, desenvolvimento, configuração, uso, gerenciamento e manutenção de bancos de dados.",Dados
Um contrato inteligente (em inglês: smart contract) é um pro,"Um contrato inteligente (em inglês: smart contract) é um protocolo de computador autoexecutável criado com a popularização das criptomoedas e feito para facilitar e reforçar a negociação ou desempenho de um contrato, proporcionando confiabilidade em transações online. Com objetivo principal de permitir que pessoas desconhecidas façam negócios de confiança entre si, pela internet sem a necessidade de intermédio de uma autoridade central. 
Para que seja considerado um contrato inteligente, a transação deve envolver mais do que uma simples transferência de moeda virtual entre duas pessoas (como uma transferência de pagamento, por exemplo), deve envolver duas ou mais partes (como todo contrato), e a implementação do contrato não deve requerer envolvimento humano direto a partir do momento este é firmado. Em vez de escritos num papel em linguagem jurídica, são implementados com linguagem de programação e executados em um computador. Neste protocolo, são definidas regras e consequências estritas, do mesmo modo que um documento jurídico, declarando as obrigações, os benefícios e as penalidades dos envolvidos. Além disso, diferentemente de um contrato tradicional, um contrato inteligente é capaz de obter informações, processá-las e tomar as devidas ações previstas de acordo com as regras do contrato.
A maioria dos negócios necessita de algum elemento de confiança, como por exemplo, ao fazer uma compra online, o cliente confia que o estabelecimento irá enviar o produto após efetuar o pagamento. Por sua vez, o dono do estabelecimento confia que, após o envio do produto, o crédito do cliente que foi usado para comprar o produto não será revertido, para que o cliente não leve o produto de graça. Esse tipo de cenário acontece rotineiramente, e vem sido resolvido, até agora, fazendo a transação por meio de grandes instituições nas quais as duas partes envolvidas confiam. Por exemplo, mesmo a internet permitindo que pessoas comprem e vendam produtos entre si, a maioria do comércio pessoa a pessoa no ocidente acontece por meio de um único website gigante chamado eBay (no Brasil, o Mercado Livre), devido ao problema da confiança. Além desses intermediários gigantes cobrarem taxas significativas pelo serviço de mediação, eles ainda têm o controle sobre o que é comercializado e como esse comércio pode se dar, limitando a liberdade de mercado das pessoas. Por isso, ao resolver o problema da confiança sem a necessidade de um intermediário, os contratos inteligentes podem reduzir os custos de transação e os preços para o consumidor, além de aumentar a liberdade para que os negócios sejam geridos da maneira que as pessoas envolvidas no processo quiserem.",Blockchain
A prova de queima (em inglês: proof-of-burn) é um método de ,"A prova de queima (em inglês: proof-of-burn) é um método de consenso distribuído e uma alternativa à prova de trabalho (em inglês: proof-of-work) e à prova de participação (em inglês: proof-of-stake). Este método também pode ser usado para formar uma nova criptomoeda a partir de outras.
O método consiste em mineradores que devem mostrar uma prova de que eles queimaram moedas - ou seja, as mandaram para um endereço verificavelmente inexpugnável (isto é, não é possível gastar o valor). Apesar de ser custoso num ponto de vista individual, assim como a prova de trabalho, a prova de queima não consome nenhum recurso além do valor subjacente queimado. Até então, a maioria das criptomoedas baseadas na prova de queima funcionam por queimar criptomoedas geradas pela mineração de prova de trabalho.",Blockchain
O Modelo em Cascata (do inglês: Waterfall Model) é um modelo,"O Modelo em Cascata (do inglês: Waterfall Model) é um modelo de desenvolvimento de software sequencial no qual o processo é visto como um fluir constante para frente (como uma cascata) através das fases de análise de requisitos, projeto, implementação, testes (validação), integração, e manutenção de software. A origem do termo cascata é frequentemente citado como sendo um artigo publicado em 1970 por W. W. Royce; ironicamente, Royce defendia um abordagem iterativa para o desenvolvimento de software e nem mesmo usou o termo cascata. Royce originalmente descreve",QA
A Coinbase é uma casa de câmbio digital com sede em São Fran,"A Coinbase é uma casa de câmbio digital com sede em São Francisco, Califórnia. A empresa intermedia trocas de Bitcoin, Bitcoin Cash, Ethereum, Ethereum Classic, Litecoin, Tezos e muitas outras criptomoedas, com moedas fiduciárias em aproximadamente 32 países e transações e armazenamento de Bitcoin em 190 países em todo o mundo.",Blockchain
Informação é um conhecimento inscrito (gravado) sob a forma ,"Informação é um conhecimento inscrito (gravado) sob a forma escrita (impressa ou numérica), oral ou audiovisual. É resultante do processamento, manipulação e organização de dados, de tal forma que represente uma modificação (quantitativa ou qualitativa) no conhecimento do sistema (humano, animal ou máquina) que a recebe. Le Coadic, pesquisador da área da Ciência da Informação, destaca que o valor da informação varia conforme o indivíduo, as necessidades e o contexto em que é produzida e compartilhada. Uma informação pode ser altamente relevante para um indivíduo e a mesma informação pode não ter significado algum para outro indivíduo. Informação enquanto conceito carrega uma diversidade de significados, do uso habitual ao uso técnico. Genericamente, o conceito de informação está intimamente ligado às noções de",Ciberseguranca
"Na programação orientada a objeto (POO), uma fábrica ou Fact","Na programação orientada a objeto (POO), uma fábrica ou Factory é um objeto para a criação de outros objetos – formalmente uma fábrica é uma função ou método que retorna os objetos de uma classe ou protótipo variável , a partir de uma chamada de método, o que é considerado ""novo"". Mais amplamente, uma sub-rotina que retorna um objeto ""novo"" pode ser chamada de ""fábrica"", como no método de fábrica ou na função de fábrica. Este é um conceito básico em POO , e constitui a base para um número de padrões de design de software. Este conceito e amplamente utilizado e fundamental para profissionais da area.",QA
Bytecoin (símbolo de ticker BCN) é a primeira criptomoeda ba,"Bytecoin (símbolo de ticker BCN) é a primeira criptomoeda baseada no protocolo CryptoNote, com código aberto e projetada para a realização de transações anônimas, protegendo a privacidade das partes envolvidas em uma transação.
Seu desenvolvimento não tem relação direta com o Bitcoin ou algum de seus forks, pois trata-se de um projeto inteiramente novo que foi baseado unicamente na tecnologia de assinatura em anel, desenvolvida para ocultar a origem dos recursos, impedindo seu rastreamento por quem quer que seja",Blockchain
Desenvolvimento de aplicações e sistemas para dispositivos m,"Desenvolvimento de aplicações e sistemas para dispositivos móveis, por vezes utilizado apenas como desenvolvimento mobile é toda atividade e processos acerca do desenvolvimento de software para dispositivos móveis (handheld) como computadores de bolso, PDAs, smartphone, telefone celular, console portátil e Ultra Mobile PC combinado com tecnologias como GPS, TV portátil, touch, consoles, navegador de Internet, WAP, leitores de áudio, vídeo e texto, entre outros. Estes aplicativos podem ser",Mobile
SQL (sigla de Structured Query Language; em português lingua,SQL (sigla de Structured Query Language; em português linguagem de consulta estruturada) é uma linguagem de domínio específico desenvolvida para gerenciar dados relacionais em,Dados
"Em informática, hacker (AFI: /ʁakɚɹ/ ˈhæk,ər) é um indivíduo","Em informática, hacker (AFI: /ʁakɚɹ/ ˈhæk,ər) é um indivíduo altamente dedicado a conhecer/modificar os aspectos mais internos de dispositivos tecnológicos, programas computacionais e, redes de computadores. Hackers podem ser motivados por uma infinidade de razões — como lucro, protesto, vaidade, curiosidade, patriotismo, espírito competitivo, coleta de informações, recreação ou para avaliar as vulnerabilidades do sistema e auxiliar na defesas contra invasões em potencial. Hackers que usam seu conhecimento para fins ilegais são chamados crackers. Um hacker frequentemente obtém soluções e efeitos extraordinários que extrapolam os limites do funcionamento ""normal"" dos sistemas, como previstos pelos seus criadores; incluindo, por exemplo, contornar as barreiras que deveriam impedir o controle de certos sistemas e conseguir acesso a certos dados confidenciais ou privados.
O termo ""háquer"" é importado da língua inglesa é aportuguesado como ráquer, ou traduzido como decifrador (termo introduzido no Brasil na década de 2000 por empresas de informática.) Os verbos ""hackear"" e ""raquear"" normalmente descrevem modificações/manipulações de sistemas computacionais, desde sistemas operacionais, softwares, bancos de dados e jogos eletrônicos
Muitos hackers compartilham informações e colaboram em projetos comuns, incluindo congressos de ativismo e ciberativismo, muitas vezes esses eventos são ligados com a criação de software livre, constituindo uma comunidade hacker com cultura, ideologia e motivações específicas. Outros trabalham para empresas, agências governamentais ou por conta própria. Hackers foram responsáveis por várias inovações importantes na computação, incluindo a linguagem de programação C e o sistema operacional Unix (Kernighan e Ritchie), o editor de texto emacs (Stallman), o sistema GNU/Linux (Stallman e Torvalds) e o indexador Google (Page e Brin). Hackers também revelaram muitas fragilidades em sistemas de criptografia e segurança, como urnas digitais (Gonggrijp e Haldeman), engenharia reversa, bloqueio de telefones celulares e etc.",Ciberseguranca
"Na programação orientada a objeto (POO), uma fábrica ou Fact","Na programação orientada a objeto (POO), uma fábrica ou Factory é um objeto para a criação de outros objetos – formalmente uma fábrica é uma função ou método que retorna os objetos de uma classe ou protótipo variável , a partir de uma chamada de método, o que é considerado ""novo"". Mais amplamente, uma sub-rotina que retorna um objeto ""novo"" pode ser chamada de ""fábrica"", como no método de fábrica ou na função de fábrica. Este é um conceito básico em POO , e constitui a base para um número de padrões de design de software.",QA
Ferramentas CASE (do inglês Computer-Aided Software Engineer,"Ferramentas CASE (do inglês Computer-Aided Software Engineering) é uma classificação que abrange todas as ferramentas baseadas em computadores que auxiliam atividades de engenharia de software, desde análise de requisitos e modelagem até programação e testes. Podem ser consideradas como ferramentas automatizadas que tem como objetivo auxiliar o desenvolvedor de sistemas em uma ou várias etapas do ciclo de vida do desenvolvimento de um software. Este tema continua relevante e se mantem como base para estudos avancados.",Frontend
O aprendizado automático (português brasileiro) ou  a aprend,"O aprendizado automático (português brasileiro) ou  a aprendizagem automática (português europeu) ou também aprendizado de máquina (português brasileiro) ou aprendizagem de máquina (português europeu) (em inglês: machine learning) é um subcampo da Engenharia e da ciência da computação que evoluiu do estudo de reconhecimento de padrões e da teoria do aprendizado computacional em inteligência artificial. Em 1959, Arthur Samuel definiu aprendizado de máquina como o ""campo de estudo que dá aos computadores a habilidade de aprender sem serem explicitamente programados""(livre tradução).  O aprendizado automático explora o estudo e construção de algoritmos que podem aprender de seus erros e fazer previsões sobre dados. Tais algoritmos operam construindo um modelo a partir de inputs amostrais a fim de fazer previsões ou decisões guiadas pelos dados ao invés de simplesmente seguindo inflexíveis e estáticas instruções programadas. Enquanto que na inteligência artificial existem dois tipos de raciocínio (o indutivo, que extrai regras e padrões de grandes conjuntos de dados, e o dedutivo), o aprendizado de máquina só se preocupa com o indutivo.
Algumas partes do aprendizado automático estão intimamente ligadas (e muitas vezes sobrepostas) à estatística computacional; uma disciplina que foca em como fazer previsões através do uso de computadores, com pesquisas focando nas propriedades dos métodos estatísticos e sua complexidade computacional. Ela tem fortes laços com a otimização matemática, que produz métodos, teoria e domínios de aplicação para este campo. O aprendizado automático é usado em uma variedade de tarefas computacionais onde criar e programar algoritmos explícitos é impraticável. Exemplos de aplicações incluem filtragem de spam, reconhecimento ótico de caracteres (OCR), processamento de linguagem natural, motores de busca, diagnósticos médicos, bioinformática, reconhecimento de fala, reconhecimento de escrita, visão computacional e locomoção de robôs. O aprendizado de máquinas é às vezes confundido com mineração de dados, que é um sub-campo que foca mais em análise exploratória de dados e é conhecido como aprendizado não supervisionado. No campo da análise de dados, o aprendizado de máquinas é um método usado para planejar modelos complexos e algoritmos que prestam-se para fazer predições- no uso comercial, isso é conhecido como análise preditiva. Esses modelos analíticos permitem que pesquisadores, cientistas de dados, engenheiros, e analistas possam ""produzir decisões e resultados confiáveis e repetitíveis"" e descobrir os ""insights escondidos"" através do aprendizado das relações e tendências históricas nos dados.
As contribuições para a fundação da aprendizagem automática (aprendizado de máquina) feitas pelos cientistas John Hopfield e Geoffrey Hinton foram distinguidas em 2024 com o Prémio Nobel de Física. O Comité Nobel destacou os cientistas por ""descobertas fundamentais e invenções que permitem aprendizagem automática com redes neuronais artificiais”. Este conceito e amplamente utilizado e fundamental para profissionais da area.",Dados
"Hardware de rede, ou dispositivos de rede, referem-se aos eq","Hardware de rede, ou dispositivos de rede, referem-se aos equipamentos que facilitam e dão suporte ao uso de uma rede de computadores, ou seja, são os meios físicos necessários para a comunicação entre os componentes participantes de uma rede. São exemplos típicos de dispositivos de rede:

switches;
roteadores;
concentradores;
repetidores;
adaptadores de rede;
modem;
gateway;
bridge;
firewall;
pontos de acesso sem fio,
e outros hardwares relacionados.
O tipo mais básico de hardware de rede são os adaptadores de rede Ethernet, ajudados em grande parte por sua inclusão-padrão na maioria dos sistemas informáticos modernos. Todavia, redes sem fio tem se tornado cada vez mais populares, especialmente para dispositivos portáteis.
Outros equipamentos prevalecentes no campo do hardware de rede são aqueles utilizados em datacenters (tais como servidores de arquivos, servidores de bancos de dados, dispositivos de armazenamento, serviços de rede (tais como DNS, DHCP, e-mail etc) bem como outros dispositivos específicos de rede tais como provimento de conteúdo.
Outros dispositivos diversos que poderiam ser considerados hardware de rede incluem telefones celulares, PDAs, impressoras e mesmo máquinas de café modernas (e outros dispositivos conectados na Internet). A medida que a tecnologia avança e redes baseadas no protocolo IP são integradas na infraestrutura de edifícios e em utilidades domésticas, o hardware de rede torna-se onipresente devido ao número crescente de pontos de rede possíveis. Compreender bem este assunto e essencial para quem atua ou estuda nesta area.",Ciberseguranca
A computação é qualquer atividade orientada a objetivos que ,"A computação é qualquer atividade orientada a objetivos que exija, se beneficie ou crie máquinas de computação. Ela inclui o estudo e a experimentação de processos algorítmicos e o desenvolvimento de hardware e software. A computação tem aspectos científicos, de engenharia, matemáticos, tecnológicos e sociais. Pode ser definida como a busca de solução para um problema a partir de entradas (inputs), de forma a obter resultados (outputs) depois de processada a informação através de um algoritmo. É com isto que lida a teoria da computação, subcampo da ciência da computação e da matemática. Disciplinas de computação incluem engenharia da computação, ciência da computação, segurança cibernética, ciência de dados, sistemas de informação, tecnologia da informação, arte digital e engenharia de software.
O termo computação também é sinônimo de contagem e cálculo. Antigamente, era usado em referência à ação executada por máquinas de computação mecânica e, antes disso, por computadores humanos.",Backend
O termo Qualidade possui diferentes definições na literatura,"O termo Qualidade possui diferentes definições na literatura. O glossário do IEEE define qualidade como “Grau de conformidade de um sistema, componente ou processo com os respectivos requisitos”, ou, alternativamente, como “Grau de conformidade de um sistema, componente ou processo com as necessidades e expectativas de clientes ou usuários”.
Ambas as definições refletem aspectos importantes da qualidade; diversos autores apresentam outras definições, que geralmente giram em torno dos temas de conformidade com os requisitos e atendimento das expectativas. Naturalmente, pode haver diferenças entre as aplicações dessas definições se os requisitos explícitos não refletirem corretamente as necessidades reais. Como salienta, a qualidade é definida por uma coleção de atributos; funcionalidade, confiabilidade, satisfação do usuário e desempenho são aspectos importantes, mas parciais.
A norma NBR ISO 9000:2005 define qualidade como sendo o grau no qual um conjunto de características inerentes satisfaz aos requisitos. Ou seja, pode-se afirmar que se algum produto ou serviço atende aos requisitos especificados, este mesmo produto ou serviço possui a qualidade desejada.
Outra visão diferente é no contexto de desenvolvimento de software: qualidade pode ser entendida como um conjunto de características a serem satisfeitas em um determinado grau, de modo que o produto de software atenda às necessidades explícitas e implícitas de seus usuários .",QA
"Cracker (aportuguesado como cráquer), ou ciberpirata, é o te","Cracker (aportuguesado como cráquer), ou ciberpirata, é o termo usado para designar o indivíduo com grande conhecimento de informática que pratica a quebra (ou cracking) de um sistema de segurança de forma ilegal (crime informático) ou a quebra sem ética. Este termo foi criado em 1985 por hackers em defesa contra o uso jornalístico pejorativo do termo ""hacker"", que reflete a forte revolta destes contra o roubo e o vandalismo praticados pelos crackers. O sentido pejorativo do hacker ainda persiste entre o público leigo. Este tema continua relevante e se mantem como base para estudos avancados.",Ciberseguranca
"Em informática, um servidor é um software ou computador, com","Em informática, um servidor é um software ou computador, com sistema de computação centralizada que fornece serviços a uma rede de computadores, chamada de cliente. Esses serviços podem ser de naturezas distintas, como por exemplo, arquivos e correio eletrônico. Esta arquitetura é chamada de modelo cliente-servidor, é utilizada em redes de médio e grande porte (com muitas máquinas) e em redes onde a questão da segurança desempenha um papel de grande importância. O termo servidor é amplamente aplicado a computadores completos, embora um servidor possa equivaler a um software",Cloud/Infra
O root ou rooting é um processo realizado em smartphones e e,"O root ou rooting é um processo realizado em smartphones e em tablets com sistema operacional Android o qual permite que o dispositivo execute comandos privilegiados que tipicamente são indisponíveis em sua configuração padrão. O nome do procedimento advém do fato de o sistema Android ser baseado no Linux e este sistema possuir um superusuário, chamado root, que possui acesso a comandos, a configurações e a áreas sensíveis do sistema de arquivos do sistema operacional. O processo de rooting permite ao usuário remover,",Mobile
O aprendizado automático (português brasileiro) ou  a aprend,"O aprendizado automático (português brasileiro) ou  a aprendizagem automática (português europeu) ou também aprendizado de máquina (português brasileiro) ou aprendizagem de máquina (português europeu) (em inglês: machine learning) é um subcampo da Engenharia e da ciência da computação que evoluiu do estudo de reconhecimento de padrões e da teoria do aprendizado computacional em inteligência artificial. Em 1959, Arthur Samuel definiu aprendizado de máquina como o ""campo de estudo que dá aos computadores a habilidade de aprender sem serem explicitamente programados""(livre tradução).  O aprendizado automático explora o estudo e construção de algoritmos que podem aprender de seus erros e fazer previsões sobre dados. Tais algoritmos operam construindo um modelo a partir de inputs amostrais a fim de fazer previsões ou decisões guiadas pelos dados ao invés de simplesmente seguindo inflexíveis e estáticas instruções programadas. Enquanto que na inteligência artificial existem dois tipos de raciocínio (o indutivo, que extrai regras e padrões de grandes conjuntos de dados, e o dedutivo), o aprendizado de máquina só se preocupa com o indutivo.
Algumas partes do aprendizado automático estão intimamente ligadas (e muitas vezes sobrepostas) à estatística computacional; uma disciplina que foca em como fazer previsões através do uso de computadores, com pesquisas focando nas propriedades dos métodos estatísticos e sua complexidade computacional. Ela tem fortes laços com a otimização matemática, que produz métodos, teoria e domínios de aplicação para este campo. O aprendizado automático é usado em uma variedade de tarefas computacionais onde criar e programar algoritmos explícitos é impraticável. Exemplos de aplicações incluem filtragem de spam, reconhecimento ótico de caracteres (OCR), processamento de linguagem natural, motores de busca, diagnósticos médicos, bioinformática, reconhecimento de fala, reconhecimento de escrita, visão computacional e locomoção de robôs. O aprendizado de máquinas é às vezes confundido com mineração de dados, que é um sub-campo que foca mais em análise exploratória de dados e é conhecido como aprendizado não supervisionado. No campo da análise de dados, o aprendizado de máquinas é um método usado para planejar modelos complexos e algoritmos que prestam-se para fazer predições- no uso comercial, isso é conhecido como análise preditiva. Esses modelos analíticos permitem que pesquisadores, cientistas de dados, engenheiros, e analistas possam ""produzir decisões e resultados confiáveis e repetitíveis"" e descobrir os ""insights escondidos"" através do aprendizado das relações e tendências históricas nos dados.
As contribuições para a fundação da aprendizagem automática (aprendizado de máquina) feitas pelos cientistas John Hopfield e Geoffrey Hinton foram distinguidas em 2024 com o Prémio Nobel de Física. O Comité Nobel destacou os cientistas por ""descobertas fundamentais e invenções que permitem aprendizagem automática com redes neuronais artificiais”.",Dados
"A linguagem de programação é um método padronizado, formado ","A linguagem de programação é um método padronizado, formado por um conjunto de regras sintáticas e semânticas, de implementação de um código fonte - que pode ser compilado e transformado em um programa de computador, ou usado como script interpretado - que informará instruções de processamento ao computador. Permite que um programador especifique precisamente quais os dados que o computador irá atuar, como estes dados serão armazenados ou transmitidos e, quais ações devem ser tomadas de acordo com as circunstâncias. Linguagens de programação podem ser usadas para expressar algoritmos com precisão.
O conjunto de palavras (lexemas classificados em tokens), compostos de acordo com essas regras, constituem o código fonte de um software. Esse código fonte é depois traduzido para código de máquina, que é executado pelo microprocessador.
Uma das principais metas das linguagens de programação é que programadores tenham uma maior produtividade, permitindo expressar suas intenções mais facilmente do que quando comparado com a linguagem que um computador entende nativamente (código de máquina). Assim, linguagens de programação são projetadas para adotar uma sintaxe de nível mais alto, que pode ser mais facilmente entendida por programadores humanos. Linguagens de programação são ferramentas importantes para que programadores e engenheiros de software possam escrever programas mais organizados e com maior rapidez.
Linguagens de programação também tornam os programas menos dependentes de computadores ou ambientes computacionais específicos (propriedade chamada de portabilidade). Isto acontece porque programas escritos em linguagens de programação são traduzidos para o código de máquina do computador no qual será executado em vez de ser diretamente executado. Uma meta ambiciosa do Fortran, uma das primeiras linguagens de programação, era esta independência da máquina onde seria executada. Este conceito e amplamente utilizado e fundamental para profissionais da area.",Backend
Plasma é uma tecnologia criada por Vitalik Butterin e Joseph,"Plasma é uma tecnologia criada por Vitalik Butterin e Joseph Poon em 11 de agosto de 2017 para solucionar o problema de escalabilidade presente na blockchain do Ethereum. Semelhante à Lightning Network do Bitcoin, Plasma funciona como uma segunda camada acima da blockchain principal do Ethereum, onde blockchains secundárias são criadas acima da blockchain principal, com seus próprios critérios de validação. Isso possibilita com que boa parte das interações necessárias seja feita na blockchain secundária, diminuindo o número de interações necessárias com a blockchain principal e assim aumentando a escalabilidade da rede. O Plasma promete permitir que Ethereum amplie sua capacidade de processamento para milhares ou potencialmente bilhões de transações por segundo. A tecnologia ainda está em fase de teste, entretanto têm atraído a atenção de boa parte da comunidade.",Blockchain
"Em fevereiro de 2024, uma porta dos fundos maliciosa foi int","Em fevereiro de 2024, uma porta dos fundos maliciosa foi introduzida na compilação para Linux do utilitário XZ Utils, dentro da biblioteca liblzma, nas versões 5.6.0 e 5.6.1, por uma conta que usava o nome ""Jia Tan"". A porta dos fundos permite que um atacante que possua uma chave privada Ed448 específica execute execução remota de código por meio do OpenSSH no sistema Linux afetado. O problema recebeu o identificador Common Vulnerabilities and Exposures CVE-2024-3094 e obteve uma pontuação CVSS de 10.0, a pontuação máxima possível.
Embora o xz esteja normalmente presente na maioria das distribuições Linux, no momento da descoberta a versão comprometida ainda não havia sido amplamente implantada em sistemas de produção, mas estava presente em versões de desenvolvimento de grandes distribuições. A porta dos fundos foi descoberta pelo programador Andres Freund, que anunciou as suas conclusões em 29 de março de 2024.",DevOps
O CorelDRAW é um programa de desenho vetorial bidimensional ,"O CorelDRAW é um programa de desenho vetorial bidimensional para design gráfico desenvolvido pela Corel Corporation, Canadá. É um aplicativo de ilustração trevial vetorial e layout de página que possibilita a criação e a manipulação de vários produtos, como por exemplo: desenhos artísticos, publicitários, logotipos, capas de revistas, livros, etc. Este conceito e amplamente utilizado e fundamental para profissionais da area.",DevOps
A computação é qualquer atividade orientada a objetivos que ,"A computação é qualquer atividade orientada a objetivos que exija, se beneficie ou crie máquinas de computação. Ela inclui o estudo e a experimentação de processos algorítmicos e o desenvolvimento de hardware e software. A computação tem aspectos científicos, de engenharia, matemáticos, tecnológicos e sociais. Pode ser definida como a busca de solução para um problema a partir de entradas (inputs), de forma a obter resultados (outputs) depois de processada a informação através de um algoritmo. É com isto que lida a teoria da computação, subcampo da ciência da computação e da matemática. Disciplinas de computação incluem engenharia da computação, ciência da computação, segurança cibernética, ciência de dados, sistemas de informação, tecnologia da informação, arte digital e engenharia de software.
O termo computação também é sinônimo de contagem e cálculo. Antigamente, era usado em referência à ação executada por máquinas de computação mecânica e, antes disso, por computadores humanos.",Dados
A engenharia de cibersegurança é uma disciplina tech que se ,"A engenharia de cibersegurança é uma disciplina tech que se concentra na proteção de sistemas, redes e dados contra ameaças cibernéticas. Essa área envolve a aplicação de princípios de engenharia para o design, implementação, manutenção e avaliação de sistemas seguros, garantindo a integridade, confidencialidade e disponibilidade da informação.
Com o aumento das ameaças digitais e a crescente dependência da tecnologia em todos os aspectos da vida moderna, a engenharia de cibersegurança tornou-se crucial para proteger indivíduos, organizações e nações contra uma variedade de riscos cibernéticos. Dominar este conhecimento diferencia profissionais em qualquer segmento do mercado.",Cloud/Infra
"Em informática, um servidor é um software ou computador, com","Em informática, um servidor é um software ou computador, com sistema de computação centralizada que fornece serviços a uma rede de computadores, chamada de cliente. Esses serviços podem ser de naturezas distintas, como por exemplo, arquivos e correio eletrônico. Esta arquitetura é chamada de modelo cliente-servidor, é utilizada em redes de médio e grande porte (com muitas máquinas) e em redes onde a questão da segurança desempenha um papel de grande importância. O termo servidor é amplamente aplicado a computadores completos, embora um servidor possa equivaler a um software",Backend
"Edge computing (em português, computação de borda) é um mode","Edge computing (em português, computação de borda) é um modelo de computação distribuída que aproxima a computação e o armazenamento de dados das fontes de dados. De forma mais ampla, refere-se a qualquer design que empurre a computação fisicamente para mais perto de um usuário, a fim de reduzir a latência em comparação a quando uma aplicação é executada em um data center centralizado.
O termo começou a ser usado na década de 1990 para descrever redes de entrega de conteúdo (CDNs) — estas eram usadas para entregar conteúdo de sites e vídeos a partir de servidores localizados próximos aos usuários. No início dos anos 2000, esses sistemas expandiram seu escopo para hospedar outras aplicações, levando aos primeiros serviços de computação de borda. Esses serviços podiam realizar tarefas como localizar revendedores, gerenciar carrinhos de compras, coletar dados em tempo real e inserir anúncios.
A Internet das coisas (IoT), onde dispositivos estão conectados à Internet, é frequentemente associada à computação de borda. Compreender bem este assunto e essencial para quem atua ou estuda nesta area.",Cloud/Infra
Lavabit é um serviço de e-mail criptografado de código abert,"Lavabit é um serviço de e-mail criptografado de código aberto fundado em 2004. Acredita-se que tenha sido usado pelo ex-consultor da inteligência americana Edward Snowden para trocar mensagens enquanto estava refugiado no Aeroporto de Moscou. Em 8 de agosto de 2013 o serviço de correio eletrônico suspendeu suas operações após o governo federal dos Estados Unidos ordenar que o Lavabit entregasse suas chaves privadas Secure Sockets Layer (SSL) a fim de permitir a espionagem do e-mail de Edward Snowden. Ladar Levison, proprietário, desenvolvedor e operador do Lavabit, disse que foi forçado a tomar a difícil decisão de encerrar o provedor de e-mail, mas em 2017 o serviço de correio eletrônico foi relançado e voltou a ser disponibilizado com criptografia de ponta a ponta. Compreender bem este assunto e essencial para quem atua ou estuda nesta area.",Ciberseguranca
Tether (muitas vezes chamado por seu símbolo USDT ) é uma cr,"Tether (muitas vezes chamado por seu símbolo USDT ) é uma criptomoeda hospedada nas blockchains Ethereum e Bitcoin, entre outras. Seus tokens são emitidos pela empresa de Hong Kong Tether Limited, que por sua vez é controlada pelos proprietários da Bitfinex. O Tether é chamado de stablecoin porque foi originalmente projetado para sempre valer US$ 1,00, mantendo US$ 1,00 em reservas para cada tether emitido.
Enquanto, de acordo com seu acordo de 2021 com a procuradora-geral de Nova York Letitia James, ""o Tether representa para os usuários que qualquer detentor de tethers pode resgatá-los da empresa Tether à taxa de um tether por um dólar americano"", Tether Limited a partir de 2017, afirmou que os proprietários de tethers não têm direito contratual, outras reivindicações legais ou garantia de que os tethers serão ou poderão ser resgatados ou trocados por dólares. Em 30 de abril de 2019, o advogado da Tether Limited alegou que cada cabo era lastreado em US$ 0,74 em dinheiro e equivalentes. Em maio de 2021, o Tether publicou um relatório mostrando que apenas 2,9% do Tether era lastreado em dinheiro, com mais de 49,6% lastreado em papel comercial.
Em fevereiro de 2021, a Tether resolveu sua disputa legal com o Gabinete do Procurador-Geral de Nova York. A Bitfinex e a Tether não admitiram nenhuma irregularidade, mas pagaram uma multa de US$ 18,5 milhões. As descobertas do OAG no acordo de 17 de fevereiro de 2021 declararam: ""[des]de seu início em 2014 até o final de fevereiro de 2019, o Tether representou que cada tether pendente era 'apoiado' por e, portanto, deveria ser avaliado em um dólar americano"", mas em 14 de março de 2019, alterou o lastro para incluir empréstimos a empresas afiliadas (ou seja, iFinex). O acordo encerrou um processo público alegando que a Bitfinex havia usado os fundos da Tether para cobrir US$ 850 milhões desaparecidos desde meados de 2018 e o OAG descobriu que a iFinex – operadora da Bitfinex e Tether – havia feito declarações falsas sobre o apoio da o Tether e sobre o movimento de centenas de milhões de dólares entre as duas empresas para esconder as perdas da Bitfinex. No entanto, a iFinex e a Tether não admitiram ou negaram as conclusões da OAG no acordo. De acordo com AG James, ""as alegações da Tether de que sua moeda virtual era totalmente lastreada em dólares americanos o tempo todo era uma mentira"".
Tether Limitada e a criptomoeda Tether são controversas por causa do suposto papel da empresa na manipulação do preço do Bitcoin, uma relação pouco clara com a exchange Bitfinex e a falha da empresa em fornecer uma auditoria prometida mostrando reservas adequadas apoiando o token Tether.
Em 2019, o Tether ultrapassou o Bitcoin em volume de negociação com o maior volume de negociação diário e mensal de qualquer criptomoeda no mercado.",Blockchain
"O Windows 2000 foi uma versão do Microsoft Windows, preempti","O Windows 2000 foi uma versão do Microsoft Windows, preemptivo, gráfico e de fácil aprendizagem que foi desenvolvido para trabalhar com um ou mais processadores de 32 bits em computadores na arquitetura x86 e 64 bits na arquitetura IA64. É parte de uma linha de sistemas operacionais da Windows NT da Microsoft e foi lançado em 17 de fevereiro de 2000, sendo o sucessor do Windows NT 4.0. Ele está disponível em quatro versões: Professional, Server, Advanced Server e Datacenter Server. Adicionalmente, a Microsoft oferece o Windows 2000 Advanced Server - Edição Limitada, que foi lançado em 2001 e roda em processadores de 64 bits Itanium. O Windows 2000 é classificado com um sistema operacional de núcleo híbrido, e sua arquitetura é dividida em dois modos: usuário e núcleo. O ""modo núcleo"" dá acesso total aos recursos do sistema e suporta a execução das aplicações em modo usuário, com acesso restrito aos recursos. Em 2008, o Windows 2000 ou posterior continuava sendo altamente predominante em ambientes de computação corporativa, sendo utilizado em 98,5% das 263 estações de trabalho corporativas pesquisadas.
Todas as versões do Windows 2000 possuem em comum muitas funcionalidades, incluindo muitas utilidades de sistema como o Microsoft Management Console (MMC) e sistemas de gerenciamento de aplicação como o utilitário de desfragmentação de disco.
Todas as versões do Windows 2000 suportam o sistema de arquivos Windows NT versão 5 ou NTFS 5 (New Tecnology File System), o sistema de arquivos criptografado (EFS), também armazenamento em discos básicos ou dinâmicos. O armazenamento em discos dinâmicos permite que diferentes volumes sejam utilizados. A família 2000 Server também teve um aumento de funcionalidades, incluindo a capacidade de ter um serviço de diretório único: o Active Directory, Distributed File System (um sistema de arquivos que possibilita compartilhamento de arquivos) e armazenamento em volumes com tolerância à falhas.
O Windows 2000 pode ser instalado numa empresa através de instalações interativas ou não interativas. A instalação não interativa se baseia no uso de um arquivo de resposta que tem a finalidade de preencher as informações de instalação, e pode ser utilizado através de um CD ""bootável"" usando o Microsoft Systems Management Server (SMS), através do System Preparation Tool (Sysprep). Este conceito e amplamente utilizado e fundamental para profissionais da area.",Cloud/Infra
"O JUnit é um framework open-source, que se assemelha ao raio","O JUnit é um framework open-source, que se assemelha ao raio de testes software java, criado por Erich Gamma e Kent Beck, com suporte à criação de testes automatizados na linguagem de programação Java. Esse framework facilita a criação e manutenção do código para a automação de testes com apresentação dos resultados. Com ele, pode ser verificado se cada método de uma classe funciona da forma esperada, exibindo possíveis erros ou falhas podendo ser utilizado tanto para a execução de baterias de testes como para extensão. Com JUnit, o programador tem a possibilidade de usar esta ferramenta para criar um modelo padrão de testes, muitas vezes de forma automatizada. O teste de unidade testa o menor dos componentes de um sistema de maneira isolada. Cada uma dessas unidades define um conjunto de estímulos (chamada de métodos), e de dados de entrada e saída associados a cada estímulo. As entradas são parâmetros e as saídas são o valor de retorno, exceções ou o estado do objeto. Tipicamente um teste unitário executa um método individualmente e compara uma saída conhecida após o processamento da mesma. Por exemplo: Assert.assertEquals(2, algumMetodo(1)); A expressão acima verifica se a saída de algumMetodo() é 2 quando esse método recebe o parâmetro",QA
A computação é qualquer atividade orientada a objetivos que ,"A computação é qualquer atividade orientada a objetivos que exija, se beneficie ou crie máquinas de computação. Ela inclui o estudo e a experimentação de processos algorítmicos e o desenvolvimento de hardware e software. A computação tem aspectos científicos, de engenharia, matemáticos, tecnológicos e sociais. Pode ser definida como a busca de solução para um problema a partir de entradas (inputs), de forma a obter resultados (outputs) depois de processada a informação através de um algoritmo. É com isto que lida a teoria da computação, subcampo da ciência da computação e da matemática. Disciplinas de computação incluem engenharia da computação, ciência da computação, segurança cibernética, ciência de dados, sistemas de informação, tecnologia da informação, arte digital e engenharia de software.
O termo computação também é sinônimo de contagem e cálculo. Antigamente, era usado em referência à ação executada por máquinas de computação mecânica e, antes disso, por computadores humanos. Este conceito e amplamente utilizado e fundamental para profissionais da area.",DevOps
Um servidor de jogo é um servidor que conecta clientes de jo,"Um servidor de jogo é um servidor que conecta clientes de jogos por meio de uma rede. Ou seja: um servidor de jogos é um programa de computador que conecta outros programas, os jogos que estão nos computadores dos diferentes jogadores. É um tipo de ""provedor de serviços"". Jogos aqui significam jogos que são executados em um computador local e não jogos on-line, como jogos em Flash. Um servidor de jogo é uma parte essencial de um jogo online porque os clientes não podem se encontrar sem um servidor. Geralmente, é necessário um código",Cloud/Infra
O GNU Compiler Collection (chamado usualmente por GCC) é um ,"O GNU Compiler Collection (chamado usualmente por GCC) é um conjunto de compiladores de linguagens de programação produzido pelo projecto GNU para construir um sistema operativo  semelhante ao Unix livre. Faz parte do sistema operativo GNU e FSF, sendo uma das ferramentas essenciais para manter o software livre, pois permite compilar o código-fonte em binários executáveis para as várias plataformas informáticas mais comuns. É distribuído pela Free Software Foundation (FSF) sob os termos da licença GNU GPL, disponível para sistemas operativos UNIX e Linux e certos sistemas operativos derivados tais como o Mac OS X.",Frontend
Ethereum Classic é uma plataforma pública peer-to-peer desce,"Ethereum Classic é uma plataforma pública peer-to-peer descentralizada que executa contratos inteligentes baseada na tecnologia blockchain. É um hard fork do projeto original Ethereum que resultou na bifurcação de duas outras tecnologias: Ethereum Classic (ETC) e simplesmente Ethereum (ETH). Tal hard fork se sucedeu após um hacker roubar cerca de 50 milhões de dólares em Ether (unidade de troca do Ethereum) de um fundo da The DAO, uma organização autônoma descentralizada digital construída utilizando a blockchain do Ethereum. Nos dias atuais, uma das empresas que coordena a ETC é a Input Output Hong Kong (IOHK).",Blockchain
"Na computação, o SSH File Transfer Protocol ou SFTP é um pro","Na computação, o SSH File Transfer Protocol ou SFTP é um protocolo de transferência de arquivos e de manipulação funcional. É tipicamente utilizado com o protocolo de segurança SSH-2.
Seu propósito é semelhante ao do FTP convencional, porém em função do uso de criptografia nas conexões (através do estabelecimento de um túnel SSH) o tráfego de informações possui um incremento de segurança efetivo. Foi desenvolvido pela Internet Engineering Task Force (IETF). Compreender bem este assunto e essencial para quem atua ou estuda nesta area.",Ciberseguranca
"Em desenvolvimento de software, modelo cliente-servidor (em ","Em desenvolvimento de software, modelo cliente-servidor (em inglês client-server model) é um padrão de mensagem de aplicação distribuída que distribui as tarefas e cargas de trabalho entre os fornecedores de um recurso ou serviço, designados como servidores, e os requerentes dos serviços, designados como clientes.
Geralmente os clientes e servidores comunicam através de uma rede de computadores em computadores distintos, mas tanto o cliente quanto o servidor podem residir no mesmo computador.
Um servidor é um host que está executando um ou mais serviços ou programas que compartilham recursos com os clientes. Um cliente não compartilha qualquer de seus recursos, mas solicita um conteúdo ou função do servidor. Os clientes iniciam sessões de comunicação com os servidores que aguardam requisições de entrada.
O modelo cliente-servidor foi desenvolvido na Xerox PARC durante os anos 70. Este modelo é actualmente o predominante nas redes informáticas. Email, a World Wide Web e redes de impressão são exemplos comuns deste modelo.",Cloud/Infra
"Uma criptomoeda ou cibermoeda é um meio de troca, geralmente","Uma criptomoeda ou cibermoeda é um meio de troca, geralmente descentralizado, que se utiliza da tecnologia de blockchain e da criptografia para assegurar a validade das transações e a criação de novas unidades da moeda. O Bitcoin, a primeira criptomoeda descentralizada, foi criado em 2009 por um usuário que usou o pseudônimo Satoshi Nakamoto. Desde então, muitas outras criptomoedas foram criadas. Mais recentemente, tem-se assistido a um fenômeno de explosão de inúmeros tokens que têm sido criados com base no protocolo do Ethereum, principalmente após a onda massiva",Blockchain
A computação é qualquer atividade orientada a objetivos que ,"A computação é qualquer atividade orientada a objetivos que exija, se beneficie ou crie máquinas de computação. Ela inclui o estudo e a experimentação de processos algorítmicos e o desenvolvimento de hardware e software. A computação tem aspectos científicos, de engenharia, matemáticos, tecnológicos e sociais. Pode ser definida como a busca de solução para um problema a partir de entradas (inputs), de forma a obter resultados (outputs) depois de processada a informação através de",Dados
"Na computação em nuvem, a elasticidade é definida como ""o gr","Na computação em nuvem, a elasticidade é definida como ""o grau em que um sistema é capaz de adaptar-se a carga de trabalho através de provisionamento e desprovisionamento de recursos automaticamente, de forma que em cada ponto no tempo, os recursos disponíveis correspondam à demanda atual, tão próxima quanto",Cloud/Infra
"Em informática, um firewall (em português:  parede de fogo),","Em informática, um firewall (em português:  parede de fogo), raramente traduzido como corta-fogo ou corta-fogos, com o significado de ""parede corta-ataques"", é um dispositivo de uma rede de computadores,na forma de um programa (software) ou de equipamento físico (hardware), que tem por objetivo aplicar uma política de segurança a um determinado ponto da rede, geralmente associados a redes TCP/IP. O firewall pode ser do tipo filtros de pacotes, proxy de aplicações, etc.
A combinação do software e de hardware de proteção, é chamado tecnicamente de ""appliance"". A complexidade de instalação depende do tamanho da rede, da política de segurança, da quantidade de regras que controlam o fluxo de entrada e saída de informações e do grau de segurança desejado. Este conceito e amplamente utilizado e fundamental para profissionais da area.",Ciberseguranca
A engenharia de cibersegurança é uma disciplina tech que se ,"A engenharia de cibersegurança é uma disciplina tech que se concentra na proteção de sistemas, redes e dados contra ameaças cibernéticas. Essa área envolve a aplicação de princípios de engenharia para o design, implementação, manutenção e avaliação de sistemas seguros, garantindo a integridade, confidencialidade e disponibilidade da informação.
Com o aumento das ameaças digitais e a crescente dependência da tecnologia em todos os aspectos da vida moderna, a engenharia de cibersegurança tornou-se crucial para proteger indivíduos, organizações e nações contra uma variedade de riscos cibernéticos. Este tema continua relevante e se mantem como base para estudos avancados.",DevOps
"Microsoft Mobile, Oyj foi uma fabricante multinacional de di","Microsoft Mobile, Oyj foi uma fabricante multinacional de dispositivos móveis sediada em Espoo, Finlândia e uma subsidiária da Microsoft. Sua principal atividade era o desenho, desenvolvimento, fabricação e distribuição de telefones celulares, smartphones e tablets e seus respectivos acessórios, custando 1 milhão e meio para sua fabricação.
A Microsoft Mobile foi criada seguida da aquisição da divisão de dispositivos e serviços da Nokia pela Microsoft, que foi completada em abril de 2014. A Microsoft Mobile tem o direito de vender celulares com a marca Nokia como parte do acordo de licenciamento de 10 anos, assim como os celulares baseados nas séries S30 e S40, o que compreende a ""celulares de baixo custo"" e aparelhos da linha Asha. Os futuros smartphones ""Lumia"" estão fora desse acordo de licenciamento e não podem ser lançados sem a marca Nokia; as marcas ""Lumia"" e ""Asha"" são nomes de marcas que passaram a pertencer à Microsoft. A Microsoft Mobile é a segunda tentativa da Microsoft de entrar no mercado de telefones celulares, seguido do aparelho Kin em 2010, que teve vida curta.",Mobile
"Na busca do conhecimento, os dados são uma coleção de valore","Na busca do conhecimento, os dados são uma coleção de valores discretos que transmitem informações, descrevendo quantidade, qualidade, fatos, estatísticas, outras unidades básicas de significado, ou simplesmente sequências de símbolos que podem ser posteriormente interpretados. Um dado é um valor individual em uma coleção de dados. Os dados geralmente são organizados em estruturas como tabelas que fornecem contexto e significado adicionais e que podem ser usados ​​como dados em estruturas maiores. Os dados podem ser usados ​​como variáveis ​​em um processo computacional. Os dados podem representar ideias abstratas ou medidas concretas.
Os dados são comumente usados ​​em pesquisas científicas, finanças e em praticamente todas as outras formas de atividade organizacional humana. Exemplos de conjuntos de dados incluem preços de ações, taxas de criminalidade, taxas de desemprego, taxas de alfabetização e dados do censo. Nesse contexto, os dados representam os fatos e números brutos que podem ser usados ​​de maneira a capturar as informações úteis.
Os dados são coletados usando técnicas como medição, observação, consulta ou análise e normalmente representados como números ou caracteres que podem ser processados ​​posteriormente. Dados de campo são dados coletados em um ambiente in situ não controlado. Dados experimentais são dados gerados no decorrer de um experimento científico controlado. Os dados são analisados ​​usando técnicas como cálculo, raciocínio, discussão, apresentação, visualização ou outras formas de pós-análise. Antes da análise, os dados brutos (ou dados não processados) são normalmente limpos: os valores atípicos são removidos e erros óbvios de entrada de dados ou instrumentos são corrigidos.
Os dados são os átomos da tomada de decisão. Como tal, os dados podem ser vistos como as menores unidades de informação factual que podem ser usadas como base para cálculo, raciocínio ou discussão. Os dados podem variar de ideias abstratas a medições concretas, incluindo, entre outros, estatísticas. Dados conectados tematicamente apresentados em algum contexto relevante podem ser vistos como informações. Informações conectadas contextualmente podem ser descritas como insights de dados ou inteligência. O estoque de insights e inteligência que se acumula ao longo do tempo, resultante da síntese de dados em informações, pode então ser descrito como conhecimento. Os dados foram descritos como ""o novo petróleo da economia digital"". Dados, como conceito geral, referem-se ao fato de que alguma informação ou conhecimento existente é representado ou codificado de alguma forma adequada para melhor uso ou processamento.
Os avanços nas tecnologias de computação levaram ao advento do ""Big Data"". Big Data geralmente se refere a quantidades muito grandes de dados, geralmente na escala de petabytes. Usando métodos tradicionais de análise de dados e computação, trabalhar com conjuntos de dados tão grandes (e crescentes) é difícil, até mesmo impossível. Em resposta, o campo relativamente novo de ""ciência de dados"" usa métodos de aprendizado de máquina (e outras inteligências artificiais) que permitem para aplicações eficientes de métodos analíticos para Big Data.
Dado também pode ser definido como ""uma sequência de símbolos quantificados ou quantificáveis"". Compreender bem este assunto e essencial para quem atua ou estuda nesta area.",Dados
Um processo de desenvolvimento de software é um conjunto de ,"Um processo de desenvolvimento de software é um conjunto de atividades, parcialmente ordenadas, com a finalidade de obter um produto de software. É estudado dentro da área de Engenharia de Software, sendo considerado um dos principais mecanismos para se obter software de qualidade e cumprir corretamente os contratos de desenvolvimento, sendo uma das respostas técnicas adequadas para resolver a crise do software. 
Um outro conceito que podemos utilizar para compreender o processo de desenvolvimento de software foi o apresentado por Waslwick(2013, p 30): é formado por um conjunto de passos de processo parcialmente ordenados, relacionados a artefatos, pessoas, estruturas organizacionais e restrições, tendo como objetivo produzir e manter os produtos de software finais requeridos. Este é um conceito que considera o contexto ao qual o processo de desenvolvimento de software é aplicado destacando as suas interdependências com outros fatores como restrições, pessoas, recursos, padrões etc que impactam no resultado final do processo. Compreender bem este assunto e essencial para quem atua ou estuda nesta area.",QA
"Na programação orientada a objeto (POO), uma fábrica ou Fact","Na programação orientada a objeto (POO), uma fábrica ou Factory é um objeto para a criação de outros objetos – formalmente uma fábrica é uma função ou método que retorna os objetos de uma classe ou protótipo variável , a partir de uma chamada de método, o que",QA
"Em informática, um servidor é um software ou computador, com","Em informática, um servidor é um software ou computador, com sistema de computação centralizada que fornece serviços a uma rede de computadores, chamada de cliente.
Esses serviços podem ser de naturezas distintas, como por exemplo, arquivos e correio eletrônico.
Esta arquitetura é chamada de modelo cliente-servidor, é utilizada em redes de médio e grande porte (com muitas máquinas) e em redes onde a questão da segurança desempenha um papel de grande importância. O termo servidor é amplamente aplicado a computadores completos, embora um servidor possa equivaler a um software ou a partes de um sistema computacional, ou até mesmo a uma máquina que não seja necessariamente um computador.
Os servidores podem fornecer várias funcionalidades, muitas vezes chamado de ""serviços"", tais como a partilha de dados ou de recursos do sistema entre vários clientes, ou computação desempenho para um cliente. Um único servidor pode servir vários clientes, e um único cliente pode usar vários servidores. Um processo cliente pode ser executado no mesmo dispositivo ou pode se conectar através de uma rede para um servidor em um dispositivo diferente. Este conceito e amplamente utilizado e fundamental para profissionais da area.",Backend
"Sistema de informação (SI) é um sistema formal, sociotécnico","Sistema de informação (SI) é um sistema formal, sociotécnico e organizacional usado para coletar, processar, armazenar e disseminar dados informacionais, podendo ser tanto um sistema informacional computadorizado quanto um sistema manual. Informações são dados oferecidos de uma forma significativa e útil para os indivíduos. Dados são correntes de fatos brutos que importam eventos ocorrendo nas organizações ou no ambiente físico, antes de terem sido organizados e arranjados de uma forma que as pessoas possam entendê-los e usá-los. Todo sistema de informação que manipula dados e gera informação, usando ou não recursos de tecnologia em computadores, pode ser considerado um sistema de informação. Por exemplo, o sistema de informação organizacional pode ser conceituado como a organização e os seus vários subsistemas internos, contemplando ainda o meio ambiente externo. Segundo Efraim Turban, uma infra-estrutura de informação consiste em instalações físicas, serviços e gerenciamento que suportam todos os recursos computacionais existentes em uma organização. Existem cinco componentes principais na infra-estrutura: hardware do computador, software de propósito geral, redes e instalações de comunicação (incluindo internet), banco de dados e o pessoal do gerenciamento da informação. A infra-estrutura abrange esses recursos e a sua integração, operação, documentação, manutenção e gerenciamento. A infra-estrutura também nos informa como recursos computacionais específicos são organizados, operacionalizado e administrados. Para Laudon um sistema de informação pode ser definido como um conjunto de componentes inter-relacionados trabalhando juntos para coletar, recuperar, processar, armazenar e distribuir informações, com a finalidade de facilitar o planejamento, o controle, a coordenação, a análise e o processo decisório em organizações. De acordo com Turban; Maclean; Wetheber, o sistema de informação coleta, processa, armazena, analisa e dissemina informações com um determinado objetivo dentro de um contexto e como qualquer outro sistema inclui inputs (dados, instruções) e outputs (relatórios, cálculos). O sistema opera dentro de um ambiente, não necessariamente computadorizado, mesmo que atualmente a maioria seja, processa os inputs, que são enviados para os usuários e outros sistemas. Os sistemas de informação são ""críticos para o desenvolvimento de praticamente qualquer organização humana"". Em um comportamento organizacional a informação é canalizada para melhor interpretação, dividida. ""Um SI (Sistemas de Informação) pode ser entendido como um conjunto in-ter-relacionado de partes ou elementos que coleta, processa, armazena e distribui informações, de forma organizada e coordenada, para apoiar a tomada de decisões"". As decisões são assim alvo de ponderação através de informação valiosa pois ajudam a dar rumo ao nosso dia a dia. Empresas tais como o",Ciberseguranca
A Coinbase é uma casa de câmbio digital com sede em São Fran,"A Coinbase é uma casa de câmbio digital com sede em São Francisco, Califórnia. A empresa intermedia trocas de Bitcoin, Bitcoin Cash, Ethereum, Ethereum Classic,",Blockchain
As finanças descentralizadas (também conhecidas como DeFi) s,"As finanças descentralizadas (também conhecidas como DeFi) são uma forma experimental de finanças que não depende de intermediários financeiros centrais, como corretoras, exchanges ou bancos e, em vez disso, utiliza contratos inteligentes em blockchains, sendo a mais comum a do Ethereum. Plataformas DeFi permitem que as pessoas ofereçam ou recebam fundos de empréstimos umas das outras, especulem sobre os movimentos de preços em uma gama de ativos usando derivativos, negociem criptomoedas, assegurem-se contra riscos e",Blockchain
"Na computação em nuvem, a elasticidade é definida como ""o gr","Na computação em nuvem, a elasticidade é definida como ""o grau em que um sistema é capaz de adaptar-se a carga de trabalho através de provisionamento e desprovisionamento de recursos automaticamente, de forma que em cada ponto no tempo, os recursos disponíveis correspondam à demanda atual, tão próxima quanto possível"". Elasticidade é uma característica que diferencia a computação em nuvem dos paradigmas de computação propostos anteriormente, tais como computação em grade. A adaptação dinâmica de capacidade, por exemplo, alterando o uso de recursos de computação, para atender a uma variação de carga de trabalho é chamado de ""computação elástica"".",Cloud/Infra
Tether (muitas vezes chamado por seu símbolo USDT ) é uma cr,"Tether (muitas vezes chamado por seu símbolo USDT ) é uma criptomoeda hospedada nas blockchains Ethereum e Bitcoin, entre outras. Seus tokens são emitidos pela empresa de Hong Kong Tether Limited, que por sua vez é controlada pelos proprietários da Bitfinex. O Tether é chamado de stablecoin porque foi originalmente projetado para sempre valer US$ 1,00, mantendo US$ 1,00 em reservas para cada tether emitido. Enquanto, de acordo com seu acordo de 2021 com a procuradora-geral de Nova York Letitia James, ""o Tether representa para os usuários que qualquer detentor de tethers pode resgatá-los da empresa Tether à taxa de um tether por um dólar americano"", Tether Limited a partir de 2017, afirmou que os proprietários de tethers não têm direito contratual, outras reivindicações legais ou garantia de que os tethers serão ou poderão ser resgatados ou trocados por dólares. Em 30 de abril de 2019, o advogado da Tether Limited alegou que cada cabo era lastreado em US$ 0,74 em dinheiro e equivalentes. Em maio de 2021, o Tether publicou um relatório mostrando que apenas 2,9% do Tether era lastreado em dinheiro, com mais de 49,6% lastreado em papel comercial. Em fevereiro de 2021, a Tether resolveu sua disputa legal com o Gabinete do Procurador-Geral de Nova York. A Bitfinex e a Tether não admitiram nenhuma irregularidade, mas pagaram uma multa de US$ 18,5 milhões. As descobertas do OAG no acordo de 17 de fevereiro",Blockchain
Model–view–presenter (MVP) é uma derivação do padrão de soft,"Model–view–presenter (MVP) é uma derivação do padrão de software model-view-controller (MVC), usado também  para construir principalmente interfaces gráficas.
Em MVP a camada Presenter assume a função de mediadora (executada pelo Controller em MVC). Além disso, a View é responsável por manipular os eventos UI (como mouseDown, keyDown, etc.), que era o trabalho da Controller. Finalmente, a Model se torna estritamente um modelo de domínio. Este conceito e amplamente utilizado e fundamental para profissionais da area.",Backend
"O Windows 2000 foi uma versão do Microsoft Windows, preempti","O Windows 2000 foi uma versão do Microsoft Windows, preemptivo, gráfico e de fácil aprendizagem que foi desenvolvido para trabalhar com um ou mais processadores de 32 bits em computadores na arquitetura x86 e 64 bits na arquitetura IA64. É parte de uma linha de sistemas operacionais da Windows NT da Microsoft e foi lançado em 17 de fevereiro de 2000, sendo o sucessor do Windows NT 4.0. Ele está disponível em quatro versões: Professional, Server, Advanced Server e Datacenter Server. Adicionalmente, a Microsoft oferece o Windows 2000 Advanced Server - Edição Limitada, que foi lançado em 2001 e roda em processadores de 64 bits Itanium. O Windows 2000 é classificado com um sistema operacional de núcleo híbrido, e sua arquitetura é dividida em dois modos: usuário e núcleo. O ""modo núcleo"" dá acesso total aos recursos do sistema e suporta a execução das aplicações em modo usuário, com acesso restrito aos recursos. Em 2008, o Windows 2000 ou posterior continuava sendo altamente predominante em ambientes de computação corporativa, sendo utilizado em 98,5% das 263 estações de trabalho corporativas pesquisadas. Todas as",Cloud/Infra
Jogo em nuvem (em inglês cloud gaming) também chamado de jog,"Jogo em nuvem (em inglês cloud gaming) também chamado de jogo sob demanda (em inglês gaming on demand) é um conceito de jogo on-line utilizando computação em nuvem. Existem duas formas de jogo em nuvem, utilizando troca de arquivos ou em vídeo sob demanda.
O jogo em nuvem permite aos jogadores jogar em diversos dispositivos thin client independentemente do hardware que estiverem usando, pois todo o processamento é feito pelo servidor, o cliente apenas recebe as imagens do processamento e envia os botões de comando. Dominar este conhecimento diferencia profissionais em qualquer segmento do mercado.",Cloud/Infra
"Programação extrema (do inglês eXtreme Programming), ou simp","Programação extrema (do inglês eXtreme Programming), ou simplesmente XP, é considerada uma metodologia ágil e se ajusta bem a projetos de software com requisitos vagos e em constante mudança. Para isso, adota a estratégia de constante acompanhamento e realização de vários pequenos ajustes durante o desenvolvimento de software.
O XP possui algumas características marcantes que são:

Feedback constante.
Abordagem incremental.
Encoraja a comunicação entre as pessoas envolvidas.
Os cinco valores fundamentais são: comunicação, simplicidade, feedback, coragem e respeito. A partir desses valores, possui como princípios básicos: feedback rápido, presumir simplicidade, mudanças incrementais, abraçar mudanças e trabalho de qualidade.
Dentre as variáveis de controle em projetos (custo, tempo, qualidade e escopo), há um foco explícito em escopo. Para isso, recomenda-se a priorização de funcionalidades que representem maior valor possível para o negócio. Desta forma, caso seja necessário a diminuição de escopo, as funcionalidades menos valiosas serão adiadas ou canceladas.
A XP incentiva o controle da qualidade como variável do projeto, pois o pequeno ganho de curto prazo na produtividade, ao diminuir qualidade, não é compensado por perdas (ou até impedimentos) a médio e longo prazo.",QA
Processamento de língua natural (PLN) é uma subárea da ciênc,"Processamento de língua natural (PLN) é uma subárea da ciência da computação, inteligência artificial e da linguística que estuda os problemas da geração e compreensão automática de línguas humanas naturais. Sistemas de geração de língua natural convertem informação de bancos de dados de computadores em linguagem compreensível ao ser",Dados
"Uma criptomoeda ou cibermoeda é um meio de troca, geralmente","Uma criptomoeda ou cibermoeda é um meio de troca, geralmente descentralizado, que se utiliza da tecnologia de blockchain e da criptografia para assegurar a validade das transações e a criação de novas unidades da moeda. O Bitcoin, a primeira criptomoeda descentralizada, foi criado em 2009 por um usuário que usou o pseudônimo Satoshi Nakamoto. Desde então, muitas outras criptomoedas foram criadas. Mais recentemente, tem-se assistido a um fenômeno de explosão de inúmeros tokens que têm sido criados com base no protocolo do Ethereum, principalmente após a onda massiva de Ofertas Iniciais de Moedas (usualmente referida como ICO, do inglês Initial Coin Offering) que ocorreu em 2017.
Ao contrário de sistemas bancários centralizados, grande parte das criptomoedas usam um sistema de controle descentralizado com base na tecnologia de blockchain, que é um tipo de livro-registro distribuído operado em uma rede ponto a ponto (peer-to-peer) de milhares computadores, onde todos possuem uma cópia igual de todo o histórico de transações, impedindo que uma entidade central promova alterações no registro ou no software unilateralmente sem ser excluída da rede.",Blockchain
O CMMI (Capability Maturity Model Integration ou Modelo Inte,"O CMMI (Capability Maturity Model Integration ou Modelo Integrado de Maturidade em Capacitação) é um modelo de referência que contém práticas (Genéricas ou Específicas) necessárias à maturidade em disciplinas específicas (Systems Engineering (SE - Engenharia de Sistemas), Software Engineering (SW - Engenharia de Software), Integrated Product and Process Development (IPPD - Desenvolvimento Integrado de Processo e Produto), Supplier Sourcing (SS - Seleção de Fornecedores)). O modelo é gerenciado pelo Instituto CMMI, uma organização da ISACA. Desenvolvido pelo SEI (Software Engineering Institute) da Universidade Carnegie Mellon, o CMMI é uma evolução do CMM e procura estabelecer um modelo único para o processo de melhoria corporativo, integrando diferentes modelos e disciplinas. O CMMI é um conjunto comprovado de práticas globais recomendadas que impulsiona o desempenho dos negócios por meio da criação e do benchmarking(avaliação comparativa) de recursos-chave serna. O CMMI foi baseado nas melhores práticas para desenvolvimento e manutenção de produtos. Há uma ênfase tanto em engenharia de sistemas quanto em engenharia de software, e há uma integração necessária para o desenvolvimento e a manutenção. Ele está dividido em",QA
Um appliance de computador (em tradução literal aparelho de ,"Um appliance de computador (em tradução literal aparelho de computador) geralmente é um dispositivo de hardware separado e dedicado com software integrado (firmware), especificamente projetado para fornecer um recurso de computação específico. Estes dispositivos se tornaram conhecidos como ""aparelhos"" (appliance) devido a sua similaridade com os aparelhos domésticos, que geralmente são ""fechados e selados"" - não reparável pelo proprietário. O hardware e o software são pré-integrados e pré-configurados antes de ser entregue ao cliente, para fornecer uma solução",Ciberseguranca
O teste do software  é a investigação do software a fim de f,"O teste do software  é a investigação do software a fim de fornecer informações sobre sua qualidade em relação ao contexto em que ele deve operar, se relaciona com o conceito de verificação e validação. Isso inclui o processo de utilizar o produto para encontrar seus defeitos.
O teste é um processo realizado pelo testador de software, que permeia outros processos da engenharia de software, e que envolve ações que vão do levantamento de requisitos até a execução do teste propriamente dito. Este tema continua relevante e se mantem como base para estudos avancados.",QA
O CorelDRAW é um programa de desenho vetorial bidimensional ,"O CorelDRAW é um programa de desenho vetorial bidimensional para design gráfico desenvolvido pela Corel Corporation, Canadá. É um aplicativo de ilustração trevial vetorial e layout de página que possibilita a criação e a manipulação de vários produtos, como por exemplo: desenhos artísticos, publicitários, logotipos, capas de revistas, livros, etc.",DevOps
"Uma placa de rede (também chamada adaptador de rede ou NIC, ","Uma placa de rede (também chamada adaptador de rede ou NIC, sigla de Network Interface Card, em inglês) é um dispositivo de hardware responsável pela comunicação de um computador em uma rede de computadores.
A placa de rede controla o envio e recebimento de dados de um computador conectado a uma rede, através de ondas eletromagnéticas (Wi-Fi), cabos metálicos ou cabos de fibra óptica. Cada arquitetura de rede pode exigir um tipo específico de placa de rede, como as redes em anel do tipo Token Ring e as redes Ethernet.
Além da arquitetura usada, as placas de rede à venda no mercado diferenciam-se também pela taxa de transmissão, cabos suportados e barramento utilizado (PCI, PCI Express, USB ou Thunderbolt (interface)). Com o avanço da padronização e da miniaturização de componentes eletrônicos, as placas de rede passaram a se tornar peça integrada da placa-mãe dos computadores mais modernos, algumas vezes soldadas diretamente ou conectadas através de um conector Mini-PCIe discreto. Alguns computadores modernos já saem de fábrica sem placa de rede cabeada, limitando-se à conexões sem fios. Dessa forma, placas de rede dedicadas, como as com conector PCI, tornaram-se um item restrito aos datacenters e servidores.
Quanto à taxa de transmissão, temos placas Ethernet variando de 10 Mbps a 10 Gbps (10000 Mbps). Placas Ethernet de 10 Mbps requerem cabos de par trançado de categoria 3 ou 5, ou então cabos coaxiais. Já para uma placa a partir de 100 Mbps, o requisito mínimo a nível de cabeamento são cabos de par trançado blindados nível 5. Placas compatíveis com o padrão InfiniBand suportam velocidades de até 200 Gbps e requerem um cabeamento especial de fibra óptica. 
Placas que trazem encaixes para mais de um tipo de cabo são chamadas placas combo. A existência de 2 ou 3 conectores serve apenas para assegurar a compatibilidade da placa com vários cabos de rede diferentes. Esta funcionalidade, porém, tornou-se obsoleta e é pouco vista em placas mais recentes, dada a ubiquidade do padrão RJ45 e as redes Ethernet. Este tema continua relevante e se mantem como base para estudos avancados.",Cloud/Infra
"A engenharia social, no contexto de segurança da informação,","A engenharia social, no contexto de segurança da informação, refere-se à manipulação psicológica de pessoas para a execução de ações ou para a divulgação de informações confidenciais. Esse é um termo que descreve um tipo psicotécnico de intrusão que depende fortemente da interação humana e envolve enganar outras pessoas para a quebra de procedimentos de segurança. Um ataque clássico na engenharia social é quando uma pessoa se passa por profissional de alto nível dentro das organizações, dizendo possuir problemas urgentes de acesso ao sistema, conseguindo assim o acesso a locais restritos.",Ciberseguranca
Cardano é uma plataforma de computação distribuída que execu,"Cardano é uma plataforma de computação distribuída que executa o blockchain para a criptomoeda ADA.
Cardano foi criada pela empresa de desenvolvimento de blockchain Input Output Hong Kong (IOHK) e liderado pelo CEO Charles Hoskinson,[carece de fontes?] ex-co-fundador da BitShares, Ethereum e Ethereum Classic. Hoskinson abandonou Ethereum depois de disputa com um de seus co-fundadores Vitalik Buterin; Hoskinson queria fazer participar o capital de risco e criar a organização comercial, mas Buterin queria que esta funcionasse como uma organização não comercial. Depois de saída ele tornou-se o co-fundador de IOHK que é a empresa de desenvolvimento de blockchain cuja atividade principal é o desenvolvimento de Cardano ao par com Cardano Foundation e Emurgo. O projeto tem como objetivo executar contratos inteligentes, aplicativos descentralizados, cadeias laterais, computação multipartidária, e metadados.
A plataforma começou a ser desenvolvida em 2015 e foi lançada em 2017. A criptomoeda interna Cardano estreou em 2017 com uma capitalização de mercado de US $600 milhões, em abril de 2021, a capitalização da criptomoeda somou US$ 39,8 bilhões. Cardano é uma das dez maiores criptomoedas por capitalização no mundo. A criptomoeda Cardano é chamada de ADA em homenagem a Ada Lovelace, a plataforma foi nomeada em homenagem a Gerolamo Cardano.
Daedalus e Yoroi atualmente são as únicas carteiras de criptomoeda (software) oficialmente suportadas para ADA e permitem transferências para outros endereços de carteira.
Yoroi é uma carteira leve para Cardano. É simples, rápido e seguro, possui aplicativo para smartphones Android e IOS e extensão para navegadores. Yoroi é um produto Emurgo, desenvolvido pela IOHK. E segue as melhores práticas para software na indústria, incluindo uma auditoria de segurança abrangente.
Daedalus é uma carteira full node para computadores. Isso significa que ao contrário das carteiras leves, a Daedalus baixa uma cópia completa do blockchain Cardano e valida independentemente todas as transações em seu histórico.",Blockchain
O GNU Compiler Collection (chamado usualmente por GCC) é um ,"O GNU Compiler Collection (chamado usualmente por GCC) é um conjunto de compiladores de linguagens de programação produzido pelo projecto GNU para construir um sistema operativo  semelhante ao Unix livre. Faz parte do sistema operativo GNU e FSF, sendo uma das ferramentas essenciais para manter o software livre, pois permite compilar o código-fonte em binários executáveis para as várias plataformas informáticas mais comuns. É distribuído pela Free Software Foundation (FSF) sob os termos da licença GNU GPL, disponível para sistemas operativos UNIX e Linux e certos sistemas operativos derivados tais como o Mac OS X. Este tema continua relevante e se mantem como base para estudos avancados.",Frontend
Refatoração (do inglês refactoring) é o processo de modifica,"Refatoração (do inglês refactoring) é o processo de modificar um sistema de software para melhorar a estrutura interna do código sem alterar seu comportamento externo. O uso desta técnica aprimora a concepção (design) de um software e evita a deterioração tão comum durante o ciclo de vida de um código. Esta deterioração é geralmente causada por mudanças com objetivos de curto prazo ou por alterações realizadas sem a clara compreensão da concepção do sistema. Outra consequência é a melhora no entendimento do código, o que facilita a manutenção e evita a inclusão de",QA
"Em fevereiro de 2024, uma porta dos fundos maliciosa foi int","Em fevereiro de 2024, uma porta dos fundos maliciosa foi introduzida na compilação para Linux do utilitário XZ Utils, dentro da biblioteca liblzma, nas versões 5.6.0 e 5.6.1, por uma conta que usava o nome ""Jia Tan"". A porta dos fundos permite que um atacante que possua uma chave privada Ed448 específica execute execução remota de código por meio do OpenSSH no sistema Linux afetado. O problema recebeu o identificador Common Vulnerabilities",DevOps
Automação de teste é o uso de software para controlar a exec,"Automação de teste é o uso de software para controlar a execução do teste de software, a comparação dos resultados esperados com os resultados reais, a configuração das pré-condições de teste e outras funções de controle e relatório de teste. De forma geral, a automação de teste pode iniciar a partir de um processo manual de teste já estabelecido e formalizado.",QA
"Uma placa de rede (também chamada adaptador de rede ou NIC, ","Uma placa de rede (também chamada adaptador de rede ou NIC, sigla de Network Interface Card, em inglês) é um dispositivo de hardware responsável pela comunicação de um computador em uma rede de computadores. A placa de rede controla o envio e recebimento de dados de um computador conectado a uma rede, através de ondas eletromagnéticas (Wi-Fi), cabos metálicos ou cabos de fibra óptica. Cada arquitetura de rede pode exigir um tipo específico de placa de rede, como as redes em anel do tipo Token Ring e as redes Ethernet. Além da arquitetura usada, as placas de rede à venda no mercado diferenciam-se também pela taxa de transmissão, cabos suportados e barramento utilizado (PCI, PCI Express, USB ou Thunderbolt (interface)). Com o avanço da padronização e da miniaturização de componentes eletrônicos, as placas de rede passaram a se tornar peça integrada da placa-mãe dos computadores mais modernos, algumas vezes soldadas diretamente ou conectadas através de um conector Mini-PCIe discreto. Alguns computadores modernos já saem de fábrica sem",Cloud/Infra
"Em desenvolvimento de software, o framework é uma estrutura ","Em desenvolvimento de software, o framework é uma estrutura guia com padrões e ferramentas reusáveis para desenvolver programas computacionais de forma rápida; ou seja, é uma abstração que une códigos fontes comuns em vários projetos de software, provendo assim uma funcionalidade genérica. Um framework pode atingir uma funcionalidade específica, por configuração, durante a programação de uma aplicação. Ao contrário das bibliotecas, é o framework quem dita o fluxo de controle da aplicação, chamado de Inversão de Controle. Compreender bem este assunto e essencial para quem atua ou estuda nesta area.",Backend
A segurança de bancos de dados diz respeito ao uso de uma am,"A segurança de bancos de dados diz respeito ao uso de uma ampla gama de controles de segurança da informação para proteger os bancos de dados contra comprometimentos de sua confidencialidade, integridade e disponibilidade. Envolve vários tipos ou categorias de controles, como técnicos, procedimentais ou administrativos e físicos.
Os riscos de segurança para sistemas de banco de dados incluem, por exemplo:

Atividade não autorizada ou não intencional ou uso indevido por usuários autorizados do banco de dados, administradores de banco de dados ou gerentes de rede/sistemas, ou por usuários não autorizados ou hackers (por exemplo, acesso inadequado a dados sensíveis, metadados ou funções dentro dos bancos de dados, ou alterações inadequadas nos programas, estruturas ou configurações de segurança do banco de dados);
Infecções por malware que causam incidentes como acesso não autorizado, vazamento ou divulgação de dados pessoais ou proprietários, exclusão ou dano aos dados ou programas, interrupção ou negação de acesso autorizado ao banco de dados, ataques a outros sistemas e falha inesperada dos serviços de banco de dados;
Sobrecargas, restrições de desempenho e problemas de capacidade que resultam na incapacidade dos usuários autorizados de usar os bancos de dados conforme o esperado;
Danos físicos aos servidores de banco de dados causados por incêndios ou inundações em salas de computadores, superaquecimento, raios, derramamento acidental de líquidos, descarga eletrostática, falhas eletrônicas/de equipamentos e obsolescência;
Falhas de projeto e erros de programação em bancos de dados e nos programas e sistemas associados, criando diversas vulnerabilidades de segurança (por exemplo, escalonamento de privilégios não autorizado), perda/corrupção de dados, degradação de desempenho etc.;
Corrupção e/ou perda de dados causadas pela entrada de dados ou comandos inválidos, erros nos processos de administração de banco de dados ou sistemas, sabotagem/danos criminosos etc.
Ross J. Anderson [en] costuma dizer que, por sua natureza, grandes bancos de dados nunca estarão livres de abusos por meio de falhas de segurança; se um sistema grande for projetado para facilitar o acesso, ele se torna inseguro; se for projetado para ser à prova de falhas, torna-se impossível de usar. Isso é conhecido como Regra de Anderson.
Várias camadas e tipos de controle de segurança da informação são apropriados para bancos de dados, incluindo:

Controle de acesso
Auditoria [en]
Autenticação
Encriptação
Controles de integridade
Backups
Segurança de aplicativos [en]
Os bancos de dados têm sido amplamente protegidos contra hackers por meio de medidas de segurança de rede, como firewalls e sistemas de detecção de intrusão baseados em rede. Embora os controles de segurança de rede continuem valiosos nesse aspecto, a segurança dos próprios sistemas de banco de dados, bem como dos programas/funções e dados neles contidos, tornou-se indiscutivelmente mais crítica à medida que as redes se tornam cada vez mais abertas a um acesso mais amplo, em particular o acesso pela Internet. Além disso, os controles de acesso a sistemas, programas, funções e dados, juntamente com as funções associadas de identificação de usuários, autenticação e gerenciamento de direitos, sempre foram importantes para limitar e, em alguns casos, registrar as atividades de usuários e administradores autorizados. Em outras palavras, essas são abordagens complementares para a segurança de bancos de dados, funcionando tanto de fora para dentro quanto de dentro para fora, por assim dizer.
Muitas organizações desenvolvem seus próprios padrões e projetos de segurança ""base"", detalhando medidas de controle de segurança para seus sistemas de banco de dados. Esses padrões podem refletir requisitos ou obrigações gerais de segurança da informação impostos por políticas corporativas de segurança da informação e leis e regulamentos aplicáveis (por exemplo, relativos à privacidade, gestão financeira e sistemas de relatórios), juntamente com boas práticas de segurança de banco de dados geralmente aceitas (como o endurecimento adequado dos sistemas subjacentes) e, possivelmente, recomendações de segurança dos fornecedores de software e sistemas de banco de dados relevantes. Os projetos de segurança para sistemas de banco de dados específicos normalmente especificam funções adicionais de administração e gerenciamento de segurança (como administração e geração de relatórios de direitos de acesso do usuário, gerenciamento e análise de logs, replicação/sincronização de banco de dados e backups), além de vários controles de segurança da informação orientados aos negócios dentro dos programas e funções do banco de dados (por exemplo, validação de entrada de dados e trilhas de auditoria [en]). Além disso, várias atividades relacionadas à segurança (controles manuais) são normalmente incorporadas aos procedimentos, diretrizes etc. relativos ao projeto, desenvolvimento, configuração, uso, gerenciamento e manutenção de bancos de dados. Dominar este conhecimento diferencia profissionais em qualquer segmento do mercado.",Dados
Bitcoin (símbolo: ₿; abreviado ISO 4217:,"Bitcoin (símbolo: ₿; abreviado ISO 4217: BTC ou XBT) é uma criptomoeda descentralizada e de código aberto, um dinheiro eletrônico para transações financeiras ponto a ponto (sem intermediários)
As transações financeiras sem intermediários são verificadas por todos usuários (ou nós) da rede, sendo gravadas em um tipo de banco de dados distribuídos chamado blockchain,  uma estrutura sem uma entidade administradora central, o que torna inviável qualquer autoridade financeira ou governamental manipular a emissão e o valor da criptomoeda ou induzir a inflação com a produção de mais dinheiro. No entanto, grandes movimentos especulativos de oferta e demanda influenciam na oscilação de seu valor no mercado de câmbio, sendo definido livremente durante as 24 horas do dia.
No âmbito financeiro e contabilístico internacional, semelhante ao ouro, o Bitcoin pode ser enquadrado em alguns termos: ativo especulativo (bem material), dinheiro commodity (mercadoria) e unidade de conta (bem de troca) - por ser empregado como meio de troca e por possuir uma escassez relativa além de cotação própria - que agregada à abreviatura XBT enquadrar-se na ISO 4217, código que representa moedas correntes.",Blockchain
"SegWit ou Segregated Witness (Testemunha Segregada), é uma p","SegWit ou Segregated Witness (Testemunha Segregada), é uma proposta de mudança nas regras do software que rege o protocolo Bitcoin. Teve como objetivo sanar os problemas relacionados a maleabilidade de transações,aumentar a capacidade máxima do bloco e implementar recursos necessários para o suporte a outras aplicações como a Lightning Network (Rede Relâmpago). SegWit se caracteriza como um Soft Fork, isto é, um enrijecimento das regras do protocolo",Blockchain
Java é uma linguagem de programação orientada a objetos dese,"Java é uma linguagem de programação orientada a objetos desenvolvida na década de 90 por uma equipe de programadores chefiada por James Gosling, na empresa Sun Microsystems, que em 2008 foi adquirido pela empresa Oracle Corporation. Diferente das linguagens de programação modernas, que são compiladas para código nativo, Java é compilada",Frontend
DataFlex (antes conhecido como Visual DataFlex) é uma ferram,"DataFlex (antes conhecido como Visual DataFlex) é uma ferramenta visual para desenvolvimento de aplicações Windows, web e mobile em uma plataforma de framework único.",Mobile
"Em desenvolvimento de software, modelo cliente-servidor (em ","Em desenvolvimento de software, modelo cliente-servidor (em inglês client-server model) é um padrão de mensagem de aplicação distribuída que distribui as tarefas e cargas de trabalho entre os fornecedores de um recurso ou serviço, designados como servidores, e os requerentes dos serviços, designados como clientes.
Geralmente os clientes e servidores comunicam através de uma rede de computadores em computadores distintos, mas tanto o cliente quanto o servidor podem residir no mesmo computador.
Um servidor é um host que está executando um ou mais serviços ou programas que compartilham recursos com os clientes. Um cliente não compartilha qualquer de seus recursos, mas solicita um conteúdo ou função do servidor. Os clientes iniciam sessões de comunicação com os servidores que aguardam requisições de entrada.
O modelo cliente-servidor foi desenvolvido na Xerox PARC durante os anos 70. Este modelo é actualmente o predominante nas redes informáticas. Email, a World Wide Web e redes de impressão são exemplos comuns deste modelo. Dominar este conhecimento diferencia profissionais em qualquer segmento do mercado.",Cloud/Infra
"Scriptol é uma linguagem de programação de propósito geral, ","Scriptol é uma linguagem de programação de propósito geral, orientada ao objeto que pode ser usada para criar scripts, aplicativos e páginas na Web.
Seus defensores louvam a clareza de sua sintaxe. Por exemplo, o programa

print ""Hello World!""

imprime na tela a cadeia de caracteres ""Hello world!"" Compreender bem este assunto e essencial para quem atua ou estuda nesta area.",Frontend
"Uma criptomoeda ou cibermoeda é um meio de troca, geralmente","Uma criptomoeda ou cibermoeda é um meio de troca, geralmente descentralizado, que se utiliza da tecnologia de blockchain e da criptografia para assegurar a validade das transações e a criação de novas unidades da moeda. O Bitcoin, a primeira criptomoeda descentralizada, foi criado em 2009 por um usuário que usou o pseudônimo Satoshi Nakamoto. Desde então, muitas outras criptomoedas foram criadas. Mais recentemente, tem-se assistido a um fenômeno de explosão de inúmeros tokens que têm sido criados com base no protocolo do Ethereum, principalmente após a onda massiva de Ofertas Iniciais de Moedas (usualmente referida como ICO, do inglês Initial Coin Offering) que ocorreu em 2017.
Ao contrário de sistemas bancários centralizados, grande parte das criptomoedas usam um sistema de controle descentralizado com base na tecnologia de blockchain, que é um tipo de livro-registro distribuído operado em uma rede ponto a ponto (peer-to-peer) de milhares computadores, onde todos possuem uma cópia igual de todo o histórico de transações, impedindo que uma entidade central promova alterações no registro ou no software unilateralmente sem ser excluída da rede. Dominar este conhecimento diferencia profissionais em qualquer segmento do mercado.",Blockchain
"Sistema de informação (SI) é um sistema formal, sociotécnico","Sistema de informação (SI) é um sistema formal, sociotécnico e organizacional usado para coletar, processar, armazenar e disseminar dados informacionais, podendo ser tanto um sistema informacional computadorizado quanto um sistema manual.
Informações são dados oferecidos de uma forma significativa e útil para os indivíduos. Dados são correntes de fatos brutos que importam eventos ocorrendo nas organizações ou no ambiente físico, antes de terem sido organizados e arranjados de uma forma que as pessoas possam entendê-los e usá-los.
Todo sistema de informação que manipula dados e gera informação, usando ou não recursos de tecnologia em computadores, pode ser considerado um sistema de informação. Por exemplo, o sistema de informação organizacional pode ser conceituado como a organização e os seus vários subsistemas internos, contemplando ainda o meio ambiente externo.
Segundo Efraim Turban, uma infra-estrutura de informação consiste em instalações físicas, serviços e gerenciamento que suportam todos os recursos computacionais existentes em uma organização. Existem cinco componentes principais na infra-estrutura: hardware do computador, software de propósito geral, redes e instalações de comunicação (incluindo internet), banco de dados e o pessoal do gerenciamento da informação. A infra-estrutura abrange esses recursos e a sua integração, operação, documentação, manutenção e gerenciamento. A infra-estrutura também nos informa como recursos computacionais específicos são organizados, operacionalizado e administrados.
Para Laudon um sistema de informação pode ser definido como um conjunto de componentes inter-relacionados trabalhando juntos para coletar, recuperar, processar, armazenar e distribuir informações, com a finalidade de facilitar o planejamento, o controle, a coordenação, a análise e o processo decisório em organizações. De acordo com Turban; Maclean; Wetheber, o sistema de informação coleta, processa, armazena, analisa e dissemina informações com um determinado objetivo dentro de um contexto e como qualquer outro sistema inclui inputs (dados, instruções) e outputs (relatórios, cálculos). O sistema opera dentro de um ambiente, não necessariamente computadorizado, mesmo que atualmente  a maioria seja, processa os inputs, que são enviados para os usuários e outros sistemas.
Os sistemas de informação são ""críticos para o desenvolvimento de praticamente qualquer organização humana"". Em um comportamento organizacional a informação é canalizada para melhor interpretação, dividida. ""Um SI (Sistemas de Informação) pode ser entendido como um conjunto in-ter-relacionado de partes ou elementos que coleta, processa, armazena e distribui informações, de forma organizada e coordenada, para apoiar a tomada de decisões"". As decisões são assim alvo de ponderação através de informação valiosa pois ajudam a dar rumo ao nosso dia a dia. Empresas tais como o Airbnb, Google e Facebook de tecnologia de informação criam homens abastados no mundo. Ainda que a definição de sistema de informação seja mais abrangente como António Carlos Marques Mattos refere ""Um sistema de informação é um sistema especializado no processamento e na comunicação de dados (máquinas) ou de informações (organismos vivos)"". Assim analisamos informação e o seu fluxo a vários níveis como genómico ou no espaço sabendo que a matéria é nos real transversal mente através de cognição informativa perceptiva da consciência humana. Trazendo benefícios a nível organizacional na obtenção de conhecimento desenvolvendo culturas de interação. Possibilitando novas formas de estar ao mesmo tempo que potencia a produtividade, segurança e saúde.  
Os sistemas de informações podem ser classificados a princípio como formais ou informais. Os sistemas de informação formais incluem processo pré-definidos, entrada e saídas padronizadas e definições fixas. Quantos aos informais, estes assumem diversas formas, que vão desde uma rede de comunicação informal em uma empresa,  um grupo de amigos que troca correspondência eletronicamente.
Entendendo os fundamentos de Sistemas de Informação Segundo definição adotada pelo Ministério da Educação Brasileiro, os cursos que estudam a Computação são Ciência da Computação, Licenciatura em Computação, Sistemas de Informação, Análise e Desenvolvimento de Sistemas (diferente de Sistemas de Informação), Engenharia da Computação e Engenharia de Software. 
O mercado de trabalho para o analista de sistemas é bastante promissor, assim como para qualquer outro bacharel que trabalhe com Tecnologia da Informação (TI). Destaca-se, inclusive, o excedente de vagas não preenchidas pela falta de profissionais qualificados e, além disso, fala-se hoje que programação é o novo Inglês 
Tipos de sistemas de informação: 
É impossível imaginar as empresas do século XXI, ou até do século XX, sem os processos informatizados que coordenam suas atividades. São várias aplicações de sistemas de informação, seja para trabalhar nos registros, análises, planejamento e tomada de decisões em todos os níveis da organização. Trabalhar com egressos de sistema de informação é fundamental para sua estratégia de negócios.

Ciência da Computação - modelos teóricos matemáticos que fundamentam a Computação;
Licenciatura em Computação - foco no ensino-aprendizagem de computação, informática e tecnologia da informação e sistemas de informação;
Análise e Desenvolvimento de Sistemas - análise de requisitos, modelagem, projetos de dados e/ou interface(análise) e implementação(desenvolvimento) de diferentes sistemas;
Sistemas de Informação - aplicação da Computação nas organizações;
Engenharia da Computação - foco no estudo da física e eletricidade no desenvolvimento de componentes de hardware e eletrônica digital.",Ciberseguranca
"O RUP, Rational Unified Process (ou Processo Unificado da Ra","O RUP, Rational Unified Process (ou Processo Unificado da Rational), é um processo proprietário de Engenharia de software criado pela Rational Software Corporation, adquirida pela IBM, ganhando um novo nome IRUP que agora é uma abreviação de IBM Rational Unified Process e tornando-se uma brand na área de Software, fornecendo técnicas a serem seguidas pelos membros da equipe de desenvolvimento de software com o objetivo de aumentar a sua produtividade no processo de desenvolvimento.
O RUP usa a abordagem da orientação a objetos em sua concepção e é projetado e documentado utilizando a notação UML (Unified Modeling Language) para ilustrar os processos em ação. Utiliza técnicas e práticas aprovadas comercialmente.
Ainda assim, existem dúvidas a respeito de como a determinação clara de objetivos não pode mais se dissociar dos índices pretendidos. Do mesmo modo, a consolidação das estruturas estimula a padronização dos procedimentos normalmente adotados.
É um processo considerado pesado e preferencialmente aplicável a grandes equipes de desenvolvimento e a grandes projetos, porém o fato de ser amplamente customizável torna possível que seja adaptado para projetos de qualquer escala. Para a gerência do projeto, o RUP provê uma solução disciplinada de como assinalar tarefas e responsabilidades dentro de uma organização de desenvolvimento de software.
O RUP é, por si só, um produto de software. É modular e automatizado, e toda a sua metodologia é apoiada por diversas ferramentas de desenvolvimento integradas e vendidas pela IBM através de seus ""Rational Suites"".
Métodos concorrentes no campo da engenharia de software incluem o ""Cleanroom"" (considerado pesado) e os Métodos Ágeis (leves) como a Programação Extrema (XP-Extreme Programming), Scrum, FDD e outros. Dominar este conhecimento diferencia profissionais em qualquer segmento do mercado.",QA
Unified Modeling Language (em português:  Linguagem de Model,"Unified Modeling Language (em português:  Linguagem de Modelagem Unificada), abreviado como UML, é uma linguagem de modelagem de uso padrão que busca fornecer uma padronização da estrutura de um sistema.
A UML fornece uma notação padrão para muitos tipos de diagramas que podem ser divididos em três grupos principais: diagramas de comportamento, diagramas de interação e diagramas de estrutura.
A criação da UML foi originalmente motivada pelo desejo de padronizar os distintos sistemas notacionais e abordagens de projeto de software. Ela foi desenvolvida pela empresa Rational Software entre 1994 e 1995, com mais funções adicionadas por eles até 1996.
Em 1997, a UML foi adotada como padrão pela Object Management Group (OMG) e vem sendo gerida por essa organização desde então. Em 2005, a UML também foi publicada pela Organização Internacional de Normalização (ISO) e pela Comissão Eletrotécnica Internacional (IEC) como a norma ISO/IEC 19501. Desde então, o padrão tem sido periodicamente revisado para abranger as versões mais recentes da UML.
A UML é adequada para a modelagem de sistemas de software, cuja abrangência inclui desde sistemas de informação corporativos a serem distribuídos a aplicações baseadas na web e até em sistemas complexos embutidos de tempo real. É uma linguagem muito expressiva, abrangendo todas as visões necessárias ao desenvolvimento e implantação desses sistemas. No entanto, algumas pesquisas apontam que a maioria dos profissionais em engenharia de software não utiliza UML formalmente, preferindo produzir diagramas informais feitos à mão, ainda que usando alguns elementos da linguagem. Compreender bem este assunto e essencial para quem atua ou estuda nesta area.",QA
"Em engenharia de software, acoplamento ou dependência é o gr","Em engenharia de software, acoplamento ou dependência é o grau de interdependência entre módulos de software; uma medida de quão intimamente ligadas estão duas rotinas ou módulos; a força das relações entre módulos.
O acoplamento é geralmente contrastado com coesão. O baixo acoplamento geralmente se correlaciona com alta coesão e vice-versa. O baixo acoplamento é frequentemente um sinal de um sistema de computador bem estruturado e de um bom design, e quando combinado com alta coesão, suporta os objetivos gerais de alta legibilidade e facilidade de manutenção.",Backend
"Um módulo de segurança de hardware, cuja sigla é HSM (do ing","Um módulo de segurança de hardware, cuja sigla é HSM (do inglês Hardware Security Module), é um dispositivo físico de computação especificamente criado para proteger o ciclo de vida de chaves criptográficas, realizando funções de encriptação",Ciberseguranca
Análise de sistemas é a atividade que tem como finalidade a ,"Análise de sistemas é a atividade que tem como finalidade a realização de estudos de processos a fim de encontrar o melhor caminho racional para que a informação possa ser processada. Um analista de sistemas pode trabalhar no projeto de criação de um novo sistema ou no serviço de manutenção de sistemas já prontos. Devido a alta quantidade de sistemas já existentes, a maior parte do trabalho se dá na manutenção dos sistemas, o que geralmente envolve também a manutenção de software. Também é comum que um analista de sistemas trabalhe na criação de um sistema e depois disso passe a trabalhar na manutenção do sistema criado. Os analistas de sistemas estudam os diversos sistemas existentes entre hardwares (equipamentos), softwares (programas) e o usuário final.
No caso dos sistemas de informações (sistemas que possuem como objetivo gerenciar informação), os seus comportamentos e aplicações são desenvolvidos a partir de soluções que serão padronizadas e transcritas da forma que o computador possa executar, pois geralmente a quantidade de informações é muito grande para gerenciar sem um computador, utilizando somente fichários e gaveteiros, por exemplo, como era feito antigamente. Desta forma, o software geralmente é um importante componente de um sistema de informações.
Os profissionais da área geram softwares (programas), que são executados em hardwares (equipamentos) operados por usuários (indivíduos), preparados e treinados em procedimentos operacionais padronizados, dotados de conhecimentos do software e hardware para seu trabalho. A partir de então a análise de sistemas é uma profissão cujas responsabilidades concentram-se na análise do sistema e na administração de sistemas computacionais. Cabe a este profissional parte da organização, implantação e manutenção de aplicativos e redes de computadores, ou seja, o analista de sistemas é o responsável pelo levantamento de informações sobre uma empresa a fim de utilizá-las no desenvolvimento de um sistema para a mesma ou para o levantamento de uma necessidade específica do cliente para desenvolver este programa específico com base nas informações colhidas.
O profissional geralmente possui conhecimento adquirido em faculdades de Sistemas de informação, Sistemas para Internet, Ciência da computação, Análise e Desenvolvimento de Sistemas, Engenharia de Computação, Engenharia de Software, Processamento de dados, Informática, Licenciatura em Computação ou outros cursos similares, mas a ausência de restrições para o exercício do cargo permite a profissionais capacitados de outras áreas ou mesmo que não possuem educação superior cumprirem este papel nas empresas.
Como é uma ênfase, o foco e o núcleo de trabalho está voltado para o processo de desenvolvimento de software, levando em conta a área tecnológica em que irá auxiliar. O analista de sistemas deve servir como um tradutor entre as necessidades do usuário e o programa a ser desenvolvido pelo programador. Para isto, deve ter conhecimento abrangente da área de negócio na qual o sistema será desenvolvido, a fim de que possa implementar corretamente as regras de negócio. Este conceito e amplamente utilizado e fundamental para profissionais da area.",QA
O termo Internet obscura ou rede maligna refere-se a servido,"O termo Internet obscura ou rede maligna refere-se a servidores de rede disponíveis na Internet, acessíveis somente através de ferramentas, configurações ou autorizações específicas que dão um elevado nível de anonimato tanto a quem publica os conteúdos como a quem os consulta. A dark web forma uma parte pequena da Deep web, a parte da rede que não está indexada pelas ferramentas de busca, apesar de algumas vezes o termo Deep web ser usado de maneira equívoca para se referir especificamente à dark web.
A internet obscura não deve ser confundida com a Deep web, nem com as redes de compartilhamento de arquivos chamadas de Darknet. Ao passo que Deep web e Darknet referem-se a websites difíceis de serem acessados, e redes secretas ou paralelas à Internet, a Internet obscura (Dark Internet) é qualquer porção da Internet que não pode ser acessada por meios convencionais.
As Darknets que constituem a dark web incluem pequenas redes friend-to-friend Peer-to-peer, assim como grandes e populares redes como Freenet, I2P e Tor, operadas por organizações públicas e indivíduos. Usuários da dark web se referem à rede comum como Clearnet devido à sua natureza não criptografada. A dark web do Tor pode ser referida como onionland, ou ""Terra da Cebola"", uma referência ao sufixo do domínio da rede .onion e à técnica de anonimização do tráfego chamada onion routing. Compreender bem este assunto e essencial para quem atua ou estuda nesta area.",Backend
"Em desenvolvimento de software, modelo cliente-servidor (em ","Em desenvolvimento de software, modelo cliente-servidor (em inglês client-server model) é um padrão de mensagem de aplicação distribuída que distribui as tarefas e cargas de trabalho entre os fornecedores de um recurso ou serviço, designados como servidores, e os requerentes dos serviços, designados como clientes. Geralmente os clientes e servidores comunicam através de uma rede de computadores em computadores distintos, mas tanto o cliente quanto o servidor podem residir no mesmo computador. Um servidor é um host que",Cloud/Infra
Tether (muitas vezes chamado por seu símbolo USDT ) é uma cr,"Tether (muitas vezes chamado por seu símbolo USDT ) é uma criptomoeda hospedada nas blockchains Ethereum e Bitcoin, entre outras. Seus tokens são emitidos pela empresa de Hong Kong Tether Limited, que por sua vez é controlada pelos proprietários da Bitfinex. O Tether é chamado de stablecoin porque foi originalmente projetado para sempre valer US$ 1,00, mantendo US$ 1,00 em reservas para cada tether emitido.
Enquanto, de acordo com seu acordo de 2021 com a procuradora-geral de Nova York Letitia James, ""o Tether representa para os usuários que qualquer detentor de tethers pode resgatá-los da empresa Tether à taxa de um tether por um dólar americano"", Tether Limited a partir de 2017, afirmou que os proprietários de tethers não têm direito contratual, outras reivindicações legais ou garantia de que os tethers serão ou poderão ser resgatados ou trocados por dólares. Em 30 de abril de 2019, o advogado da Tether Limited alegou que cada cabo era lastreado em US$ 0,74 em dinheiro e equivalentes. Em maio de 2021, o Tether publicou um relatório mostrando que apenas 2,9% do Tether era lastreado em dinheiro, com mais de 49,6% lastreado em papel comercial.
Em fevereiro de 2021, a Tether resolveu sua disputa legal com o Gabinete do Procurador-Geral de Nova York. A Bitfinex e a Tether não admitiram nenhuma irregularidade, mas pagaram uma multa de US$ 18,5 milhões. As descobertas do OAG no acordo de 17 de fevereiro de 2021 declararam: ""[des]de seu início em 2014 até o final de fevereiro de 2019, o Tether representou que cada tether pendente era 'apoiado' por e, portanto, deveria ser avaliado em um dólar americano"", mas em 14 de março de 2019, alterou o lastro para incluir empréstimos a empresas afiliadas (ou seja, iFinex). O acordo encerrou um processo público alegando que a Bitfinex havia usado os fundos da Tether para cobrir US$ 850 milhões desaparecidos desde meados de 2018 e o OAG descobriu que a iFinex – operadora da Bitfinex e Tether – havia feito declarações falsas sobre o apoio da o Tether e sobre o movimento de centenas de milhões de dólares entre as duas empresas para esconder as perdas da Bitfinex. No entanto, a iFinex e a Tether não admitiram ou negaram as conclusões da OAG no acordo. De acordo com AG James, ""as alegações da Tether de que sua moeda virtual era totalmente lastreada em dólares americanos o tempo todo era uma mentira"".
Tether Limitada e a criptomoeda Tether são controversas por causa do suposto papel da empresa na manipulação do preço do Bitcoin, uma relação pouco clara com a exchange Bitfinex e a falha da empresa em fornecer uma auditoria prometida mostrando reservas adequadas apoiando o token Tether.
Em 2019, o Tether ultrapassou o Bitcoin em volume de negociação com o maior volume de negociação diário e mensal de qualquer criptomoeda no mercado. Compreender bem este assunto e essencial para quem atua ou estuda nesta area.",Blockchain
"Operações de tecnologia da informação, ou operações de TI, s","Operações de tecnologia da informação, ou operações de TI, são o conjunto de todos os processos e serviços que são fornecidos por uma equipe de TI para seus clientes internos e externos e usados por eles, para serem executados como um negócio. O termo refere-se a aplicação de gerenciamento de operações para uma necessidade de tecnologia do negócio.
A definição de operações de TI difere através da indústria de TI, onde fornecedores e organizações individuais geralmente criam suas próprias definições personalizadas de tais processos e serviços para o propósito de comercializar seus próprios produtos. O trabalho de operações pode incluir a resposta de bilhetes gerados para trabalho de manutenção ou questões de clientes. Os times podem usar o monitoramento de eventos para detectar incidentes. Muitas operações dependem de respostas sob-chamadas para incidentes durante períodos fora de hora. Os times de operações de TI também conduzem as implantações de software e operações de manutenção.",DevOps
Tutanota é um Software de correio eletrônico encriptado e um,"Tutanota é um Software de correio eletrônico encriptado e um serviço seguro e gratuito de correio eletrônico baseado nesse logiciário. Desenvolvido e fornecido pela empresa alemã Tutanota GmbH desde 2011, permite encriptar todas as mensagens, contatos e anexos das mensagens de correio eletrônico de ponta a ponta. Está hospedado e protegido pelas leis de sigilo e privacidade da Alemanha.
O nome ""Tutanota"" é formado por duas palavras em latim, tuta e nota, que significam ""mensagem segura"". ""Na Alemanha as pessoas valorizam a privacidade porque foi um direito conquistado na Democracia, com o fim da Gestapo e Stasi.""
Foi desenvolvido em código aberto para que qualquer pessoa possa checar sua segurança em: https://github.com/tutao/tutanota
Atualmente o Tutanota suporta os seguintes navegadores de rede:

Mozilla Firefox (desktop)
Opera (desktop, Android)
Google Chrome (desktop, Android)
Safari a partir da versão 6.1 (desktop, iOS)
Internet Explorer a partir da versão 10 (desktop)
BlackBerry 10
TOR Browser",Ciberseguranca
"No campo de redes, a área de segurança de rede consiste na p","No campo de redes, a área de segurança de rede consiste na provisão de políticas, diretrizes e regras adotadas pelo administrador de rede para prevenir e monitorar acesso não autorizado, uso incorreto, modificação ou negação de serviços em uma rede de computadores e seus recursos associados. Como o nome sugere, segurança de rede visa tornar redes seguras, protegendo seus recursos e supervisionando as suas operações. A maneira mais comum e simples de proteger recursos de rede é a autorização de acesso controlada pelo administrador de rede por meio de uma identificação e uma senha, ou outra forma de autenticação, que permite que o usuário acesse os dados e programas autorizados para o seu perfil. Segurança de rede é aplicada a uma variedade de redes de computadores, tanto públicas quanto privadas, que são utilizadas em transações e comunicações entre empresas, organizações, instituições, agências governamentais e indivíduos.",Ciberseguranca
O CorelDRAW é um programa de desenho vetorial bidimensional ,"O CorelDRAW é um programa de desenho vetorial bidimensional para design gráfico desenvolvido pela Corel Corporation, Canadá. É um aplicativo de ilustração trevial vetorial e",DevOps
A virtualização em nível de sistema operacional é um paradig,"A virtualização em nível de sistema operacional é um paradigma de virtualização de sistema operacional (SO) no qual o núcleo (kernel) permite a existência de múltiplas instâncias isoladas de espaço de usuário, chamadas de contêineres (LXC, Solaris Containers, AIX WPARs, HP-UX SRP Containers, Docker, Podman, Guix), zonas (Solaris Containers), servidores virtuais privados (OpenVZ), partições, ambientes virtuais (VEs), núcleos virtuais (DragonFly BSD) e jails (FreeBSD jail e chroot). Tais instâncias podem parecer computadores reais do ponto de vista dos programas executados nelas. Um programa de computador executado em um sistema operacional comum pode ver todos os recursos (dispositivos conectados, arquivos e pastas, compartilhamentos de rede, potência da CPU, capacidades de hardware quantificáveis) daquele computador. Programas executados dentro de um contêiner só podem ver o conteúdo do contêiner e os dispositivos atribuídos a ele.
Em sistemas operacionais Unix-like, esse recurso pode ser visto como uma implementação avançada do mecanismo padrão chroot, que altera a pasta raiz aparente para o processo atual em execução e seus filhos. Além dos mecanismos de isolamento, o núcleo frequentemente fornece recursos de gerenciamento de recursos para limitar o impacto das atividades de um contêiner em outros contêineres. Os contêineres Linux são todos baseados nos mecanismos de virtualização, isolamento e gerenciamento de recursos fornecidos pelo núcleo Linux, notadamente namespaces e cgroups.
Embora a palavra contêiner se refira mais comumente à virtualização em nível de SO, às vezes é usada para se referir a máquinas virtuais mais completas que operam em variados graus de concerto com o SO hospedeiro,[carece de fontes?] como os contêineres Hyper-V da Microsoft.[carece de fontes?] Para uma visão geral da virtualização desde 1960, consulte Cronologia das tecnologias de virtualização.",DevOps
Uma política de segurança da informação (PSI) ou política de,"Uma política de segurança da informação (PSI) ou política de segurança das informações e comunicações (PoSIC) tem por objetivo possibilitar o gerenciamento da segurança de informação em uma organização, estabelecendo regras e padrões para proteção da informação. A política possibilita manter a confidencialidade, garantir que a informação não seja alterada ou perdida e permitir que a informação esteja disponível quando for necessário. É um elemento essencial para o sucesso de um SGSI (Sistema de Gestão de Segurança da Informação).
A segurança da informação procura proteger diferentes tipos de ameaças para garantir a continuidade dos negócios, reduzir riscos e busca a maximização dos retornos em investimentos e ampliação das oportunidades de negócios.
O conteúdo da política de segurança da informação varia. Entre as organizações, dependendo de seu grau de informatização, de mercado, requisitos de segurança, etc. No entanto, uma política de segurança da informação geralmente inclui a definição de segurança da Informação, seus objetivos e o que compõe. Confia no compromisso da alta administração, define os procedimentos de controle de segurança da informação a serem implementados, como o uso de senhas, as responsabilidades dessa política e as penalidades de sua violação.
Política de segurança da informação é a padronização das normas obrigatórias a fim de manter o controle do comportamentos dos envolvidos para garantir a proteção e as informações da organização. Se tornando semelhante ao Direito, as leis possuem em si definição semelhante as políticas de segurança da informação, e para a avaliação de eficiência e eficácia de uma PSI, quanto a manutenção comportamental,  é indicado uma adaptação das teorias de análise comportamental do Direito.
Seu processo de implantação deve resultar na documentação dos procedimentos e sua padronização, também suas ferramentas e técnicas utilizadas. Criando assim indicadores, registros e definindo um processo de conscientização.
Os controles devem ser definidos levando em conta as características de cada empresa, definindo o que é permitido e o que é proibido. A implantação, para ser bem sucedida, deve partir da diretoria da empresa para os demais funcionários (abordagem top down). A política deve ser divulgada para todos os funcionários da organização, de forma a manter a segurança das informações.
Um método importante de avaliar em segurança da informação o quanto o comportamento de seu profissional é seguro ou perigoso aos dados e ativos de uma empresa leva em conta; 

a susceptibilidade a ameaças por parte do funcionário;
a severidade das ameaças que ele possa vir a receber;
a certeza da detecção por parte da POSIC;
a severidade da punição;
o esforço de salvaguarda;
a satisfação do funcionário.",Ciberseguranca
Um processo de desenvolvimento de software é um conjunto de ,"Um processo de desenvolvimento de software é um conjunto de atividades, parcialmente ordenadas, com a finalidade de obter um produto de software. É estudado dentro da área de Engenharia de Software, sendo considerado um dos principais mecanismos para se obter software de qualidade e cumprir corretamente os contratos de desenvolvimento, sendo uma das respostas técnicas adequadas para resolver a crise do software. Um outro conceito que podemos utilizar para compreender o processo de desenvolvimento de software",QA
O root ou rooting é um processo realizado em smartphones e e,"O root ou rooting é um processo realizado em smartphones e em tablets com sistema operacional Android o qual permite que o dispositivo execute comandos privilegiados que tipicamente são indisponíveis em sua configuração padrão. O nome do procedimento advém do fato de o sistema Android ser baseado no Linux e este sistema possuir um superusuário, chamado root, que possui acesso a comandos, a configurações e a áreas sensíveis do sistema de arquivos do sistema operacional.
O processo de rooting permite ao usuário remover, alterar ou substituir aplicativos de sistema ou pré-instalados de fábrica - liberando, desta forma, espaço na memória interna do dispositivo, podendo se utilizar aplicativos especializados - que requerem permissões administrativas - ou realizar operações de outra forma inacessíveis a um usuário comum. O processo também possibilita a substituição do sistema operacional original do dispositivo por outro.
Historicamente, o HTC Dream foi o primeiro smartphone com Android a sofrer o processo de rooting, com instruções publicadas no fórum XDA 21 dias após seu lançamento oficial. Este tema continua relevante e se mantem como base para estudos avancados.",Mobile
A engenharia de cibersegurança é uma disciplina tech que se ,"A engenharia de cibersegurança é uma disciplina tech que se concentra na proteção de sistemas, redes e dados contra ameaças cibernéticas. Essa área envolve a aplicação de princípios de engenharia para o design, implementação, manutenção e avaliação de sistemas seguros, garantindo a integridade, confidencialidade e disponibilidade da informação.
Com o aumento das ameaças digitais e a crescente dependência da tecnologia em todos os aspectos da vida moderna, a engenharia de cibersegurança tornou-se crucial para proteger indivíduos, organizações e nações contra uma variedade de riscos cibernéticos.",Cloud/Infra
A literacia de dados ou alfabetização de dados (também conhe,"A literacia de dados ou alfabetização de dados (também conhecida como competência de dados) é um termo extensivo da área disciplinar da Informática e Ciência de Dados que designa a ampla capacidade de ler, processar, analisar, compreender, criar e comunicar dados como informação, bem como aplicar o Pensamento Computacional e a consciência do alcance, âmbito e limitações dos dados. É uma combinação de competências técnicas e cognitivas na utilização das Tecnologias de Informação e Comunicação para recolher, gerir e avaliar dados computacionais de modo crítico. Abrange uma gama de competências, que vão desde a utilização elementar até ao Processamento Computacional de Dados, Bases (Bancos) de Dados, Visualização Informática de Dados, Segurança da Informação, Computação Científica, Algoritmos e Estruturas de",Dados
Chia é uma criptomoeda em que a mineração é baseada na quant,"Chia é uma criptomoeda em que a mineração é baseada na quantidade de espaço de armazenamento no disco rígido dedicado a ela, em vez de poder de processamento, como acontece com as criptomoedas de Prova de Trabalho como Bitcoin. A plataforma foi criada por uma empresa chamada Chia Network, que teve uma avaliação de 500 milhões de dólares em uma rodada de investimentos recente e afirma ter como objetivo um IPO antes do final de 2021. Compreender bem este assunto e essencial para quem atua ou estuda nesta area.",Blockchain
SAP Cloud Infrastructure é uma plataforma de computação em n,"SAP Cloud Infrastructure é uma plataforma de computação em nuvem do tipo infraestrutura como serviço (IaaS) operada pela SAP SE. A SAP utiliza-a para os seus serviços de nuvem e para implementações destinadas a clientes, incluindo cargas de trabalho SAP e não-SAP.
A SAP desenvolve e opera a SAP Cloud Infrastructure com tecnologias open source dentro da sua rede de centros de dados, com base em OpenStack e Kubernetes, e a plataforma suporta SAP S/4HANA bem como soluções cloud da SAP e cargas de trabalho de terceiros/não-SAP. Fornece serviços de computação, armazenamento e serviços de plataforma acessíveis aos clientes da SAP. Dominar este conhecimento diferencia profissionais em qualquer segmento do mercado.",DevOps
Governo por algoritmo (também conhecido como governo dos alg,"Governo por algoritmo (também conhecido como governo dos algoritmos, regulação algorítmica, regulação por algoritmos, governança algorítmica, governança algocrática, ordem legal algorítmica ou algocracia) é uma forma alternativa de governo ou ordenamento social, onde o uso de algoritmos de computador, especialmente de inteligência artificial e blockchain, é aplicado a regulações, aplicação da lei e, geralmente, qualquer aspecto da vida cotidiana, como transporte ou registro de terras. O termo 'governo por algoritmo' apareceu na literatura acadêmica como uma alternativa para 'governança algorítmica' em 2013. Um termo relacionado, regulação algorítmica é definido como o estabelecimento do padrão, monitoramento",Blockchain
O termo Internet obscura ou rede maligna refere-se a servido,"O termo Internet obscura ou rede maligna refere-se a servidores de rede disponíveis na Internet, acessíveis somente através de ferramentas, configurações ou autorizações específicas que dão um elevado nível de anonimato tanto a quem publica os conteúdos como a quem os consulta. A dark web forma uma parte pequena da Deep web, a parte da rede que não está indexada pelas ferramentas de busca, apesar de algumas vezes o termo Deep web ser usado de maneira equívoca para se referir especificamente à dark web.
A internet obscura não deve ser confundida com a Deep web, nem com as redes de compartilhamento de arquivos chamadas de Darknet. Ao passo que Deep web e Darknet referem-se a websites difíceis de serem acessados, e redes secretas ou paralelas à Internet, a Internet obscura (Dark Internet) é qualquer porção da Internet que não pode ser acessada por meios convencionais.
As Darknets que constituem a dark web incluem pequenas redes friend-to-friend Peer-to-peer, assim como grandes e populares redes como Freenet, I2P e Tor, operadas por organizações públicas e indivíduos. Usuários da dark web se referem à rede comum como Clearnet devido à sua natureza não criptografada. A dark web do Tor pode ser referida como onionland, ou ""Terra da Cebola"", uma referência ao sufixo do domínio da rede .onion e à técnica de anonimização do tráfego chamada onion routing.",Backend
"Programação extrema (do inglês eXtreme Programming), ou simp","Programação extrema (do inglês eXtreme Programming), ou simplesmente XP, é considerada uma metodologia ágil e se ajusta bem a projetos de software com requisitos vagos e em constante mudança. Para isso, adota a estratégia de constante acompanhamento e realização de vários pequenos ajustes durante o desenvolvimento de software. O XP possui algumas características marcantes que são: Feedback constante. Abordagem incremental. Encoraja a comunicação entre as pessoas envolvidas. Os cinco valores fundamentais são: comunicação, simplicidade, feedback, coragem e respeito. A partir desses valores, possui como princípios básicos: feedback rápido, presumir simplicidade, mudanças incrementais,",QA
"Operações de tecnologia da informação, ou operações de TI, s","Operações de tecnologia da informação, ou operações de TI, são o conjunto de todos os processos e serviços que são fornecidos por uma equipe de TI para seus clientes internos e externos e usados por eles, para serem executados como um negócio. O termo refere-se a aplicação de gerenciamento de operações para uma necessidade de tecnologia do negócio. A definição de operações de TI difere através da indústria de TI, onde fornecedores e organizações individuais geralmente",DevOps
"Software (pronúncia em inglês: ['sɔftwɛəɹ], pronúncia em por","Software (pronúncia em inglês: ['sɔftwɛəɹ], pronúncia em português: ['sóof-tu-er']) é uma coleção de programas que dizem a um computador como executar tarefas específicas. Isso contrasta com o hardware, a partir do qual o sistema é construído e que realmente executa o trabalho.
Software é o termo usado para se referir a uma sequência de instruções executadas em um dispositivo informático, como um computador ou máquina semelhante. Ele é um produto da engenharia de software e inclui não apenas o programa em si, mas também quaisquer documentações e especificações.
Um software é geralmente composto por diversas funções, bibliotecas e módulos que, ao final do desenvolvimento, formam um programa executável. Quando executado, esse programa recebe dados de entrada (input), processa as informações por meio de algoritmos ou sequências de instruções lógicas e gera uma saída (output) como resultado deste processamento.
A maioria dos softwares é escrita em linguagens de programação de alto nível, como Python, Java, JavaScript, TypeScript, C#, Go, PHP, Kotlin, Ruby, Dart, R, Swift, entre outras. Essas linguagens são mais fáceis e eficientes para os programadores, pois estão mais próximas das linguagens naturais do que do código de máquina. Elas são traduzidas para a linguagem de máquina por meio de um compilador, um interpretador ou uma combinação dos dois.
Softwares também podem ser escritos em linguagens de nível mais baixo, como Assembly. Além disso, linguagens como C, C++ e Rust, embora geralmente classificadas como de médio ou alto nível, são frequentemente usadas para programação de baixo nível devido ao seu controle direto sobre o hardware e à proximidade com a linguagem de máquina. As linguagens assembly, por sua vez, possuem uma forte correspondência com as instruções da CPU e são traduzidas para a linguagem de máquina usando um assembler.
Este produto passa por várias etapas como: análise econômica, análise de requisitos, especificação, codificação, teste, documentação, Treinamento, manutenção e implantação nos ambientes.
Para fins contabilísticos e financeiros, o software é considerado um bem de capital.",Backend
"Slot é um termo em inglês para designar ranhura, fenda, cone","Slot é um termo em inglês para designar ranhura, fenda, conector, encaixe ou espaço. Sua função é ligar os periféricos ao barramento e suas velocidades são correspondentes dos seus respectivos barramentos. Nas placas-mãe são encontrados vários slots para o encaixe de placas (vídeo, som, modem e rede por exemplo).",Cloud/Infra
Um processo de desenvolvimento de software é um conjunto de ,"Um processo de desenvolvimento de software é um conjunto de atividades, parcialmente ordenadas, com a finalidade de obter um produto de software. É estudado dentro da área de Engenharia de Software, sendo considerado um dos principais mecanismos para se obter software de qualidade e cumprir corretamente os contratos de desenvolvimento, sendo uma das respostas técnicas adequadas para resolver a crise do software. 
Um outro conceito que podemos utilizar para compreender o processo de desenvolvimento de software foi o apresentado por Waslwick(2013, p 30): é formado por um conjunto de passos de processo parcialmente ordenados, relacionados a artefatos, pessoas, estruturas organizacionais e restrições, tendo como objetivo produzir e manter os produtos de software finais requeridos. Este é um conceito que considera o contexto ao qual o processo de desenvolvimento de software é aplicado destacando as suas interdependências com outros fatores como restrições, pessoas, recursos, padrões etc que impactam no resultado final do processo.",QA
"Software (pronúncia em inglês: ['sɔftwɛəɹ], pronúncia em por","Software (pronúncia em inglês: ['sɔftwɛəɹ], pronúncia em português: ['sóof-tu-er']) é uma coleção de programas que dizem a um computador como executar tarefas específicas. Isso contrasta com o hardware, a partir do qual o sistema é construído e que realmente executa o trabalho.
Software é o termo usado para se referir a uma sequência de instruções executadas em um dispositivo informático, como um computador ou máquina semelhante. Ele é um produto da engenharia de software e inclui não apenas o programa em si, mas também quaisquer documentações e especificações.
Um software é geralmente composto por diversas funções, bibliotecas e módulos que, ao final do desenvolvimento, formam um programa executável. Quando executado, esse programa recebe dados de entrada (input), processa as informações por meio de algoritmos ou sequências de instruções lógicas e gera uma saída (output) como resultado deste processamento.
A maioria dos softwares é escrita em linguagens de programação de alto nível, como Python, Java, JavaScript, TypeScript, C#, Go, PHP, Kotlin, Ruby, Dart, R, Swift, entre outras. Essas linguagens são mais fáceis e eficientes para os programadores, pois estão mais próximas das linguagens naturais do que do código de máquina. Elas são traduzidas para a linguagem de máquina por meio de um compilador, um interpretador ou uma combinação dos dois.
Softwares também podem ser escritos em linguagens de nível mais baixo, como Assembly. Além disso, linguagens como C, C++ e Rust, embora geralmente classificadas como de médio ou alto nível, são frequentemente usadas para programação de baixo nível devido ao seu controle direto sobre o hardware e à proximidade com a linguagem de máquina. As linguagens assembly, por sua vez, possuem uma forte correspondência com as instruções da CPU e são traduzidas para a linguagem de máquina usando um assembler.
Este produto passa por várias etapas como: análise econômica, análise de requisitos, especificação, codificação, teste, documentação, Treinamento, manutenção e implantação nos ambientes.
Para fins contabilísticos e financeiros, o software é considerado um bem de capital. Compreender bem este assunto e essencial para quem atua ou estuda nesta area.",QA
Polygon (antiga Matic Network) é uma plataforma de blockchai,"Polygon (antiga Matic Network) é uma plataforma de blockchain que busca criar um sistema de blockchain multi-cadeia compatível com o Ethereum. Assim como o Ethereum, utiliza o mecanismo de consenso proof of stake (prova de participação) para o processamento de transações on-chain. O token nativo do Polygon é o POL, um token ERC-20 que garante compatibilidade com outras criptomoedas baseadas no Ethereum. A plataforma é operada pela Polygon Labs.
Polygon é uma blockchain de segunda camada 2 (layer-2) da Ethereum, que processa transações fora da cadeia principal (off-chain) antes de finalizá-las na rede Ethereum. Isso significa que, ao invés de cada transação ser processada individualmente na blockchain do Ethereum, muitas transações são agrupadas e tratadas em um único lote na rede Polygon.
Vários aplicativos descentralizados (dApps) rodam na Polygon, como DeFi, DAOs e NFTs. Este tema continua relevante e se mantem como base para estudos avancados.",Blockchain
Bitcoin Core (antigo Bitcoin-Qt) é o terceiro cliente Bitcoi,"Bitcoin Core (antigo Bitcoin-Qt) é o terceiro cliente Bitcoin, desenvolvido por Wladimir van der Laan baseado no código de referência original de Satoshi Nakamoto. O software foi publicado, inicialmente, sob o nome ""Bitcoin"", e depois renomeado para ""Bitcoin Core"" para distingui-lo da rede Bitcoin. Por esta razão, também é conhecido como o Cliente Satoshi. A partir de 2018, os repositórios do Bitcoin Core são mantidos",Blockchain
Gate.io é uma plataforma global de,Gate.io é uma plataforma global de exchange de criptomoedas e blockchain criada em 2013. Ela está,Blockchain
"Na computação em nuvem, a elasticidade é definida como ""o gr","Na computação em nuvem, a elasticidade é definida como ""o grau em que um sistema é capaz de adaptar-se a carga de trabalho através de provisionamento e desprovisionamento de recursos automaticamente, de forma que em cada ponto no tempo, os recursos disponíveis correspondam à demanda atual, tão próxima quanto possível"". Elasticidade é uma característica que diferencia a computação em nuvem dos paradigmas de computação propostos anteriormente, tais como computação em grade. A adaptação dinâmica de capacidade, por exemplo, alterando o uso de recursos de computação, para atender a uma variação de carga de trabalho é chamado de ""computação elástica"". Compreender bem este assunto e essencial para quem atua ou estuda nesta area.",DevOps
A engenharia de cibersegurança é uma disciplina tech que se ,"A engenharia de cibersegurança é uma disciplina tech que se concentra na proteção de sistemas, redes e dados contra ameaças cibernéticas. Essa área envolve a aplicação de princípios de engenharia para o design, implementação, manutenção e avaliação de sistemas seguros, garantindo a",Ciberseguranca
"Senha, palavra-passe, palavra-chave ou password é uma palavr","Senha, palavra-passe, palavra-chave ou password é uma palavra ou código secreto previamente convencionado entre as partes como forma de reconhecimento. Em sistemas de computação, senhas são amplamente utilizadas para autenticar usuários e conceder-lhes privilégios — para agir como administradores de um sistema, por exemplo ou permitir-lhes o acesso a informações personalizadas armazenadas no sistema. Uma das referências mais antigas conhecidas ao uso de senhas é o incidente xibolete, narrado do Antigo Testamento. Senhas já eram usadas na Roma Antiga. Na computação, foram usadas pela primeira vez nos anos",Ciberseguranca
Uma troca de criptomoeda ou DCE (Digital Currency Exchange) ,"Uma troca de criptomoeda ou DCE (Digital Currency Exchange) é uma empresa que permite que os clientes negociem criptomoedas ou moedas digitais por outros ativos, como moeda fiduciária convencional ou outras moedas digitais. Uma troca de criptomoedas pode ser um formador de mercado que normalmente aceita os spreads de compra e venda como comissão de transação para o serviço ou, como plataforma correspondente, simplesmente cobra taxas.
No Brasil, as corretoras de criptomoedas, assim intituladas comercialmente, ou comercializadoras de ativos virtuais, conforme enquadradas pelo congresso brasileiro, ou ainda, ""EXCHANGES"" pela Receita Federal do Brasil, ainda não possuem regulação de nenhuma autarquia ou orgão público. Este conceito e amplamente utilizado e fundamental para profissionais da area.",Blockchain
Tecnologias da informação e comunicação (TIC) é um termo ext,"Tecnologias da informação e comunicação (TIC) é um termo extensivo das áreas da Informática e da Ciência da Computação para a Tecnologia da Informação (TI) que enfatiza o papel das comunicações unificadas (UC) e a integração das telecomunicações (linhas telefónicas e sinais sem fios) e dos computadores, bem como o software necessário, middleware, armazenamento de dados, multimédia e audiovisual, que permitem aos utilizadores (usuários) aceder, armazenar, transmitir, compreender e manipular informação (tecnologia digital comprimida).

As TIC são também utilizadas para se referir à convergência (triple play) das Redes de Computadores com as redes audiovisuais e telefónicas através de uma Arquitetura de Computadores com uma única cablagem ou sistema de ligação (link system). Existem grandes incentivos económicos para fundir o sistema de redes informáticas com as redes telefónicas utilizando um único sistema unificado de cablagem, distribuição de sinal digital e sistema de informação de gestão (SIG). TIC é um termo abrangente da área da Informática que inclui qualquer dispositivo de comunicação, abrangendo rádio, televisão, telemóvel (celular), hardware de computador e de rede de computadores, sistemas de satélite de dados e assim por diante, bem como os vários serviços e aparelhos que os acompanham, como, por exemplo, a videoconferência e a educação à distância (EaD). As TIC incluem também a tecnologia analógica, como a comunicação em formato de papel, e os restantes modos de transmissão de comunicação.
As TIC são um tema vasto e os seus conceitos estão em permanente evolução. Abrange todos os produtos capazes de armazenar, recuperar, manipular, processar, transmitir ou receber informações eletronicamente em formato digital (por exemplo, computadores pessoais, incluindo smartphones, televisão digital, e-mail ou robôs). O Quadro de Competências para a Era da Informação (Skills Framework for the Information Age) é um dos muitos modelos para descrever e gerir as competências para os profissionais das TIC no século XXI.
As TIC enquanto área da Informática e da Ciência da Computação, abrangem os estudos da computação, informação e automação. Abrangem disciplinas teóricas, como Algoritmos e Estruturas de Dados, Teoria da Computação e Teoria da Informação, até disciplinas aplicadas, incluindo a implementação de hardware e software.

Os Algoritmos e as Estruturas de Dados são fundamentais para as TIC. A Teoria da Computação diz respeito a modelos abstratos de computação e a classes gerais de problemas que podem ser resolvidos utilizando-os. As áreas da Criptografia e Segurança Informática envolvem o estudo dos meios de comunicação segura e a prevenção de vulnerabilidades de segurança. A Computação Gráfica e a Geometria Computacional abordam a geração de imagens. A teoria da Linguagem de Programação considera diferentes formas de descrever os processos computacionais, e a teoria das Bases (Bancos) de Dados diz respeito à gestão dos repositórios de dados. A Interação Homem-Máquina investiga as interfaces através das quais os humanos e os computadores interagem, e a Engenharia de Software concentra-se no design e nos princípios por detrás do Desenvolvimento de Software. Áreas como os Sistemas Operativos, as Redes de Computadores e os Sistemas Embebidos investigam os princípios e o design por detrás de Sistemas Complexos. A Arquitetura de Computadores descreve a construção de componentes de computador e de equipamentos operados por computador. A Inteligência Artificial e a Aprendizagem Automática visam sintetizar processos orientados para objetivos, como a resolução de problemas, a tomada de decisões, a adaptação ambiental, o planeamento e a aprendizagem encontrados em humanos e animais. Dentro da Inteligência Artificial, a Visão Computacional visa compreender e processar dados de imagem e vídeo, enquanto o Processamento de Linguagem Natural visa compreender e processar dados textuais e linguísticos. Dominar este conhecimento diferencia profissionais em qualquer segmento do mercado.",Ciberseguranca
Análise de sistemas é a atividade que tem como finalidade a ,"Análise de sistemas é a atividade que tem como finalidade a realização de estudos de processos a fim de encontrar o melhor caminho racional para que a informação possa ser processada. Um analista de sistemas pode trabalhar no projeto de criação de um novo sistema ou no serviço de manutenção de sistemas já prontos. Devido a alta quantidade de sistemas já existentes, a maior parte do trabalho se dá na manutenção dos sistemas, o que geralmente envolve também a manutenção de software. Também é comum que um analista de sistemas trabalhe na criação de um sistema e depois disso passe a trabalhar na manutenção do sistema criado. Os analistas de sistemas estudam os diversos sistemas existentes entre hardwares (equipamentos), softwares (programas) e o usuário final. No caso dos sistemas de informações (sistemas que possuem como objetivo gerenciar informação), os seus comportamentos e aplicações são desenvolvidos a partir de soluções que serão padronizadas e transcritas da forma que o computador possa executar, pois geralmente a quantidade de informações é muito grande para gerenciar sem um computador, utilizando somente fichários e gaveteiros, por exemplo, como era feito antigamente. Desta forma, o software geralmente é um importante componente de um sistema de informações. Os profissionais da área geram softwares (programas), que são executados em hardwares (equipamentos) operados por usuários (indivíduos), preparados e treinados em procedimentos operacionais padronizados, dotados de conhecimentos do software e hardware para seu trabalho. A",QA
Programação por contrato do inglês Design by contract (DbC) ,"Programação por contrato do inglês Design by contract (DbC) é um abordagem de desenvolvimento de software que prescreve que os desenvolvedores devem definir métodos formais, especificações de interface precisas e verificáveis dos componentes de desenvolvimento de software, que acarreta na definição de Tipo Abstrato de Dados com pre-condições, pos-condições e constantes. Estas especificações são definidas como um ""contrato"", de acordo com os próprios conceitos de condições e obrigações dos contratos de negócio.
Devido o termo Design by Contract ser marca registrada da Eiffel Software nos EUA, muitos desenvolvedores se referem à abordagem como Programação por Contrato (Programming by contract).",QA
Um programa de computador ou programa informático é um conju,"Um programa de computador ou programa informático é um conjunto de instruções que descrevem uma tarefa a ser realizada por um computador. O termo pode ser uma referência ao código fonte, escrito em alguma linguagem de programação, ou ao arquivo que contém a forma executável deste código fonte. Este tema continua relevante e se mantem como base para estudos avancados.",QA
"Um aplicativo descentralizado, também conhecido como DApp, é","Um aplicativo descentralizado, também conhecido como DApp, é um aplicativo de computador que funciona em uma rede peer-to-peer descentralizada. DApps possuem código aberto e operam de forma autônoma, independentemente de autoridades centrais. Este conceito e amplamente utilizado e fundamental para profissionais da area.",Blockchain
O GNU Compiler Collection (chamado usualmente por GCC) é um ,"O GNU Compiler Collection (chamado usualmente por GCC) é um conjunto de compiladores de linguagens de programação produzido pelo projecto GNU para construir um sistema operativo semelhante ao Unix livre. Faz parte do sistema operativo GNU e FSF, sendo uma das ferramentas essenciais para manter o software",Frontend
Smartphone é um dispositivo móvel que combina a funcionalida,"Smartphone é um dispositivo móvel que combina a funcionalidade de um telefone celular tradicional com recursos avançados de computação. Normalmente, ele tem uma interface de tela sensível ao toque, permitindo que os usuários acessem uma ampla variedade de aplicativos e serviços, como navegação na web, e-mail e mídia social, bem como reprodução e streaming de multimídia. Os smartphones têm câmeras integradas, navegação GPS e suporte para vários métodos de comunicação, incluindo chamadas de voz, mensagens de texto e aplicativos de mensagens baseados na Internet.
Os smartphones se distinguem dos telefones com recursos mais antigos por seus recursos de hardware mais avançados e sistemas operacionais móveis abrangentes, acesso à Internet, aplicativos comerciais, pagamentos móveis e funcionalidade multimídia, incluindo música, vídeo, jogos, rádio e televisão.
Os smartphones substituíram em grande parte os dispositivos de assistente digital pessoal (PDA), os PCs portáteis/do tamanho da palma da mão, os leitores de mídia portáteis (PMP), as câmeras point-and-shoot, as filmadoras e, em menor grau, os consoles de videogame portáteis, os dispositivos de leitura eletrônica, as calculadoras de bolso e as unidades de rastreamento GPS.
Desde o início da década de 2010, o hardware aprimorado e a comunicação sem fio mais rápida (devido a padrões como LTE e, posteriormente, 5G NR) impulsionaram o crescimento da indústria de smartphones. Em 2014, mais de um bilhão de smartphones foram vendidos globalmente a cada ano. Só em 2019, foram enviadas 1,54 bilhões de unidades de smartphones em todo o mundo. 75,05 por cento da população mundial era usuária de smartphones em 2020. Este conceito e amplamente utilizado e fundamental para profissionais da area.",Mobile
Uma carteira digital de criptomoeda é um mecanismo que permi,"Uma carteira digital de criptomoeda é um mecanismo que permite armazenar criptomoedas e realizar transferências utilizando o computador ou celular. Normalmente é um software ou um hardware que permite um usuário guardar seu montante em criptomoeda, podendo também ter outras formas como as paper wallets. Assim como os navegadores estão para a Internet, permitindo um usuário acessar páginas da rede, as carteiras digitais estão para as criptomoedas, permitindo as transações de criptomoeda de maneira facilitada, com segurança e acesso a aplicativos decentralizados.",Blockchain
"SegWit ou Segregated Witness (Testemunha Segregada), é uma p","SegWit ou Segregated Witness (Testemunha Segregada), é uma proposta de mudança nas regras do software que rege o protocolo Bitcoin. Teve como objetivo sanar os problemas relacionados a maleabilidade de transações,aumentar a capacidade máxima do bloco e implementar recursos necessários para o suporte a outras aplicações como a Lightning Network (Rede Relâmpago). SegWit se caracteriza como um Soft Fork, isto é, um enrijecimento das regras do protocolo que leva a uma retrocompatibilidade com os antigos blocos da rede. Logo, ao contrário dos Hard Forks, seu ativamento não provoca a criação de uma nova blockchain. Sua ativação foi resultado de um consenso entre os usuários na rede Bitcoin, sendo necessário mais de 95% de aprovação da comunidade pela mudança. No dia 24 de Agosto de 2017, o SegWit foi ativado na rede principal do Bitcoin. Compreender bem este assunto e essencial para quem atua ou estuda nesta area.",Blockchain
A Cloud Native Computing Foundation (CNCF) é um projeto da L,"A Cloud Native Computing Foundation (CNCF) é um projeto da Linux Foundation fundado em 2015 para avançar o desenvolvimento e adoção de tecnologias de containers.
A CNCF foi anunciada junto da versão 1.0 do Kubernetes, um gerenciador de clusters de containers de código aberto, que foi contribuído para a Linux Foundation pelo Google. Os membros fundadores da CNCF incluem Google, CoreOS, Mesosphere, Red Hat, Twitter, Huawei, Intel, RX-M, Cisco, IBM, Docker, Univa e VMware. Hoje, o CNCF é apoiado por mais de 450 membros.
Dan Kohn liderou a CNCF como diretor executivo até maio de 2020. A fundação anunciou que Priyanka Sharma, diretora de Cloud Native Alliances no GitLab, assumiria a função de gerente geral em seu lugar. Sharma descreve a CNCF como “uma organização muito impactante construída por um pequeno grupo de pessoas, mas [dentro] de um ecossistema muito grande”.
O relatório anual da CNCF publicado em 2020 mostrou um crescimento significativo da fundação em termos de adesão, participação em eventos, treinamento e investimento na indústria. Em 2019, a CNCF cresceu 50% em relação ao ano anterior, com 173 novos membros e um crescimento de quase 90% em utilizadores finais. O relatório apontou um aumento de 78% no uso do Kubernetes em ambientes produtivos.",DevOps
A Cloud Native Computing Foundation (CNCF) é um projeto da L,"A Cloud Native Computing Foundation (CNCF) é um projeto da Linux Foundation fundado em 2015 para avançar o desenvolvimento e adoção de tecnologias de containers.
A CNCF foi anunciada junto da versão 1.0 do Kubernetes, um gerenciador de clusters de containers de código aberto, que foi contribuído para a Linux Foundation pelo Google. Os membros fundadores da CNCF incluem Google, CoreOS, Mesosphere, Red Hat, Twitter, Huawei, Intel, RX-M, Cisco, IBM, Docker, Univa e VMware. Hoje, o CNCF é apoiado por mais de 450 membros.
Dan Kohn liderou a CNCF como diretor executivo até maio de 2020. A fundação anunciou que Priyanka Sharma, diretora de Cloud Native Alliances no GitLab, assumiria a função de gerente geral em seu lugar. Sharma descreve a CNCF como “uma organização muito impactante construída por um pequeno grupo de pessoas, mas [dentro] de um ecossistema muito grande”.
O relatório anual da CNCF publicado em 2020 mostrou um crescimento significativo da fundação em termos de adesão, participação em eventos, treinamento e investimento na indústria. Em 2019, a CNCF cresceu 50% em relação ao ano anterior, com 173 novos membros e um crescimento de quase 90% em utilizadores finais. O relatório apontou um aumento de 78% no uso do Kubernetes em ambientes produtivos. Dominar este conhecimento diferencia profissionais em qualquer segmento do mercado.",DevOps
A virtualização em nível de sistema operacional é um paradig,"A virtualização em nível de sistema operacional é um paradigma de virtualização de sistema operacional (SO) no qual o núcleo (kernel) permite a existência de múltiplas instâncias isoladas de espaço de usuário, chamadas de contêineres (LXC, Solaris Containers, AIX WPARs, HP-UX SRP Containers, Docker, Podman, Guix), zonas (Solaris Containers), servidores virtuais privados (OpenVZ), partições, ambientes virtuais (VEs), núcleos virtuais (DragonFly BSD) e jails (FreeBSD jail e chroot). Tais instâncias podem parecer computadores reais do ponto de vista dos programas executados nelas. Um programa de computador executado em um sistema operacional comum pode ver todos os recursos (dispositivos conectados, arquivos e pastas, compartilhamentos de rede, potência da CPU, capacidades de hardware quantificáveis) daquele computador. Programas executados dentro de um contêiner só podem ver o conteúdo do contêiner e os dispositivos atribuídos a ele. Em sistemas operacionais Unix-like, esse",DevOps
"MEAN (MongoDB, Express","MEAN (MongoDB, Express.js, AngularJS (ou Angular), e Node.js) é um conjunto de soluções JavaScript de software livre e código aberto para a construção de páginas web dinâmicas e aplicações web.
Como todos os componentes do conjunto são em Javascript, as aplicações feitas com MEAN podem ser escritas usando a mesma linguagem tanto no back-end(lado do servidor) como no front-end(lado do cliente).
Embora seja frequentemente comparado com outros conjuntos de solução para desenvolvimento web, como o LAMP (Linux, Apache, MariaDB/MySQL e PHP), os componentes do MEAN são mais próximos da programação de alto nível, pois incluem uma ferramenta para camada de apresentação da aplicação, e não incluem uma camada de sistema operacional.
A sigla MEAN foi usada pela primeira vez por pelo desenvolvedor Valeri Karpov que em 2013 introduziu o termo em seu Blog. A logo, criada pelo designer gráfico Austin Anderson para o grupo original de desenvolvedores MEAN no LinkedIn, foi feita juntando as primeiras letras das logos de cada um dos componentes do conjunto MEAN.",Frontend
O netfilter é um módulo que fornece ao sistema operacional L,"O netfilter é um módulo que fornece ao sistema operacional Linux as funções de firewall, NAT e log dos dados que trafegam por rede de computadores. 
iptables é o nome da ferramenta do espaço do usuário que permite a criação de regras de firewall e NATs. Apesar de, tecnicamente, o iptables ser apenas uma ferramenta que controla o módulo netfilter, o nome ""iptables"" é frequentemente utilizado como referência ao conjunto completo de funcionalidades do netfilter. O iptables é parte de todas as distribuições modernas do Linux.",Ciberseguranca
Processamento de língua natural (PLN) é uma subárea da ciênc,"Processamento de língua natural (PLN) é uma subárea da ciência da computação, inteligência artificial e da linguística que estuda os problemas da geração e compreensão automática de línguas humanas naturais. Sistemas de geração de língua natural convertem informação de bancos de dados de computadores em linguagem compreensível ao ser humano e sistemas de compreensão de língua natural convertem ocorrências de linguagem humana em representações mais formais, mais facilmente manipuláveis por programas de computador. Alguns desafios do PLN são compreensão de língua natural, fazer com que computadores extraiam sentido de linguagem humana ou natural e geração de língua natural.",Dados
"O ciclo de vida de desenvolvimento de sistemas (CVDS), do in","O ciclo de vida de desenvolvimento de sistemas (CVDS), do inglês systems development life cycle (SDLC), é, em engenharia de sistemas, sistemas de informação e engenharia de software, um processo de criação ou alteração de sistemas de informação, bem como os modelos e metodologias que as pessoas utilizam para desenvolver esses sistemas. Em engenharia da computação, o conceito de CVDS sustenta muitos tipos de metodologias de desenvolvimento de software. Essas metodologias formam a estrutura (framework) para o planejamento e controle da criação de um sistema de informação: o processo de desenvolvimento de software.
O CVDS é utilizado por um analista de sistemas para desenvolver um sistema de informação. Visa produzir um sistema de alta qualidade que atenda ou exceda as expectativas do cliente, seja concluído dentro do tempo e dos custos estimados, funcione de forma eficaz e eficiente na infraestrutura de tecnologia da informação atual e planejada, e tenha baixo custo de manutenção.
Os sistemas de computadores são complexos e frequentemente integram múltiplos sistemas tradicionais fornecidos por diferentes fornecedores de software. Para gerenciar esse nível de complexidade, uma série de modelos ou metodologias de CVDS foram criadas ao longo das décadas, como o modelo em cascata, espiral, desenvolvimento ágil, prototipagem rápida, incremental e o modelo ""sincronizar e estabilizar"".
Com a ascensão da inteligência artificial generativa e dos agentes de IA entre 2023 e 2026, o CVDS passou por uma transformação profunda: sistemas autônomos de IA passaram a ser integrados a cada fase do ciclo de desenvolvimento, originando o paradigma do CVDS aumentado por IA (Agentic SDLC). Este conceito e amplamente utilizado e fundamental para profissionais da area.",DevOps
Uma política de segurança da informação (PSI) ou política de,"Uma política de segurança da informação (PSI) ou política de segurança das informações e comunicações (PoSIC) tem por objetivo possibilitar o gerenciamento da segurança de informação em uma organização, estabelecendo regras e padrões para proteção da informação. A política possibilita manter a confidencialidade, garantir que a informação não seja alterada ou perdida e permitir que a informação esteja disponível quando for necessário. É um elemento essencial para o sucesso de um SGSI (Sistema de Gestão de Segurança da Informação).
A segurança da informação procura proteger diferentes tipos de ameaças para garantir a continuidade dos negócios, reduzir riscos e busca a maximização dos retornos em investimentos e ampliação das oportunidades de negócios.
O conteúdo da política de segurança da informação varia. Entre as organizações, dependendo de seu grau de informatização, de mercado, requisitos de segurança, etc. No entanto, uma política de segurança da informação geralmente inclui a definição de segurança da Informação, seus objetivos e o que compõe. Confia no compromisso da alta administração, define os procedimentos de controle de segurança da informação a serem implementados, como o uso de senhas, as responsabilidades dessa política e as penalidades de sua violação.
Política de segurança da informação é a padronização das normas obrigatórias a fim de manter o controle do comportamentos dos envolvidos para garantir a proteção e as informações da organização. Se tornando semelhante ao Direito, as leis possuem em si definição semelhante as políticas de segurança da informação, e para a avaliação de eficiência e eficácia de uma PSI, quanto a manutenção comportamental,  é indicado uma adaptação das teorias de análise comportamental do Direito.
Seu processo de implantação deve resultar na documentação dos procedimentos e sua padronização, também suas ferramentas e técnicas utilizadas. Criando assim indicadores, registros e definindo um processo de conscientização.
Os controles devem ser definidos levando em conta as características de cada empresa, definindo o que é permitido e o que é proibido. A implantação, para ser bem sucedida, deve partir da diretoria da empresa para os demais funcionários (abordagem top down). A política deve ser divulgada para todos os funcionários da organização, de forma a manter a segurança das informações.
Um método importante de avaliar em segurança da informação o quanto o comportamento de seu profissional é seguro ou perigoso aos dados e ativos de uma empresa leva em conta; 

a susceptibilidade a ameaças por parte do funcionário;
a severidade das ameaças que ele possa vir a receber;
a certeza da detecção por parte da POSIC;
a severidade da punição;
o esforço de salvaguarda;
a satisfação do funcionário. Dominar este conhecimento diferencia profissionais em qualquer segmento do mercado.",Ciberseguranca
"Kit de desenvolvimento de software, também conhecido como So","Kit de desenvolvimento de software, também conhecido como Software development kit, SDK ou ""devkit"", é tipicamente um conjunto de ferramentas de desenvolvimento de software que permite a criação de aplicativos para um certo pacote de software, framework,",Backend
Flutter é um kit de desenvolvimento de software de interface,"Flutter é um kit de desenvolvimento de software de interface de usuário (toolkit e framework), de código aberto, criado pela empresa Google em 2015, baseado na linguagem de programação Dart, que possibilita a criação de aplicativos para Web (através de WebAssembly) e para os sistemas operacionais Android, iOS, Windows, macOS, Linux e Fuchsia. Este tema continua relevante e se mantem como base para estudos avancados.",Mobile
Uma carteira digital de criptomoeda é um mecanismo que permi,"Uma carteira digital de criptomoeda é um mecanismo que permite armazenar criptomoedas e realizar transferências utilizando o computador ou celular. Normalmente é um software ou um hardware que permite um usuário guardar seu montante em criptomoeda, podendo também ter outras formas como as paper wallets. Assim como os navegadores estão para a Internet, permitindo um usuário acessar páginas da rede, as carteiras digitais estão para as criptomoedas, permitindo as transações de criptomoeda de maneira facilitada, com segurança e acesso a aplicativos decentralizados. Este conceito e amplamente utilizado e fundamental para profissionais da area.",Blockchain
Injeção de SQL (do inglês SQL Injection) é um tipo de ameaça,"Injeção de SQL (do inglês SQL Injection) é um tipo de ameaça de segurança que se aproveita de vulnerabilidades em sistemas que trabalham com bases de dados realizando ataques com comandos SQL; onde o atacante consegue inserir uma instrução SQL personalizada e indevida através da entrada de dados de uma aplicação, como formulários ou URL de uma aplicação online.",Dados
"Na computação em nuvem, a elasticidade é definida como ""o gr","Na computação em nuvem, a elasticidade é definida como ""o grau em que um sistema é capaz de adaptar-se a carga de trabalho através de provisionamento e desprovisionamento de recursos automaticamente, de forma que em cada ponto no tempo, os recursos disponíveis correspondam à demanda atual, tão próxima quanto",DevOps
"O RUP, Rational Unified Process (ou Processo Unificado da Ra","O RUP, Rational Unified Process (ou Processo Unificado da Rational), é um processo proprietário de Engenharia de software criado pela Rational Software Corporation, adquirida pela IBM, ganhando um novo nome IRUP que agora é uma abreviação de IBM Rational Unified Process e tornando-se uma brand na área de Software, fornecendo técnicas a serem seguidas pelos membros da equipe de desenvolvimento de software com o objetivo de aumentar a sua produtividade no processo de desenvolvimento.
O RUP usa a abordagem da orientação a objetos em sua concepção e é projetado e documentado utilizando a notação UML (Unified Modeling Language) para ilustrar os processos em ação. Utiliza técnicas e práticas aprovadas comercialmente.
Ainda assim, existem dúvidas a respeito de como a determinação clara de objetivos não pode mais se dissociar dos índices pretendidos. Do mesmo modo, a consolidação das estruturas estimula a padronização dos procedimentos normalmente adotados.
É um processo considerado pesado e preferencialmente aplicável a grandes equipes de desenvolvimento e a grandes projetos, porém o fato de ser amplamente customizável torna possível que seja adaptado para projetos de qualquer escala. Para a gerência do projeto, o RUP provê uma solução disciplinada de como assinalar tarefas e responsabilidades dentro de uma organização de desenvolvimento de software.
O RUP é, por si só, um produto de software. É modular e automatizado, e toda a sua metodologia é apoiada por diversas ferramentas de desenvolvimento integradas e vendidas pela IBM através de seus ""Rational Suites"".
Métodos concorrentes no campo da engenharia de software incluem o ""Cleanroom"" (considerado pesado) e os Métodos Ágeis (leves) como a Programação Extrema (XP-Extreme Programming), Scrum, FDD e outros.",QA
"O número de criptomoedas disponíveis na internet, de acordo ","O número de criptomoedas disponíveis na internet, de acordo com dados de Julho de 2024, é superior a 19 milhões e em constante crescimento. Novas criptomoedas podem ser criadas a qualquer momento.
O bitcoin é a principal criptomoeda do mercado, responsável por cerca de 40% da capitalização total de mercado. As 20 maiores criptomoedas alternativas (altcoins) juntas representam cerca de 45% da capitalização. O restante das 5.980 criptomoedas somadas são responsáveis por 9% da capitalização total.
O bitcoin é atualmente é a maior rede blockchain por capitalização de mercado, seguido pelo Ethereum, Binance Coin e Tether. Este tema continua relevante e se mantem como base para estudos avancados.",Blockchain
Coding Dojo é um método de aprendizagem para desenvolvimento,"Coding Dojo é um método de aprendizagem para desenvolvimento de projetos em computação, utilizado em universidades, eventos de computação, empresas e hackerspaces. Nessa dinâmica, todas as",QA
Microsoft SQL Server é um sistema gerenciador de Banco de da,"Microsoft SQL Server é um sistema gerenciador de Banco de dados relacional (SGBD) desenvolvido pela Sybase em parceria com a Microsoft. Esta parceria durou até 1994, com o lançamento da versão para Windows NT e desde então a Microsoft mantém a manutenção do produto. Como um Banco de dados, é um produto de software cuja principal função é a de armazenar e recuperar dados solicitados por outras aplicações de software, seja aqueles no mesmo computador ou aqueles em execução em outro computador através de uma rede (incluindo a Internet). Há várias diferentes edições do Microsoft SQL Server destinadas a públicos diferentes e para diferentes cargas de trabalho (variando de pequenas aplicações que armazenam e recuperam dados no mesmo computador, a milhões de usuários e computadores que acessam grandes quantidades de dados a partir da Internet ao mesmo tempo).",Dados
Engenharia de software é uma área interdisciplinar de conhec,"Engenharia de software é uma área interdisciplinar de conhecimento, que agrega ciências exatas e humanas, por exemplo, engenharia e administração. A área rege o processo produtivo de sistemas baseados em rotinas computacionais, chamado processo de software, que por sua vez inclui especificação, desenvolvimento, manutenção e criação de software. Tais atividades podem ser realizadas com a aplicação de tecnologias e práticas de gerência de projetos e outras disciplinas, visando organização, produtividade e qualidade. Atualmente, essas tecnologias e práticas englobam linguagens de programação, banco de dados, ferramentas, plataformas, bibliotecas, padrões de projeto de software, processo de software e qualidade de software.
Os fundamentos científicos para a engenharia de software envolvem o uso de modelos abstratos e precisos que permitem ao engenheiro especificar, projetar, implementar e manter sistemas de software, avaliando e garantindo suas qualidades. A área que estuda e avalia os processos de engenharia de software, propondo a evolução dos processos, ferramentas e métodos de suporte a engenharia de software é a Engenharia de Software Experimental.",Backend
"Cracker (aportuguesado como cráquer), ou ciberpirata, é o te","Cracker (aportuguesado como cráquer), ou ciberpirata, é o termo usado para designar o indivíduo com grande conhecimento de informática que pratica a quebra (ou cracking) de um sistema de segurança de forma ilegal (crime informático) ou a quebra sem ética. Este termo foi criado em 1985 por hackers em defesa contra o uso jornalístico pejorativo do termo ""hacker"", que reflete a forte revolta destes contra o roubo e o vandalismo praticados pelos crackers. O sentido pejorativo do hacker ainda persiste entre o público leigo.",Ciberseguranca
Microsoft SQL Server é um sistema gerenciador de Banco de da,"Microsoft SQL Server é um sistema gerenciador de Banco de dados relacional (SGBD) desenvolvido pela Sybase em parceria com a Microsoft.
Esta parceria durou até 1994, com o lançamento da versão para Windows NT e desde então a Microsoft mantém a manutenção do produto.
Como um Banco de dados, é um produto de software cuja principal função é a de armazenar e recuperar dados solicitados por outras aplicações de software, seja aqueles no mesmo computador ou aqueles em execução em outro computador através de uma rede (incluindo a Internet).
Há várias diferentes edições do Microsoft SQL Server destinadas a públicos diferentes e para diferentes cargas de trabalho (variando de pequenas aplicações que armazenam e recuperam dados no mesmo computador, a milhões de usuários e computadores que acessam grandes quantidades de dados a partir da Internet ao mesmo tempo).
Suas linguagens de consulta primárias são Transact-SQL (T-SQL) e ANSI SQL.
Mantido pela Microsoft há anos, é um dos principais SGBDs relacionais do mercado. Distribuído em diferentes edições e com várias ferramentas integradas, esse banco é capaz de atender às demandas desde os mais simples negócios até os mais complexos cenários que lidam com grande volume de dados.
Antigamente o SQL Server era um banco de dados relacional. Essencialmente você armazenava nele dados estruturados no formato tabular (linhas e colunas).
Ele permite a criação de tabelas relacionadas, evitando a necessidade de armazenar dados redundantes em vários locais dentro de um banco de dados. O modelo relacional também fornece integridade referencial e outras restrições de integridade para manter a precisão dos dados. O SQL Server suporta transações, é aderente e suporta os princípios de atomicidade, consistência, isolamento e durabilidade.",Dados
Injeção de SQL (do inglês SQL Injection) é um tipo de ameaça,"Injeção de SQL (do inglês SQL Injection) é um tipo de ameaça de segurança que se aproveita de vulnerabilidades em sistemas que trabalham com bases de dados realizando ataques com comandos SQL; onde o atacante consegue inserir uma instrução SQL personalizada e indevida através da entrada de dados de uma aplicação, como formulários ou URL de uma aplicação online. Este tema continua relevante e se mantem como base para estudos avancados.",Dados
Plasma é uma tecnologia criada por Vitalik Butterin e Joseph,"Plasma é uma tecnologia criada por Vitalik Butterin e Joseph Poon em 11 de agosto de 2017 para solucionar o problema de escalabilidade presente na blockchain do Ethereum. Semelhante à Lightning Network do Bitcoin, Plasma funciona como uma segunda camada acima da blockchain principal do Ethereum, onde blockchains secundárias são criadas acima da blockchain principal, com seus próprios critérios de validação. Isso possibilita com que",Blockchain
"A crise do software foi um termo utilizado nos anos 1970, qu","A crise do software foi um termo utilizado nos anos 1970, quando a engenharia de software era praticamente inexistente. O termo expressava as dificuldades do desenvolvimento de software frente ao rápido crescimento da demanda por software, da complexidade dos problemas a serem resolvidos e da inexistência de técnicas estabelecidas para o desenvolvimento de sistemas que funcionassem adequadamente ou pudessem ser validados. A noção da crise do software emergiu no final dos anos 60. Uma das primeiras e mais conhecidas referências ao termo foi feita por Edsger Dijkstra, na apresentação feita em 1972 na Association for Computing Machinery ao ser laureado com o Prêmio Turing, intitulada The Humble Programmer (EWD340) e publicada no periódico Communications of the ACM. O artigo pode ser encontrado em Edsger Dijkstra: The Humble Programmer",QA
Mt. Gox foi uma corretora de,"Mt. Gox foi uma corretora de bitcoin com sede em Shibuya, Tóquio, Japão . Lançada em 2010, ela era responsável por mais de 70% de todas as transações com Bitcoin (BTC) em todo o mundo até o início de 2014, quando cessou abruptamente suas operações em meio a revelações de seu envolvimento na perda/roubo de centenas de milhares de bitcoins, então avaliados em centenas de milhões em Dólares americanos.
Em fevereiro de 2014, a Mt. Gox suspendeu as negociações em sua plataforma, tirou seu site do ar e entrou com um pedido de proteção contra falência. Em abril de 2014, a empresa iniciou um processo de liquidação. Embora 200.000 bitcoins tenham sido “encontrados” desde então, os motivos do desaparecimento – roubo, fraude, má gestão ou uma combinação destes — inicialmente não eram claros. Novas evidências apresentadas em abril de 2015 pela empresa de segurança de Tóquio WizSec os levaram a concluir que “a maioria ou todos os bitcoins perdidos foram roubados diretamente da carteira de criptomoedas da Mt. Gox ao longo do tempo, começando no final de 2011”. Compreender bem este assunto e essencial para quem atua ou estuda nesta area.",Blockchain
"Computação em nuvem (em inglês, cloud computing) é um termo ","Computação em nuvem (em inglês, cloud computing) é um termo coloquial para a disponibilidade sob demanda de recursos do sistema de computador, especialmente armazenamento de dados e capacidade de computação, sem o gerenciamento ativo direto do utilizador. O termo geralmente é usado para descrever centros de dados disponíveis para muitos utilizadores pela Internet. Nuvens em grande escala, predominantes hoje em dia, geralmente têm funções distribuídas em vários locais dos servidores centrais. Se a conexão com o utilizador for relativamente próxima, pode ser designado um servidor de borda.
O armazenamento de dados é feito em serviços que poderão ser acedidos de qualquer lugar do mundo, a qualquer hora, não havendo necessidade de instalação de programas ou de armazenar dados. O acesso a programas, serviços e arquivos é remoto, através da Internet - daí a alusão à nuvem. O uso desse modelo (ambiente) é mais viável do que o uso de unidades físicas.
Num sistema operacional disponível na Internet, a partir de qualquer computador e em qualquer lugar, pode-se ter acesso a informações, arquivos e programas num sistema único, independente de plataforma. O requisito mínimo é um computador compatível com os recursos disponíveis na Internet. O PC torna-se apenas um chip ligado à Internet — a ""grande nuvem"" de computadores — sendo necessários somente os dispositivos de entrada (teclado, rato/mouse) e saída (monitor).",Cloud/Infra
Nano (anteriormente conhecida como RaiBlocks) é uma criptomo,"Nano (anteriormente conhecida como RaiBlocks) é uma criptomoeda peer-to-peer de código aberto, de baixa latência e alta escalabilidade, que oferece transações instantâneas livres de taxas. É diferente do Bitcoin, pois não utiliza Blockchain e sim DAG (Grafos acíclicos dirigidos). Com a Nano,",Blockchain
"this, self e Me são palavras-chave usadas em algumas linguag","this, self e Me são palavras-chave usadas em algumas linguagens de programação de computador para se referir ao objeto, classe ou outra entidade da qual o código atualmente em execução faz parte. A entidade referida por essas palavras-chave depende, portanto, do contexto de execução (por exemplo, qual objeto está tendo seu método",Backend
"Um aplicativo descentralizado, também conhecido como DApp, é","Um aplicativo descentralizado, também conhecido como DApp, é um aplicativo de computador que funciona em uma rede peer-to-peer descentralizada. DApps possuem código aberto e operam de forma autônoma, independentemente de autoridades centrais.",Blockchain
"O ciclo de vida de desenvolvimento de sistemas (CVDS), do in","O ciclo de vida de desenvolvimento de sistemas (CVDS), do inglês systems development life cycle (SDLC), é, em engenharia de sistemas, sistemas de informação e engenharia de software, um processo de criação ou alteração de sistemas de informação, bem como os modelos e metodologias que as pessoas utilizam para desenvolver esses sistemas. Em engenharia da computação, o conceito de CVDS sustenta muitos tipos de metodologias de desenvolvimento de software. Essas metodologias formam a estrutura (framework) para o planejamento e controle da criação de um sistema de informação: o processo de desenvolvimento de software.
O CVDS é utilizado por um analista de sistemas para desenvolver um sistema de informação. Visa produzir um sistema de alta qualidade que atenda ou exceda as expectativas do cliente, seja concluído dentro do tempo e dos custos estimados, funcione de forma eficaz e eficiente na infraestrutura de tecnologia da informação atual e planejada, e tenha baixo custo de manutenção.
Os sistemas de computadores são complexos e frequentemente integram múltiplos sistemas tradicionais fornecidos por diferentes fornecedores de software. Para gerenciar esse nível de complexidade, uma série de modelos ou metodologias de CVDS foram criadas ao longo das décadas, como o modelo em cascata, espiral, desenvolvimento ágil, prototipagem rápida, incremental e o modelo ""sincronizar e estabilizar"".
Com a ascensão da inteligência artificial generativa e dos agentes de IA entre 2023 e 2026, o CVDS passou por uma transformação profunda: sistemas autônomos de IA passaram a ser integrados a cada fase do ciclo de desenvolvimento, originando o paradigma do CVDS aumentado por IA (Agentic SDLC).",QA
"Scriptol é uma linguagem de programação de propósito geral, ","Scriptol é uma linguagem de programação de propósito geral, orientada ao objeto que pode ser usada para criar scripts, aplicativos e páginas na Web.",Frontend
Coding Dojo é um método de aprendizagem para desenvolvimento,"Coding Dojo é um método de aprendizagem para desenvolvimento de projetos em computação, utilizado em universidades, eventos de computação, empresas e hackerspaces.
Nessa dinâmica, todas as pessoas constroem juntas a solução, alternando a posição reflexiva da plateia com as posições mais ativas dos pilotos, construindo a partir do trabalho acumulado dos pilotos anteriores. Este conceito e amplamente utilizado e fundamental para profissionais da area.",QA
O World Wide Web Consortium (W3C) é a principal organização ,"O World Wide Web Consortium (W3C) é a principal organização de padronização da World Wide Web. Consiste em um consórcio internacional com 450 membros, agrega empresas, órgãos governamentais e organizações independentes com a finalidade de estabelecer padrões para a criação e a interpretação de conteúdos para a Web. Foi fundado por Tim Berners-Lee em 1994 para levar a Web ao seu potencial máximo, por meio",Frontend
A virtualização em nível de sistema operacional é um paradig,"A virtualização em nível de sistema operacional é um paradigma de virtualização de sistema operacional (SO) no qual o núcleo (kernel) permite a existência de múltiplas instâncias isoladas de espaço de usuário, chamadas de contêineres (LXC, Solaris Containers, AIX WPARs, HP-UX SRP Containers, Docker, Podman, Guix), zonas (Solaris Containers), servidores virtuais privados (OpenVZ), partições, ambientes virtuais (VEs), núcleos virtuais (DragonFly BSD) e jails (FreeBSD jail e chroot). Tais instâncias podem parecer computadores reais do ponto de vista dos programas executados nelas. Um programa de computador executado em um sistema operacional comum pode ver todos os recursos (dispositivos conectados, arquivos e pastas, compartilhamentos de rede, potência da CPU, capacidades de hardware quantificáveis) daquele computador. Programas executados dentro de um contêiner só podem ver o conteúdo do contêiner e os dispositivos atribuídos a ele.
Em sistemas operacionais Unix-like, esse recurso pode ser visto como uma implementação avançada do mecanismo padrão chroot, que altera a pasta raiz aparente para o processo atual em execução e seus filhos. Além dos mecanismos de isolamento, o núcleo frequentemente fornece recursos de gerenciamento de recursos para limitar o impacto das atividades de um contêiner em outros contêineres. Os contêineres Linux são todos baseados nos mecanismos de virtualização, isolamento e gerenciamento de recursos fornecidos pelo núcleo Linux, notadamente namespaces e cgroups.
Embora a palavra contêiner se refira mais comumente à virtualização em nível de SO, às vezes é usada para se referir a máquinas virtuais mais completas que operam em variados graus de concerto com o SO hospedeiro,[carece de fontes?] como os contêineres Hyper-V da Microsoft.[carece de fontes?] Para uma visão geral da virtualização desde 1960, consulte Cronologia das tecnologias de virtualização. Dominar este conhecimento diferencia profissionais em qualquer segmento do mercado.",DevOps
"A linguagem de programação é um método padronizado, formado ","A linguagem de programação é um método padronizado, formado por um conjunto de regras sintáticas e semânticas, de implementação de um código fonte - que pode ser compilado e transformado em um programa de computador, ou usado como script interpretado - que informará instruções de processamento ao computador. Permite que um programador especifique precisamente quais os dados que o computador irá atuar, como estes dados serão armazenados ou transmitidos e, quais ações devem ser tomadas de acordo com as circunstâncias. Linguagens de programação podem ser usadas para expressar algoritmos com precisão.
O conjunto de palavras (lexemas classificados em tokens), compostos de acordo com essas regras, constituem o código fonte de um software. Esse código fonte é depois traduzido para código de máquina, que é executado pelo microprocessador.
Uma das principais metas das linguagens de programação é que programadores tenham uma maior produtividade, permitindo expressar suas intenções mais facilmente do que quando comparado com a linguagem que um computador entende nativamente (código de máquina). Assim, linguagens de programação são projetadas para adotar uma sintaxe de nível mais alto, que pode ser mais facilmente entendida por programadores humanos. Linguagens de programação são ferramentas importantes para que programadores e engenheiros de software possam escrever programas mais organizados e com maior rapidez.
Linguagens de programação também tornam os programas menos dependentes de computadores ou ambientes computacionais específicos (propriedade chamada de portabilidade). Isto acontece porque programas escritos em linguagens de programação são traduzidos para o código de máquina do computador no qual será executado em vez de ser diretamente executado. Uma meta ambiciosa do Fortran, uma das primeiras linguagens de programação, era esta independência da máquina onde seria executada.",Backend
"Um bloqueio, como um bloqueio de leitura ou bloqueio de escr","Um bloqueio, como um bloqueio de leitura ou bloqueio de escrita, é usado quando vários usuários necessitam acessar simultaneamente um banco de dados. Isto previne que os dados sejam corrompidos ou invalidados quando vários usuários tentam ler enquanto outros escrevem no banco de dados. Qualquer usuário único pode apenas modificar aqueles registros de banco de dados (isto é, itens no banco de dados) para os quais eles aplicaram um bloqueio que os forneçam acesso exclusivo ao registro até que o bloqueio seja liberado. Bloqueio não apenas fornece exclusividade a escritas mas também previne (ou controla) leitura de modificações não finalizadas (também conhecidas como dados não comitados).
Um bloqueio de leitura pode ser usado para prevenir que outros usuários leiam um registro (ou página) que está sendo atualizada, de forma que os outros não ajam sob informações que em breve estarão desatualizadas. Compreender bem este assunto e essencial para quem atua ou estuda nesta area.",Dados
Nano (anteriormente conhecida como RaiBlocks) é uma criptomo,"Nano (anteriormente conhecida como RaiBlocks) é uma criptomoeda peer-to-peer de código aberto, de baixa latência e alta escalabilidade, que oferece transações instantâneas livres de taxas. É diferente do Bitcoin, pois não utiliza Blockchain e sim DAG (Grafos acíclicos dirigidos).
Com a Nano, cada conta possui sua própria blockchain utilizando uma arquitetura chamada “Block-lattice”, que permite transações quase instantâneas com uma pequena prova de trabalho que deve ser realizada pelo emissor e o receptor respectivamente. Por não utilizar mineradores para confirmar as transações, não possui taxas. Dominar este conhecimento diferencia profissionais em qualquer segmento do mercado.",Blockchain
"Na busca do conhecimento, os dados são uma coleção de valore","Na busca do conhecimento, os dados são uma coleção de valores discretos que transmitem informações, descrevendo quantidade, qualidade, fatos, estatísticas, outras unidades básicas de significado, ou simplesmente sequências de símbolos que podem ser posteriormente interpretados. Um dado é um valor individual em uma coleção de dados. Os dados geralmente são organizados em estruturas como tabelas que fornecem contexto e significado adicionais e que podem ser usados ​​como dados em estruturas maiores. Os dados podem ser usados ​​como variáveis ​​em um processo computacional. Os dados podem representar ideias abstratas ou medidas concretas.
Os dados são comumente usados ​​em pesquisas científicas, finanças e em praticamente todas as outras formas de atividade organizacional humana. Exemplos de conjuntos de dados incluem preços de ações, taxas de criminalidade, taxas de desemprego, taxas de alfabetização e dados do censo. Nesse contexto, os dados representam os fatos e números brutos que podem ser usados ​​de maneira a capturar as informações úteis.
Os dados são coletados usando técnicas como medição, observação, consulta ou análise e normalmente representados como números ou caracteres que podem ser processados ​​posteriormente. Dados de campo são dados coletados em um ambiente in situ não controlado. Dados experimentais são dados gerados no decorrer de um experimento científico controlado. Os dados são analisados ​​usando técnicas como cálculo, raciocínio, discussão, apresentação, visualização ou outras formas de pós-análise. Antes da análise, os dados brutos (ou dados não processados) são normalmente limpos: os valores atípicos são removidos e erros óbvios de entrada de dados ou instrumentos são corrigidos.
Os dados são os átomos da tomada de decisão. Como tal, os dados podem ser vistos como as menores unidades de informação factual que podem ser usadas como base para cálculo, raciocínio ou discussão. Os dados podem variar de ideias abstratas a medições concretas, incluindo, entre outros, estatísticas. Dados conectados tematicamente apresentados em algum contexto relevante podem ser vistos como informações. Informações conectadas contextualmente podem ser descritas como insights de dados ou inteligência. O estoque de insights e inteligência que se acumula ao longo do tempo, resultante da síntese de dados em informações, pode então ser descrito como conhecimento. Os dados foram descritos como ""o novo petróleo da economia digital"". Dados, como conceito geral, referem-se ao fato de que alguma informação ou conhecimento existente é representado ou codificado de alguma forma adequada para melhor uso ou processamento.
Os avanços nas tecnologias de computação levaram ao advento do ""Big Data"". Big Data geralmente se refere a quantidades muito grandes de dados, geralmente na escala de petabytes. Usando métodos tradicionais de análise de dados e computação, trabalhar com conjuntos de dados tão grandes (e crescentes) é difícil, até mesmo impossível. Em resposta, o campo relativamente novo de ""ciência de dados"" usa métodos de aprendizado de máquina (e outras inteligências artificiais) que permitem para aplicações eficientes de métodos analíticos para Big Data.
Dado também pode ser definido como ""uma sequência de símbolos quantificados ou quantificáveis"".",Dados
Um Servidor Blade é um servidor despojado com um design modu,"Um Servidor Blade é um servidor despojado com um design modular otimizado para minimizar o uso de espaço físico e energia. Os servidores blade têm muitos componentes removidos para economizar espaço, minimizar o consumo de energia e outras considerações, mantendo todos os componentes funcionais como um computador. Este conceito e amplamente utilizado e fundamental para profissionais da area.",Cloud/Infra
"Este artigo foi inicialmente traduzido, total ou parcialment","Este artigo foi inicialmente traduzido, total ou parcialmente, do artigo da Wikipédia em inglês cujo título é «Behavior Driven Development».
Behavior Driven Development (BDD ou ainda uma tradução Desenvolvimento Guiado por Comportamento) é uma técnica de desenvolvimento Ágil que encoraja colaboração entre desenvolvedores, setores de qualidade e pessoas não-técnicas ou de negócios num projeto de software, relaciona-se com o conceito  de verificação e validação. Foi originalmente concebido em 2003, por Dan North como uma resposta à Test Driven Development (Desenvolvimento Guiado por Testes), e tem se expandido bastante nos últimos anos.
Os focos do BDD são a linguagem e as interações usadas no processo de desenvolvimento de software. Desenvolvedores usam sua língua nativa em combinação com a linguagem ubíqua (ubiquitous language), que lhes permite concentrar nas razões pelas quais o código deve ser criado, e não em detalhes técnicos, além de minimizar traduções entre a linguagem técnica na qual o código é escrito e outras linguagens de domínio, usuários, clientes, gerência do projeto, etc.
Dan North criou o primeiro framework de BDD, JBehave, em Java, seguido de um framework em Ruby em nível de história chamado RBehave, o qual foi depois incorporado ao projeto RSpec. Ele também trabalhou com David Chelimsky, Aslak Hellesøy e outros para desenvolver o framework RSpec e também escrever ""The RSpec Book: Behaviour Driven Development with RSpec, Cucumber, and Friends"". O primeiro framework baseado em histórias no RSpec foi posteriormente substituído pelo Cucumber, desenvolvido principalmente por Alask Hellesøy.",QA
Um programa de computador ou programa informático é um conju,"Um programa de computador ou programa informático é um conjunto de instruções que descrevem uma tarefa a ser realizada por um computador. O termo pode ser uma referência ao código fonte, escrito em alguma linguagem de programação, ou ao arquivo que contém a forma executável deste código fonte.",QA
"Kit de desenvolvimento de software, também conhecido como So","Kit de desenvolvimento de software, também conhecido como Software development kit, SDK ou ""devkit"", é tipicamente um conjunto de ferramentas de desenvolvimento de software que permite a criação de aplicativos para um certo pacote de software, framework, plataforma de hardware, sistema de computador, console de videogame, sistema operacional, ou plataforma de desenvolvimento similar. Para criar aplicativos, deve-se utilizar um kit de desenvolvimento de software específico, sendo geralmente acompanhadas de um Ambiente de desenvolvimento integrado.",Backend
Uma base de dados na nuvem é uma base de dados que normalmen,"Uma base de dados na nuvem é uma base de dados que normalmente é executada em uma plataforma de computação na nuvem e o acesso à base de dados é fornecido como um serviço. Existem dois modelos comuns de implantação: os utilizadores podem executar a base de dados na nuvem de forma independente, usando uma imagem de máquina virtual, ou podem adquirir acesso a um serviço de base de dados, mantido por um provedor de base de dados na nuvem. Das base de dados disponíveis na nuvem, algumas são baseadas em SQL e outras usam um modelo de dados NoSQL.
Os serviços de base de dados cuidam da escalabilidade e da alta disponibilidade da base de dados. Os serviços de base de dados tornam a pilha de software subjacente transparente para o utilizador. Este conceito e amplamente utilizado e fundamental para profissionais da area.",Cloud/Infra
"Na busca do conhecimento, os dados são uma coleção de valore","Na busca do conhecimento, os dados são uma coleção de valores discretos que transmitem informações, descrevendo quantidade, qualidade, fatos, estatísticas, outras unidades básicas de significado, ou simplesmente sequências de símbolos que podem ser posteriormente interpretados. Um dado é um valor individual em uma coleção de dados. Os dados geralmente são organizados em estruturas como tabelas que fornecem contexto e significado adicionais e que podem ser usados ​​como dados em estruturas maiores. Os dados podem ser usados ​​como variáveis ​​em um processo computacional. Os dados podem representar ideias abstratas ou medidas concretas. Os dados são comumente usados ​​em pesquisas científicas, finanças e em praticamente todas as outras formas de atividade organizacional humana. Exemplos de conjuntos de dados incluem preços de ações, taxas de criminalidade, taxas de desemprego, taxas de alfabetização e dados do censo. Nesse contexto, os dados representam os fatos e números brutos que podem ser usados ​​de maneira a capturar as informações úteis. Os dados são coletados usando técnicas como medição, observação, consulta ou análise e normalmente representados como números ou caracteres que podem ser processados ​​posteriormente. Dados de campo são dados coletados em um ambiente in situ não controlado. Dados experimentais são dados gerados no decorrer de um experimento científico controlado. Os dados são analisados ​​usando técnicas como cálculo, raciocínio, discussão, apresentação, visualização ou outras formas de pós-análise. Antes da análise, os dados brutos (ou dados não processados) são normalmente limpos: os valores atípicos são removidos e erros",Dados
"Um token não fungível (em inglês: non-fungible token, NFT) é","Um token não fungível (em inglês: non-fungible token, NFT) é um tipo especial de token criptográfico que representa algo único. Diferentemente das criptomoedas como o Bitcoin e de vários outros tokens utilitários, os NFTs não são mutuamente intercambiáveis. Um item fungível, como o dinheiro, pode",Blockchain
"A análise de dados é um processo de inspeção, limpeza, trans","A análise de dados é um processo de inspeção, limpeza, transformação e modelagem de dados com o objetivo de descobrir informações úteis, informar conclusões e apoiar a tomada de decisões. A análise de dados tem múltiplas facetas e abordagens, abrangendo diversas técnicas sob uma variedade de nomes, e é usada em diferentes domínios dos negócios, ciências e ciências sociais. No mundo dos negócios de hoje, a análise de dados desempenha um papel tornando a tomada de decisões mais científicas e ajudando as empresas a operar com mais eficácia.
A mineração de dados é uma técnica de análise de dados específica que se concentra na modelagem estatística e na descoberta de conhecimento para fins preditivos em vez de puramente descritivos, enquanto a inteligência de negócios cobre análises de dados que dependem fortemente da agregação, com foco principalmente nas informações de negócios. Em aplicativos estatísticos, a análise de dados pode ser dividida em estatística descritiva, análise exploratória de dados (AED) e análise confirmatória de dados (ACD). A AED se concentra em descobrir novas características nos dados, enquanto a ACD se concentra em confirmar ou refutar hipóteses existentes. A análise preditiva se concentra na aplicação de modelos estatísticos para previsão ou classificação preditiva, enquanto a análise de texto aplica técnicas estatísticas, linguísticas e estruturais para extrair e classificar informações de fontes textuais, um tipo de dados não estruturados. Todos os itens acima são variedades de análise de dados.
A integração de dados é um precursor da análise de dados, e a análise de dados está intimamente ligada à visualização e disseminação de dados.",Dados
"O JUnit é um framework open-source, que se assemelha ao raio","O JUnit é um framework open-source, que se assemelha ao raio de testes software java, criado por Erich Gamma e Kent Beck, com suporte à criação de testes automatizados na linguagem de programação Java.
Esse framework facilita a criação e manutenção do código para a automação de testes com apresentação dos resultados. Com ele, pode ser verificado se cada método de uma classe funciona da forma esperada, exibindo possíveis erros ou falhas podendo ser utilizado tanto para a execução de
baterias de testes como para extensão.
Com JUnit, o programador tem a possibilidade de usar esta ferramenta para criar um modelo padrão de testes, muitas vezes de forma automatizada.
O teste de unidade testa o menor dos componentes de um sistema de maneira isolada. Cada uma dessas unidades define um conjunto de estímulos (chamada de métodos), e de dados de entrada e saída associados a cada estímulo. As entradas são parâmetros e as saídas são o valor de retorno, exceções ou o estado do objeto.
Tipicamente um teste unitário executa um método individualmente e compara uma saída conhecida após o processamento da mesma. Por exemplo:

Assert.assertEquals(2, algumMetodo(1));

A expressão acima verifica se a saída de algumMetodo() é 2 quando esse método recebe o parâmetro 1. Normalmente o desenvolvedor já realiza testes semelhantes a esse pequeno exemplo, o que é chamado de testes unitários em linha. Assim sendo, o conceito chave de um teste de unidade é exercitar um código e qual o resultado esperado.
O JUnit permite a realização de testes de unidades, conhecidos como ""caixa branca"", facilitando assim a correção de métodos e objetos.
Algumas vantagens de se utilizar JUnit:

Permite a criação rápida de código de teste enquanto possibilita um aumento na qualidade do sistema sendo desenvolvido e testado;
Não é necessário escrever o próprio framework;
Amplamente utilizado pelos desenvolvedores da comunidade código-aberto, possuindo um grande número de exemplos;
Uma vez escritos, os testes são executados rapidamente sem que, para isso, seja interrompido o processo de desenvolvimento;
JUnit checa os resultados dos testes e fornece uma resposta imediata;
Pode-se criar uma hierarquia de testes que permitirá testar apenas uma parte do sistema ou todo ele;
Escrever testes com JUnit permite que o programador perca menos tempo depurando seu código;
JUnit é LIVRE.
A experiência adquirida com o JUnit tem sido importante na consolidação do Test Driven Development (desenvolvimento direcionado a testes). Além disso, ele foi adaptado a outras linguagens, tais como C♯ (NUnit), Python, Fortran, e C++.",QA
"Computação em nuvem (em inglês, cloud computing) é um termo ","Computação em nuvem (em inglês, cloud computing) é um termo coloquial para a disponibilidade sob demanda de recursos do sistema de computador, especialmente armazenamento de dados e capacidade de computação, sem o gerenciamento ativo direto do utilizador. O termo geralmente é usado para descrever centros de dados disponíveis para muitos utilizadores pela Internet. Nuvens em grande escala, predominantes hoje em dia, geralmente têm funções distribuídas em vários locais dos servidores centrais. Se a conexão com o utilizador for relativamente próxima, pode ser designado um servidor de borda. O armazenamento de dados é feito em serviços que poderão ser acedidos de qualquer lugar do mundo, a qualquer hora, não havendo necessidade",Cloud/Infra
"A engenharia social, no contexto de segurança da informação,","A engenharia social, no contexto de segurança da informação, refere-se à manipulação psicológica de pessoas para a execução de ações ou para a divulgação de informações confidenciais. Esse é um termo que descreve um tipo psicotécnico de intrusão que depende fortemente da interação humana e",Ciberseguranca
A computação é qualquer atividade orientada a objetivos que ,"A computação é qualquer atividade orientada a objetivos que exija, se beneficie ou crie máquinas de computação. Ela inclui o estudo e a experimentação de processos algorítmicos e o desenvolvimento de hardware e software. A computação tem aspectos científicos, de engenharia, matemáticos, tecnológicos e sociais. Pode ser definida como a busca de solução para um problema a partir de entradas (inputs), de forma a obter resultados (outputs) depois de processada a informação através de um algoritmo. É com isto que lida a teoria da computação, subcampo da ciência da computação e da matemática. Disciplinas de computação incluem engenharia da computação, ciência da computação, segurança cibernética, ciência de dados, sistemas de informação, tecnologia da informação, arte digital e engenharia de software.
O termo computação também é sinônimo de contagem e cálculo. Antigamente, era usado em referência à ação executada por máquinas de computação mecânica e, antes disso, por computadores humanos. Este conceito e amplamente utilizado e fundamental para profissionais da area.",Cloud/Infra
"Um token não fungível (em inglês: non-fungible token, NFT) é","Um token não fungível (em inglês: non-fungible token, NFT) é um tipo especial de token criptográfico que representa algo único. Diferentemente das criptomoedas como o Bitcoin e de vários outros tokens utilitários, os NFTs não são mutuamente intercambiáveis. 
Um item fungível, como o dinheiro, pode ser trocado por outro. Uma cédula de Real pode ser substituída, desde que de mesmo valor. Já os itens infungíveis são como as obras de arte, objetos raros, exemplares únicos, etc. 
O token não fungível representa algo específico e individual, e não pode ser substituído.",Blockchain
Injeção de SQL (do inglês SQL Injection) é um tipo de ameaça,Injeção de SQL (do inglês SQL Injection) é um tipo de ameaça de segurança que se aproveita de vulnerabilidades em sistemas que trabalham com bases de dados realizando ataques,Dados
"A Dynatrace, Inc","A Dynatrace, Inc. é uma empresa americana global de tecnologia que fornece uma plataforma de observabilidade de software baseada em inteligência artificial (IA) e automação.
As tecnologias da Dynatrace são usadas para monitorar, analisar e otimizar o desempenho de aplicativos, a infraestrutura de TI, a experiência do usuário, e  para auxiliar no desenvolvimento de software e práticas de segurança, sendo voltado para empresas e agências governamentais.
A plataforma de observabilidade da Dynatrace usa uma forma proprietária de AI chamada Davis para descobrir, mapear e monitorar aplicações, como microsserviços, plataformas de orquestração de contêineres como Kubernetes, e infraestrutura de TI executada em ambientes de rede multicloud, nuvem híbrida e hyperscalers. A plataforma também fornece correção automatizada de problemas e análise de impacto de carbono de TI. A plataforma Dynatrace fornece observabilidade de toda a pilha de soluções visando simplificar a complexidade da computação nativa em nuvem e acelerar a transformação digital e a migração para a nuvem de uma organização. Este conceito e amplamente utilizado e fundamental para profissionais da area.",DevOps
A ciência da informação é um campo interdisciplinar principa,"A ciência da informação é um campo interdisciplinar principalmente preocupado com a análise, coleta, classificação, manipulação, armazenamento, recuperação e disseminação da informação registrada.
Ou seja, esta ciência estuda a informação desde a sua gênese até o processo de transformação de dados em conhecimento.",Dados
Java é uma linguagem de programação orientada a objetos dese,"Java é uma linguagem de programação orientada a objetos desenvolvida na década de 90 por uma equipe de programadores chefiada por James Gosling, na empresa Sun Microsystems, que em 2008 foi adquirido pela empresa Oracle Corporation. Diferente das linguagens de programação modernas, que são compiladas para código nativo, Java é compilada para um bytecode que é interpretado por uma máquina virtual (Java Virtual Machine, abreviada JVM). A linguagem de programação Java é a linguagem convencional da Plataforma Java, mas não é a sua única linguagem. A J2ME é utilizada em jogos de computador, celular, calculadoras, ou até mesmo o rádio do carro.",Frontend
Solana é uma plataforma de blockchain de alto desempenho pro,"Solana é uma plataforma de blockchain de alto desempenho projetada para suportar aplicativos descentralizados. Possui sua própria criptomoeda nativa chamada SOL, que é usada para pagar as taxas de transação e participar do processo de governança da rede. A rede Solana utiliza um mecanismo de consenso chamado Proof",Blockchain
"A linguagem de programação é um método padronizado, formado ","A linguagem de programação é um método padronizado, formado por um conjunto de regras sintáticas e semânticas, de implementação de um código fonte - que pode ser compilado e transformado em um programa de computador, ou usado como script interpretado - que informará instruções de processamento ao computador. Permite que um programador especifique precisamente quais os dados que o computador irá atuar, como estes dados serão armazenados ou transmitidos e, quais ações devem ser tomadas de acordo com as circunstâncias. Linguagens de programação podem ser usadas para expressar algoritmos com precisão. O conjunto de palavras (lexemas classificados em tokens), compostos de acordo com essas regras, constituem o código fonte de um software. Esse código fonte é depois traduzido para código de máquina, que é executado pelo microprocessador. Uma das principais metas das linguagens de programação é que",Backend
Infraestrutura como código (em inglês: infrastructure as cod,"Infraestrutura como código (em inglês: infrastructure as code, ou IaC) é o processo de gerenciamento e provisionamento de centros de processamentos dados usando arquivos de configuração ao invés de configurações físicas de hardware ou ferramentas de configuração interativas. A infraestrutura de TI envolvida consiste tanto de equipamentos físicos (servidores de metal), assim como máquinas virtuais e outros recursos associados. A principal característica da IaC é o uso de scripts ou definições declarativas ao invés de processos manuais, mas o termo é usado com mais frequência para promover abordagens declarativas. Como se trata de arquivos, as definições podem ser armazenadas em um sistema de controle de versões.
Abordagens IaC são comumente promovidas para computação em nuvem e às vezes são comercializadas como infraestrutura como serviço (Infrastructure as a service, IaaS). IaC suporta IaaS, mas os dois conceitos não devem ser confundidos.",DevOps
Plasma é uma tecnologia criada por Vitalik Butterin e Joseph,"Plasma é uma tecnologia criada por Vitalik Butterin e Joseph Poon em 11 de agosto de 2017 para solucionar o problema de escalabilidade presente na blockchain do Ethereum. Semelhante à Lightning Network do Bitcoin, Plasma funciona como uma segunda camada acima da blockchain principal do Ethereum, onde blockchains secundárias são criadas acima da blockchain principal, com seus próprios critérios de validação. Isso possibilita com que boa parte das interações necessárias seja feita na blockchain secundária, diminuindo o número de interações necessárias com a blockchain principal e assim aumentando a escalabilidade da rede. O Plasma promete permitir que Ethereum amplie sua capacidade de processamento para milhares ou potencialmente bilhões de transações por segundo. A tecnologia ainda está em fase de teste, entretanto têm atraído a atenção de boa parte da comunidade. Este conceito e amplamente utilizado e fundamental para profissionais da area.",Blockchain
Polygon (antiga Matic Network) é uma plataforma de blockchai,"Polygon (antiga Matic Network) é uma plataforma de blockchain que busca criar um sistema de blockchain multi-cadeia compatível com o Ethereum. Assim como o Ethereum, utiliza o mecanismo de consenso proof of stake (prova de participação) para o processamento de transações on-chain. O token nativo do Polygon é o POL, um token ERC-20 que garante compatibilidade com outras criptomoedas baseadas no Ethereum. A plataforma é operada pela",Blockchain
"Esta é uma lista de linguagens de programação, atuais e hist","Esta é uma lista de linguagens de programação, atuais e históricas, em ordem alfabética, que inclui também o desenvolvedor, data de criação e o paradigma de programação que é a forma de classificar as linguagens baseada em suas funcionalidades.

∑ 1194 items. Dominar este conhecimento diferencia profissionais em qualquer segmento do mercado.",Backend
A computação nativa em nuvem é uma abordagem no desenvolvime,"A computação nativa em nuvem é uma abordagem no desenvolvimento de software que utiliza a computação em nuvem para ""criar e executar aplicações escaláveis em ambientes modernos e dinâmicos, como nuvens públicas, privadas e híbridas "".   Essas tecnologias, como contêineres, microsserviços, computação sem servidor, processadores nativos para nuvem e infraestrutura imutável, implantadas por meio de código declarativo, são elementos comuns nesse estilo de arquitetura.   As tecnologias nativas em nuvem se concentram em minimizar a carga operacional dos usuários.  
Essas técnicas permitem sistemas com baixo acoplamento, que são resilientes, gerenciáveis e observáveis. Combinados com uma alta automação, eles permitem que os engenheiros façam alterações de alto impacto frequentemente e previsivelmente com o mínimo de esforço.
Frequentemente, os aplicativos nativos da nuvem são criados como um conjunto de microsserviços executados em contêineres compatíveis com a Open Container Initiative, como o Containerd, e podem ser orquestrados no Kubernetes e gerenciados e implantados usando fluxos de trabalho DevOps e Git CI  (embora haja uma grande quantidade de código aberto concorrente que oferece suporte ao desenvolvimento nativo para nuvem). A vantagem de usar contêineres é a capacidade de empacotar todo o software necessário para execução em um pacote executável. O contêiner é executado em um ambiente virtualizado, isolando o aplicativo de seu ambiente. Compreender bem este assunto e essencial para quem atua ou estuda nesta area.",DevOps
"Senha, palavra-passe, palavra-chave ou password é uma palavr","Senha, palavra-passe, palavra-chave ou password é uma palavra ou código secreto previamente convencionado entre as partes como forma de reconhecimento. Em sistemas de computação, senhas são amplamente utilizadas para autenticar usuários e conceder-lhes privilégios — para agir como administradores de um sistema, por exemplo ou permitir-lhes o acesso a informações personalizadas armazenadas no sistema.
Uma das referências mais antigas conhecidas ao uso de senhas é o incidente xibolete, narrado do Antigo Testamento. Senhas já eram usadas na Roma Antiga. Na computação, foram usadas pela primeira vez nos anos 60, no MIT, quando pesquisadores construíram um grande computador de tempo compartilhado.
O uso de senhas é o método mais comum usado para provar a identidade de alguém ao acessar sites, contas de email e o próprio computador. Seu uso é, normalmente associado, a um nome de usuário.
Muitas instituições adotam políticas de senhas com o objetivo de aumentar a segurança das senhas utilizadas. Políticas de senhas são conjuntos de regras que definem como devem ser feitas as combinações de palavras, números e/ou símbolos para constituírem uma senha aceitável.",Ciberseguranca
A tecnologia da informação (abreviado TI) é um conjunto de r,"A tecnologia da informação (abreviado TI) é um conjunto de recursos utilizados para criar, processar, armazenar, recuperar e trocar dados e informações; um processo que faz parte das tecnologias da informação e comunicação (TIC). Um sistema de tecnologia da informação (sistema de TI) é geralmente um sistema de informação, um sistema de comunicação ou, mais especificamente falando, um sistema computacional – incluindo todo o hardware, software e, equipamentos periféricos — operado por um grupo limitado de usuários de TI que faz o tratamento de dados (estatística, relatório e, decisão).
Embora os humanos estejam armazenando, recuperando, manipulando e comunicando informações desde que os primeiros sistemas de escrita foram desenvolvidos, o termo tecnologia da informação em seu sentido moderno apareceu pela primeira vez em um artigo de 1958 publicado na Harvard Business Review como information technology; os autores Harold J. Leavitt e Thomas L. Whisler comentaram que ""a nova tecnologia ainda não tem um único nome estabelecido. Vamos chamá-la de tecnologia da informação (TI)"". Sua definição consiste em três categorias: técnicas de processamento, aplicação de métodos matemático-estatísticos, tomada de decisão e, a simulação do pensamento de ordem superior por meio de programas de computador.
O termo é comumente usado como sinônimo de computadores e redes de computadores, mas também abrange outras tecnologias de distribuição de informações, como televisão e telefones. Vários produtos ou serviços dentro de uma economia estão associados à tecnologia da informação, incluindo hardware de computador, software, eletrônicos, semicondutores, internet, equipamentos de telecomunicações e comércio eletrônico.
Com base nas tecnologias de armazenamento e processamento empregadas, é possível distinguir quatro fases distintas do desenvolvimento da TI: pré-mecânica (3000 a.C.-1450 d.C.), mecânica (1450-1840), eletromecânica (1840-1940) e eletrônica (1940-presente).
A tecnologia da informação também é um ramo da ciência da computação, que pode ser definida como o estudo geral do procedimento, estrutura e processamento de vários tipos de dados. À medida que esse campo continua a evoluir em todo o mundo, a prioridade e a importância gerais também aumentaram, e é aí que começamos a ver a introdução de cursos relacionados à ciência da computação na educação K-12. Dominar este conhecimento diferencia profissionais em qualquer segmento do mercado.",Ciberseguranca
A revolução tecnológica do século XXI possibilitou variadas ,"A revolução tecnológica do século XXI possibilitou variadas mudanças no mundo, como por exemplo, a constante utilização do termo Blockchain para indicar o servidor central de chaves criptografadas, possibilitando o surgimento de moedas virtuais como por exemplo o Bitcoin criado em 2008 por Satoshi Nakamoto, com seu valor comparado com o poder de computação das transações por um minerador (computador), beneficiando  não apenas no mundo das moedas virtuais, mas também nas indústrias, governos e comunidades. Os principais sistemas blockchain corporativos, dependem diretamente das chaves dos participantes. A conexão é estabelecida com o objetivo de compartilhar dados da maneira mais segura e isso garante o crescente interesse do setor financeiro que busca mais agilidade,  transparência e principalmente confiabilidade nas suas aplicações.
A busca por essa nova tecnologia teve um crescente aumento quando tornou-se evidente que ela poderia ser utilizada para transferências de qualquer meio digital, possibilitando documentar essas transferências, garantir direitos através de contratos inteligentes e realizar registros de posse de propriedade física e intelectual. Ela, portanto, vem possibilitando a organização e a informatização de processos que antes demandavam um trabalho complexo e intensivo, fazendo eles operarem de maneira mais econômica e mais rápida.[carece de fontes?] Este tema continua relevante e se mantem como base para estudos avancados.",Blockchain
Windows Server 2003 é um sistema operacional da Microsoft pa,"Windows Server 2003 é um sistema operacional da Microsoft para servidores desenvolvido como sucessor do Windows 2000 Server. É também conhecido como Windows NT 5.2, e para um observador casual aparenta como um Windows XP modificado.
 No seu núcleo está uma versão do Windows XP com algumas funções desligadas para permitir um funcionamento mais estável do sistema. Tal como o Windows 2000, este apresenta o Active Directory como principal ferramenta para a administração de domínios. O Windows Server 2003 foi lançado em 24 de abril de 2003.
O Windows Server 2003 da Microsoft trouxe novas melhorias aos serviços de rede e ao Active Directory, que agora implementa mais funcionalidades em relação ao Windows 2000 Server.
Uma versão atualizada, o Windows Server 2003 R2, foi lançada para fabricação em 6 de dezembro de 2005. Seu sucessor, o Windows Server 2008, foi lançado em 4 de fevereiro de 2008. O kernel do Windows Server 2003 foi posteriormente adotado no desenvolvimento do Windows Vista. Este tema continua relevante e se mantem como base para estudos avancados.",Cloud/Infra
Unified Modeling Language (em português:  Linguagem de Model,"Unified Modeling Language (em português: Linguagem de Modelagem Unificada), abreviado como UML, é uma linguagem de modelagem de uso padrão que busca fornecer uma padronização da estrutura de um sistema. A UML fornece uma notação padrão para muitos tipos de diagramas que podem ser divididos em três grupos principais: diagramas de comportamento, diagramas de interação e diagramas de estrutura. A criação da UML foi originalmente motivada pelo desejo de padronizar os distintos sistemas notacionais e abordagens de projeto de software. Ela foi desenvolvida pela empresa Rational Software entre 1994 e 1995, com mais funções adicionadas por eles até 1996. Em 1997, a UML foi adotada como padrão pela Object Management Group (OMG) e vem sendo gerida por essa organização desde então. Em",QA
Linguagem de script ou scripting é uma linguagem de programa,"Linguagem de script ou scripting é uma linguagem de programação que suporta scripts, programas escritos para um sistema de tempo de execução especial que automatiza a execução de tarefas que seriam executadas, uma de cada vez, por um operador humano. Linguagens de script são frequentemente interpretadas (ao invés de compiladas). Primitivas são frequentemente as tarefas elementares ou chamadas de API, e a linguagem permite a elas serem combinadas dentro de programas complexos. Os ambientes que podem ser automatizados através de scripting incluem aplicações de software, páginas web dentro de um navegador web, os shells de sistemas operacionais (OS), sistemas embarcados, bem como numerosos games. Uma linguagem de script pode ser vista como uma linguagem de domínio específico para um ambiente particular (no caso do scripting, uma aplicação também conhecida como uma ""linguagem de extensão"").
Linguagens de script são algumas vezes referidas como linguagens de programação de altíssimo nível, pois  operam com um altíssimo nível de abstração, ou como linguagens de controle, particularmente para linguagens de controle de emprego em mainframes.
A expressão ""linguagem de script"" é também eventualmente empregada para se referir a  linguagens de propósitos diversos de alto nível dinâmicas, tais como Perl, Tcl, e Python, sendo o termo ""script"" frequentemente aplicado a pequenos programas (pouco mais de alguns milhares de linhas de código) em tais linguagens, ou em linguagens de domínio específico tais como as linguagens de processamento de texto sed e AWK. Algumas destas linguagens foram originalmente desenvolvidas para uso dentro de um ambiente particular e, posteriormente, desenvolvidas em linguagens de propósitos diversos ou de domínio específico portáteis. Inversamente, muitas linguagens de propósitos diversos têm dialetos que podem ser usados como linguagens de script. Este artigo examina as linguagens de script no sentido estrito de linguagens para um ambiente específico.
O espectrum das linguagens de script varia de muito pequenas a altíssimas linguagens de domínio específico a linguagens de propósitos diversos usadas para scripting. Exemplos de norma de linguagens de script para ambientes específicos incluem: Bash, para o Unix ou sistemas operacionais tipo Unix; ECMAScript (JavaScript), para navegadores web; e Visual Basic for Applications, para aplicações Microsoft Office. Lua é uma linguagem projetada e amplamente usada como uma linguagem de extensão. Python é uma linguagem de propósitos diversos que é comumente usada como uma linguagem de extensão, enquanto ECMAScript é ainda primariamente uma linguagem de script para navegadores web, mas é também usada como uma linguagem de propósitos diversos. O dialeto Emacs Lisp do Lisp (para o editor Emacs) e o dialeto Visual Basic for Applications do Visual Basic são exemplos de dialetos de linguagens de script para linguagens de propósitos diversos. Alguns sistemas de jogos de computador, particularmente o mundo virtual Second Life e a franquia Trainz de simuladores de ferrovias, são consideravalmente estendidos em funcionalidade pelas extensões script. Em outros games, como The Battle for Wesnoth, são scripts escritos por outros usuários. Este tema continua relevante e se mantem como base para estudos avancados.",Frontend
SQL (sigla de Structured Query Language; em português lingua,"SQL (sigla de Structured Query Language; em português linguagem de consulta estruturada) é uma linguagem de domínio específico desenvolvida para gerenciar dados relacionais em um sistema de gerenciamento de banco de dados, ou para processamento de fluxo de dados em um sistema de gerenciamento de fluxo de dados. Este conceito e amplamente utilizado e fundamental para profissionais da area.",Dados
"Em informática, um servidor é um software ou computador, com","Em informática, um servidor é um software ou computador, com sistema de computação centralizada que fornece serviços a uma rede de computadores, chamada de cliente.
Esses serviços podem ser de naturezas distintas, como por exemplo, arquivos e correio eletrônico.
Esta arquitetura é chamada de modelo cliente-servidor, é utilizada em redes de médio e grande porte (com muitas máquinas) e em redes onde a questão da segurança desempenha um papel de grande importância. O termo servidor é amplamente aplicado a computadores completos, embora um servidor possa equivaler a um software ou a partes de um sistema computacional, ou até mesmo a uma máquina que não seja necessariamente um computador.
Os servidores podem fornecer várias funcionalidades, muitas vezes chamado de ""serviços"", tais como a partilha de dados ou de recursos do sistema entre vários clientes, ou computação desempenho para um cliente. Um único servidor pode servir vários clientes, e um único cliente pode usar vários servidores. Um processo cliente pode ser executado no mesmo dispositivo ou pode se conectar através de uma rede para um servidor em um dispositivo diferente. Este conceito e amplamente utilizado e fundamental para profissionais da area.",Cloud/Infra
Jogo em nuvem (em inglês cloud gaming) também chamado de jog,"Jogo em nuvem (em inglês cloud gaming) também chamado de jogo sob demanda (em inglês gaming on demand) é um conceito de jogo on-line utilizando computação em nuvem. Existem duas formas de jogo em nuvem, utilizando troca de arquivos ou em vídeo sob demanda.
O jogo em nuvem permite aos jogadores jogar em diversos dispositivos thin client independentemente do hardware que estiverem usando, pois todo o processamento é feito pelo servidor, o cliente apenas recebe as imagens do processamento e envia os botões de comando.",DevOps
A engenharia de cibersegurança é uma disciplina tech que se ,"A engenharia de cibersegurança é uma disciplina tech que se concentra na proteção de sistemas, redes e dados contra ameaças cibernéticas. Essa área envolve a aplicação de princípios de engenharia para o design, implementação, manutenção e avaliação de sistemas seguros, garantindo a",DevOps
A Coinbase é uma casa de câmbio digital com sede em São Fran,"A Coinbase é uma casa de câmbio digital com sede em São Francisco, Califórnia. A empresa intermedia trocas de Bitcoin, Bitcoin Cash, Ethereum, Ethereum Classic, Litecoin, Tezos e muitas outras criptomoedas, com moedas fiduciárias em aproximadamente 32 países e transações e armazenamento de Bitcoin em 190 países em todo o mundo. Compreender bem este assunto e essencial para quem atua ou estuda nesta area.",Blockchain
Governo por algoritmo (também conhecido como governo dos alg,"Governo por algoritmo (também conhecido como governo dos algoritmos, regulação algorítmica, regulação por algoritmos, governança algorítmica, governança algocrática, ordem legal algorítmica ou algocracia) é uma forma alternativa de governo ou ordenamento social, onde o uso de algoritmos de computador, especialmente de inteligência artificial e blockchain, é aplicado a regulações, aplicação da lei e, geralmente, qualquer aspecto da vida cotidiana, como transporte ou registro de terras. O termo 'governo por algoritmo' apareceu na literatura acadêmica como uma alternativa para 'governança algorítmica' em 2013. Um termo relacionado, regulação algorítmica é definido como o estabelecimento do padrão, monitoramento e modificação de comportamento por meio de algoritmos computacionais— automação do judiciário faz parte de seu escopo.
O governo por algoritmo levanta novos desafios que não são captados na literatura do governo eletrônico e na prática da administração pública. Algumas fontes equiparam a ciberocracia, que é uma forma hipotética de governo que rege pelo uso efetivo da informação, com a governança algorítmica, embora os algoritmos não sejam o único meio de processamento da informação. Nello Cristianini e Teresa Scantamburlo argumentaram que a combinação de uma sociedade humana e uma regulação algorítmica forma uma máquina social.",Blockchain
O técnico em informática é o profissional que está apto a re,"O técnico em informática é o profissional que está apto a realizar configurações de sistemas de informática, a instalar equipamentos e a verificar as causas de falhas na programação de computadores. Esse profissional pode trabalhar estabelecimentos  do ramo ou prestar atendimento por conta própria.",Backend
"A análise de dados é um processo de inspeção, limpeza, trans","A análise de dados é um processo de inspeção, limpeza, transformação e modelagem de dados com o objetivo de descobrir informações úteis, informar conclusões e apoiar a tomada de decisões. A análise de dados tem múltiplas facetas e abordagens, abrangendo diversas técnicas sob uma variedade de nomes, e é usada em diferentes domínios dos negócios, ciências e ciências sociais. No mundo dos negócios de hoje, a análise de dados desempenha um papel tornando a tomada de decisões mais científicas e ajudando as empresas a operar com mais eficácia.
A mineração de dados é uma técnica de análise de dados específica que se concentra na modelagem estatística e na descoberta de conhecimento para fins preditivos em vez de puramente descritivos, enquanto a inteligência de negócios cobre análises de dados que dependem fortemente da agregação, com foco principalmente nas informações de negócios. Em aplicativos estatísticos, a análise de dados pode ser dividida em estatística descritiva, análise exploratória de dados (AED) e análise confirmatória de dados (ACD). A AED se concentra em descobrir novas características nos dados, enquanto a ACD se concentra em confirmar ou refutar hipóteses existentes. A análise preditiva se concentra na aplicação de modelos estatísticos para previsão ou classificação preditiva, enquanto a análise de texto aplica técnicas estatísticas, linguísticas e estruturais para extrair e classificar informações de fontes textuais, um tipo de dados não estruturados. Todos os itens acima são variedades de análise de dados.
A integração de dados é um precursor da análise de dados, e a análise de dados está intimamente ligada à visualização e disseminação de dados. Este tema continua relevante e se mantem como base para estudos avancados.",Dados
"Programação extrema (do inglês eXtreme Programming), ou simp","Programação extrema (do inglês eXtreme Programming), ou simplesmente XP, é considerada uma metodologia ágil e se ajusta bem a projetos de software com requisitos vagos e em constante mudança. Para isso, adota a estratégia de constante acompanhamento e realização de vários pequenos ajustes durante o desenvolvimento de software.
O XP possui algumas características marcantes que são:

Feedback constante.
Abordagem incremental.
Encoraja a comunicação entre as pessoas envolvidas.
Os cinco valores fundamentais são: comunicação, simplicidade, feedback, coragem e respeito. A partir desses valores, possui como princípios básicos: feedback rápido, presumir simplicidade, mudanças incrementais, abraçar mudanças e trabalho de qualidade.
Dentre as variáveis de controle em projetos (custo, tempo, qualidade e escopo), há um foco explícito em escopo. Para isso, recomenda-se a priorização de funcionalidades que representem maior valor possível para o negócio. Desta forma, caso seja necessário a diminuição de escopo, as funcionalidades menos valiosas serão adiadas ou canceladas.
A XP incentiva o controle da qualidade como variável do projeto, pois o pequeno ganho de curto prazo na produtividade, ao diminuir qualidade, não é compensado por perdas (ou até impedimentos) a médio e longo prazo. Compreender bem este assunto e essencial para quem atua ou estuda nesta area.",QA
A ciência da informação é um campo interdisciplinar principa,"A ciência da informação é um campo interdisciplinar principalmente preocupado com a análise, coleta, classificação, manipulação, armazenamento, recuperação e disseminação da informação registrada.
Ou seja, esta ciência estuda a informação desde a sua gênese até o processo de transformação de dados em conhecimento. Dominar este conhecimento diferencia profissionais em qualquer segmento do mercado.",Dados
"this, self e Me são palavras-chave usadas em algumas linguag","this, self e Me são palavras-chave usadas em algumas linguagens de programação de computador para se referir ao objeto, classe ou outra entidade da qual o código atualmente em execução faz parte. A entidade referida por essas palavras-chave depende, portanto, do contexto de execução (por exemplo, qual objeto está tendo seu método chamado). Diferentes linguagens de programação usam essas palavras-chave de maneiras, ligeiramente, diferentes. Em linguagens onde uma palavra-chave como ""this"" é obrigatória, a palavra-chave é a única forma de acessar dados e métodos armazenados no objeto atual. Onde for opcional, eles podem eliminar a ambiguidade de variáveis e funções com o mesmo nome. Compreender bem este assunto e essencial para quem atua ou estuda nesta area.",Backend
Desenvolvimento Ágil de Software (em inglês: Agile software ,"Desenvolvimento Ágil de Software (em inglês: Agile software development) ou Método ágil é uma disciplina que estuda um conjunto de comportamentos, processos, práticas e ferramentas utilizados para a criação de produtos (geralmente de, mas não limitados a, software) e sua subsequente disponibilização para os usuários finais. Uma abordagem onde produtos são desenvolvidos colaborativamente com equipes multidisciplinar baseado na criatividade e na flexibilização, muito usado atualmente por gestores de várias áreas devido o mercado exigir mais agilidade. As metodologias e frameworks que fazem parte do conceito de desenvolvimento ágil (como o Scrum, por exemplo) providenciam uma estrutura conceitual para conduzir projetos de engenharia de software.
Métodos ágeis também enfatizam o software funcional como uma medida primária de progresso. Combinado com a comunicação cara-a-cara, métodos ágeis produzem pouca documentação em relação a outros métodos, sendo este um dos pontos que podem ser considerados negativos.
Existem inúmeros frameworks de processos para desenvolvimento de software. A maioria dos métodos ágeis tenta minimizar o risco pelo desenvolvimento do software em curtos períodos, chamados de iteração, os quais gastam tipicamente menos de uma semana a até quatro. Cada iteração é como um projeto de software em miniatura e inclui todas as tarefas necessárias para implantar o mini-incremento da nova funcionalidade: planejamento, análise de requisitos, projeto, codificação, teste e documentação. Enquanto em um processo convencional, cada iteração não está necessariamente focada em adicionar um novo conjunto significativo de funcionalidades, um projeto de software ágil busca a capacidade de implantar uma nova versão do software ao fim de cada iteração, etapa em que a equipe responsável reavalia as prioridades do projeto.
Métodos ágeis enfatizam comunicação frequente, preferencialmente cara a cara, em vez de documentos escritos. A maioria dos componentes de um grupo ágil deve estar agrupada em uma sala. Isso inclui todas as pessoas necessárias para terminar o software: no mínimo, os programadores e seus clientes (clientes são as pessoas que definem o produto, eles podem ser os gerentes, analistas de negócio, ou realmente os clientes). Nesta sala devem também se encontrar os testadores, projetistas de iteração, redatores técnicos e gerentes. Este tema continua relevante e se mantem como base para estudos avancados.",QA
Governo por algoritmo (também conhecido como governo dos alg,"Governo por algoritmo (também conhecido como governo dos algoritmos, regulação algorítmica, regulação por algoritmos, governança algorítmica, governança algocrática, ordem legal algorítmica ou algocracia) é uma forma alternativa de governo ou ordenamento social, onde o uso de algoritmos de computador, especialmente de inteligência artificial e blockchain, é aplicado a regulações, aplicação da lei e, geralmente, qualquer aspecto da vida cotidiana, como transporte ou registro de terras. O termo 'governo por algoritmo' apareceu na literatura acadêmica como uma alternativa para 'governança algorítmica' em 2013. Um termo relacionado, regulação algorítmica é definido como o estabelecimento do padrão, monitoramento e modificação de comportamento por meio de algoritmos computacionais— automação do judiciário faz parte de seu escopo.
O governo por algoritmo levanta novos desafios que não são captados na literatura do governo eletrônico e na prática da administração pública. Algumas fontes equiparam a ciberocracia, que é uma forma hipotética de governo que rege pelo uso efetivo da informação, com a governança algorítmica, embora os algoritmos não sejam o único meio de processamento da informação. Nello Cristianini e Teresa Scantamburlo argumentaram que a combinação de uma sociedade humana e uma regulação algorítmica forma uma máquina social. Compreender bem este assunto e essencial para quem atua ou estuda nesta area.",Blockchain
"Edge computing (em português, computação de borda) é um mode","Edge computing (em português, computação de borda) é um modelo de computação distribuída que aproxima a computação e o armazenamento de dados das fontes de dados. De forma mais ampla, refere-se a qualquer design que empurre a computação fisicamente para mais perto de um usuário, a fim de reduzir a latência em comparação a quando uma aplicação é executada em um data center centralizado.
O termo começou a ser usado na década de 1990 para descrever redes de entrega de conteúdo (CDNs) — estas eram usadas para entregar conteúdo de sites e vídeos a partir de servidores localizados próximos aos usuários. No início dos anos 2000, esses sistemas expandiram seu escopo para hospedar outras aplicações, levando aos primeiros serviços de computação de borda. Esses serviços podiam realizar tarefas como localizar revendedores, gerenciar carrinhos de compras, coletar dados em tempo real e inserir anúncios.
A Internet das coisas (IoT), onde dispositivos estão conectados à Internet, é frequentemente associada à computação de borda.",Cloud/Infra
Engenharia de software é uma área interdisciplinar de conhec,"Engenharia de software é uma área interdisciplinar de conhecimento, que agrega ciências exatas e humanas, por exemplo, engenharia e administração. A área rege o processo produtivo de sistemas baseados em rotinas computacionais, chamado processo de software, que por sua vez inclui especificação, desenvolvimento, manutenção e criação de software. Tais atividades podem ser realizadas com a aplicação de tecnologias e práticas de gerência de projetos e outras disciplinas, visando organização, produtividade e qualidade. Atualmente, essas tecnologias e práticas englobam linguagens de programação, banco",QA
Refatoração (do inglês refactoring) é o processo de modifica,"Refatoração (do inglês refactoring) é o processo de modificar um sistema de software para melhorar a estrutura interna do código sem alterar seu comportamento externo.
O uso desta técnica aprimora a concepção (design) de um software e evita a deterioração tão comum durante o ciclo de vida de um código. Esta deterioração é geralmente causada por mudanças com objetivos de curto prazo ou por alterações realizadas sem a clara compreensão da concepção do sistema.
Outra consequência é a melhora no entendimento do código, o que facilita a manutenção e evita a inclusão de defeitos. Esta melhora no entendimento vem da constante alteração do código com objetivo de facilitar a comunicação de motivações, intenções e objetivos por parte do programador.
É fundamental que o sistema de software possua testes automatizados para realizar refatoração. Desta forma, será possível garantir que o comportamento externo não foi alterado.
O livro mais importante sobre refatoração é Refactoring: Improving the Design of Existing Code (ISBN 0-201-48567-2) de Martin Fowler, onde são explicados os conceitos, motivações e uma série de refatorações descritas passo a passo.
Programação extrema tem refatoração como uma de suas práticas. Dominar este conhecimento diferencia profissionais em qualquer segmento do mercado.",QA
Informação é um conhecimento inscrito (gravado) sob a forma ,"Informação é um conhecimento inscrito (gravado) sob a forma escrita (impressa ou numérica), oral ou audiovisual. É resultante do processamento, manipulação e organização de dados, de tal forma que represente uma modificação (quantitativa ou qualitativa) no conhecimento do sistema (humano, animal ou máquina) que a recebe.
Le Coadic, pesquisador da área da Ciência da Informação, destaca que o valor da informação varia conforme o indivíduo, as necessidades e o contexto em que é produzida e compartilhada. Uma informação pode ser altamente relevante para um indivíduo e a mesma informação pode não ter significado algum para outro indivíduo.
Informação enquanto conceito carrega uma diversidade de significados, do uso habitual ao uso técnico. Genericamente, o conceito de informação está intimamente ligado às noções de restrição, comunicação, controle, dados, forma, instrução, conhecimento, significado, estímulo, padrão, percepção e representação de conhecimento.
É comum nos dias de hoje ouvir-se falar sobre a Era da Informação, o advento da ""Era do Conhecimento"" ou sociedade do conhecimento. Como a sociedade da informação, a tecnologia da informação, a ciência da informação e a ciência da computação em informática são assuntos e ciências recorrentes na atualidade, a palavra ""informação"" é frequentemente utilizada sem muita consideração pelos vários significados que adquiriu ao longo do tempo, tornando-se portanto, no principal recurso da sociedade no século XXI.
As novas tecnologias, os novos mercados, as novas mídias, os novos consumidores desta Era da Informação e do conhecimento, conseguiram transformar o mundo em uma grande sociedade, globalizada e globalizante. Compreender bem este assunto e essencial para quem atua ou estuda nesta area.",Ciberseguranca
Everblock é uma solução tecnológica brasileira voltada para ,"Everblock é uma solução tecnológica brasileira voltada para o armazenamento seguro e descentralizado de informações, baseada em blockchain e IPFS. Desenvolvido pela empresa TS4 Segurança e Auditoria e reconhecido oficialmente como produto estratégico de defesa pelo Ministério da Defesa do Brasil. Este conceito e amplamente utilizado e fundamental para profissionais da area.",Blockchain
Um servidor de jogo é um servidor que conecta clientes de jo,"Um servidor de jogo é um servidor que conecta clientes de jogos por meio de uma rede. Ou seja: um servidor de jogos é um programa de computador que conecta outros programas, os jogos que estão nos computadores dos diferentes jogadores. É um tipo de ""provedor de serviços"". Jogos aqui significam jogos que são executados em um computador local e não jogos on-line, como jogos em Flash. Um servidor de jogo é uma parte essencial de um jogo online porque os clientes não podem se encontrar sem um servidor. Geralmente, é necessário um código de ativação ou código de série válido para acessar o servidor. Se um cliente quiser jogar online, ele deve primeiro pedir permissão ao servidor. Essa primeira mensagem geralmente lista um número fixo de coisas: nome de usuário, senha, endereço de IP, país, fuso horário, código de ativação e possivelmente o host. Depois que o servidor aceita a solicitação, uma conexão é estabelecida. Isso significa que o tráfego não será interrompido, a menos que um dos dois perca a conexão. É feita uma distinção entre dois tipos de servidores, de jogo, e de jogo de conexão.",Cloud/Infra
A SysDig é uma empresa norte-americana líder de mercado em s,"A SysDig é uma empresa norte-americana líder de mercado em software de segurança da informação voltado para ambientes na nuvem, conteinerizados, e em Kubernetes. Este tema continua relevante e se mantem como base para estudos avancados.",DevOps
Uma base de dados na nuvem é uma base de dados que normalmen,"Uma base de dados na nuvem é uma base de dados que normalmente é executada em uma plataforma de computação na nuvem e o acesso à base de dados é fornecido como um serviço. Existem dois modelos comuns de implantação: os utilizadores podem executar a base de dados na nuvem de forma independente, usando uma imagem de máquina virtual, ou podem adquirir acesso a um serviço",Cloud/Infra
"Hardware de rede, ou dispositivos de rede, referem-se aos eq","Hardware de rede, ou dispositivos de rede, referem-se aos equipamentos que facilitam e dão suporte ao uso de uma rede de computadores, ou seja, são os meios físicos necessários para a comunicação entre os componentes participantes de uma rede. São exemplos típicos de dispositivos de rede: switches; roteadores; concentradores; repetidores; adaptadores de rede; modem; gateway; bridge; firewall; pontos de acesso sem fio, e outros hardwares relacionados. O tipo mais básico de hardware de rede são os adaptadores de rede Ethernet, ajudados em grande parte por sua inclusão-padrão na maioria dos sistemas informáticos modernos. Todavia, redes sem fio tem se tornado cada vez mais populares, especialmente para dispositivos portáteis. Outros equipamentos",Ciberseguranca
Uma troca de criptomoeda ou DCE (Digital Currency Exchange) ,"Uma troca de criptomoeda ou DCE (Digital Currency Exchange) é uma empresa que permite que os clientes negociem criptomoedas ou moedas digitais por outros ativos, como moeda fiduciária convencional ou outras moedas digitais. Uma troca de criptomoedas pode ser um formador de mercado que normalmente aceita os spreads de compra e",Blockchain
Jogo em nuvem (em inglês cloud gaming) também chamado de jog,"Jogo em nuvem (em inglês cloud gaming) também chamado de jogo sob demanda (em inglês gaming on demand) é um conceito de jogo on-line utilizando computação em nuvem. Existem duas formas de jogo em nuvem, utilizando troca de arquivos ou em vídeo",DevOps
DataFlex (antes conhecido como Visual DataFlex) é uma ferram,"DataFlex (antes conhecido como Visual DataFlex) é uma ferramenta visual para desenvolvimento de aplicações Windows, web e mobile em uma plataforma de framework único. Dominar este conhecimento diferencia profissionais em qualquer segmento do mercado.",Mobile
"Computação em nuvem (em inglês, cloud computing) é um termo ","Computação em nuvem (em inglês, cloud computing) é um termo coloquial para a disponibilidade sob demanda de recursos do sistema de computador, especialmente armazenamento de dados e capacidade de computação, sem o gerenciamento ativo direto do utilizador. O termo geralmente é usado para descrever centros de dados disponíveis para muitos utilizadores pela Internet. Nuvens em grande escala, predominantes hoje em dia, geralmente têm funções distribuídas em vários locais dos servidores centrais. Se a conexão com o utilizador for relativamente próxima, pode ser designado um servidor de borda.
O armazenamento de dados é feito em serviços que poderão ser acedidos de qualquer lugar do mundo, a qualquer hora, não havendo necessidade de instalação de programas ou de armazenar dados. O acesso a programas, serviços e arquivos é remoto, através da Internet - daí a alusão à nuvem. O uso desse modelo (ambiente) é mais viável do que o uso de unidades físicas.
Num sistema operacional disponível na Internet, a partir de qualquer computador e em qualquer lugar, pode-se ter acesso a informações, arquivos e programas num sistema único, independente de plataforma. O requisito mínimo é um computador compatível com os recursos disponíveis na Internet. O PC torna-se apenas um chip ligado à Internet — a ""grande nuvem"" de computadores — sendo necessários somente os dispositivos de entrada (teclado, rato/mouse) e saída (monitor). Este tema continua relevante e se mantem como base para estudos avancados.",DevOps
"Em ciência da computação, programador, desenvolvedor, codifi","Em ciência da computação, programador, desenvolvedor, codificador ou engenheiro de software é alguém que escreve, desenvolve ou faz",QA
"Esta é uma lista de linguagens de programação, atuais e hist","Esta é uma lista de linguagens de programação, atuais e históricas, em ordem alfabética, que inclui também o desenvolvedor, data de criação e o paradigma de programação que é a forma de classificar as linguagens baseada em suas funcionalidades.

∑ 1194 items. Este conceito e amplamente utilizado e fundamental para profissionais da area.",Frontend
Cardano é uma plataforma de computação distribuída que execu,"Cardano é uma plataforma de computação distribuída que executa o blockchain para a criptomoeda ADA.
Cardano foi criada pela empresa de desenvolvimento de blockchain Input Output Hong Kong (IOHK) e liderado pelo CEO Charles Hoskinson,[carece de fontes?] ex-co-fundador da BitShares, Ethereum e Ethereum Classic. Hoskinson abandonou Ethereum depois de disputa com um de seus co-fundadores Vitalik Buterin; Hoskinson queria fazer participar o capital de risco e criar a organização comercial, mas Buterin queria que esta funcionasse como uma organização não comercial. Depois de saída ele tornou-se o co-fundador de IOHK que é a empresa de desenvolvimento de blockchain cuja atividade principal é o desenvolvimento de Cardano ao par com Cardano Foundation e Emurgo. O projeto tem como objetivo executar contratos inteligentes, aplicativos descentralizados, cadeias laterais, computação multipartidária, e metadados.
A plataforma começou a ser desenvolvida em 2015 e foi lançada em 2017. A criptomoeda interna Cardano estreou em 2017 com uma capitalização de mercado de US $600 milhões, em abril de 2021, a capitalização da criptomoeda somou US$ 39,8 bilhões. Cardano é uma das dez maiores criptomoedas por capitalização no mundo. A criptomoeda Cardano é chamada de ADA em homenagem a Ada Lovelace, a plataforma foi nomeada em homenagem a Gerolamo Cardano.
Daedalus e Yoroi atualmente são as únicas carteiras de criptomoeda (software) oficialmente suportadas para ADA e permitem transferências para outros endereços de carteira.
Yoroi é uma carteira leve para Cardano. É simples, rápido e seguro, possui aplicativo para smartphones Android e IOS e extensão para navegadores. Yoroi é um produto Emurgo, desenvolvido pela IOHK. E segue as melhores práticas para software na indústria, incluindo uma auditoria de segurança abrangente.
Daedalus é uma carteira full node para computadores. Isso significa que ao contrário das carteiras leves, a Daedalus baixa uma cópia completa do blockchain Cardano e valida independentemente todas as transações em seu histórico. Dominar este conhecimento diferencia profissionais em qualquer segmento do mercado.",Blockchain
O teste de mutação (ou análise de mutação ou mutação de prog,"O teste de mutação (ou análise de mutação ou mutação de programa) é um sistema usado para projetar novos testes de software e avaliar a qualidade dos testes de software existentes. O teste de mutação envolve a modificação de um programa em pequenas maneiras. Cada versão mutada é chamada de mutante e os testes detectam e rejeitam mutantes, fazendo com que o comportamento da versão original seja diferente do mutante. Isso é chamado de matar o mutante. O objetivo é ajudar o testador a desenvolver testes eficazes ou localizar pontos fracos nos dados de teste usados para o programa ou em seções do código que raramente ou nunca são acessadas durante a execução. O teste de mutação é uma forma de teste de caixa-branca . Este tema continua relevante e se mantem como base para estudos avancados.",QA
Tecnologias da informação e comunicação (TIC) é um termo ext,"Tecnologias da informação e comunicação (TIC) é um termo extensivo das áreas da Informática e da Ciência da Computação para a Tecnologia da Informação (TI) que enfatiza o papel das comunicações unificadas (UC) e a integração das telecomunicações (linhas telefónicas e sinais sem fios) e dos computadores, bem como o software necessário, middleware, armazenamento de dados, multimédia e audiovisual, que permitem aos utilizadores (usuários) aceder, armazenar, transmitir, compreender e manipular informação (tecnologia digital comprimida).

As TIC são também utilizadas para se referir à convergência (triple play) das Redes de Computadores com as redes audiovisuais e telefónicas através de uma Arquitetura de Computadores com uma única cablagem ou sistema de ligação (link system). Existem grandes incentivos económicos para fundir o sistema de redes informáticas com as redes telefónicas utilizando um único sistema unificado de cablagem, distribuição de sinal digital e sistema de informação de gestão (SIG). TIC é um termo abrangente da área da Informática que inclui qualquer dispositivo de comunicação, abrangendo rádio, televisão, telemóvel (celular), hardware de computador e de rede de computadores, sistemas de satélite de dados e assim por diante, bem como os vários serviços e aparelhos que os acompanham, como, por exemplo, a videoconferência e a educação à distância (EaD). As TIC incluem também a tecnologia analógica, como a comunicação em formato de papel, e os restantes modos de transmissão de comunicação.
As TIC são um tema vasto e os seus conceitos estão em permanente evolução. Abrange todos os produtos capazes de armazenar, recuperar, manipular, processar, transmitir ou receber informações eletronicamente em formato digital (por exemplo, computadores pessoais, incluindo smartphones, televisão digital, e-mail ou robôs). O Quadro de Competências para a Era da Informação (Skills Framework for the Information Age) é um dos muitos modelos para descrever e gerir as competências para os profissionais das TIC no século XXI.
As TIC enquanto área da Informática e da Ciência da Computação, abrangem os estudos da computação, informação e automação. Abrangem disciplinas teóricas, como Algoritmos e Estruturas de Dados, Teoria da Computação e Teoria da Informação, até disciplinas aplicadas, incluindo a implementação de hardware e software.

Os Algoritmos e as Estruturas de Dados são fundamentais para as TIC. A Teoria da Computação diz respeito a modelos abstratos de computação e a classes gerais de problemas que podem ser resolvidos utilizando-os. As áreas da Criptografia e Segurança Informática envolvem o estudo dos meios de comunicação segura e a prevenção de vulnerabilidades de segurança. A Computação Gráfica e a Geometria Computacional abordam a geração de imagens. A teoria da Linguagem de Programação considera diferentes formas de descrever os processos computacionais, e a teoria das Bases (Bancos) de Dados diz respeito à gestão dos repositórios de dados. A Interação Homem-Máquina investiga as interfaces através das quais os humanos e os computadores interagem, e a Engenharia de Software concentra-se no design e nos princípios por detrás do Desenvolvimento de Software. Áreas como os Sistemas Operativos, as Redes de Computadores e os Sistemas Embebidos investigam os princípios e o design por detrás de Sistemas Complexos. A Arquitetura de Computadores descreve a construção de componentes de computador e de equipamentos operados por computador. A Inteligência Artificial e a Aprendizagem Automática visam sintetizar processos orientados para objetivos, como a resolução de problemas, a tomada de decisões, a adaptação ambiental, o planeamento e a aprendizagem encontrados em humanos e animais. Dentro da Inteligência Artificial, a Visão Computacional visa compreender e processar dados de imagem e vídeo, enquanto o Processamento de Linguagem Natural visa compreender e processar dados textuais e linguísticos.",Ciberseguranca
"Um token não fungível (em inglês: non-fungible token, NFT) é","Um token não fungível (em inglês: non-fungible token, NFT) é um tipo especial de token criptográfico que representa algo único. Diferentemente das criptomoedas como o Bitcoin e de vários outros tokens utilitários, os NFTs não são mutuamente intercambiáveis. 
Um item fungível, como o dinheiro, pode ser trocado por outro. Uma cédula de Real pode ser substituída, desde que de mesmo valor. Já os itens infungíveis são como as obras de arte, objetos raros, exemplares únicos, etc. 
O token não fungível representa algo específico e individual, e não pode ser substituído. Este conceito e amplamente utilizado e fundamental para profissionais da area.",Blockchain
Um servidor bare metal também conhecido como servidor dedica,"Um servidor bare metal também conhecido como servidor dedicado é um computador geralmente de maior porte e mais sofisticado que computador doméstico que é utilizado como servidor de arquivos e aplicações sem utilização de camada de software entre o hardware e o sistema operacional, ou seja, não utiliza virtualização. Pode ser oferecido por uma empresa prestadora de serviço, que entrega não somente a locação do hardware como",Cloud/Infra
Test Driven Development (TDD) ou em português Desenvolviment,"Test Driven Development (TDD) ou em português Desenvolvimento guiado por testes é uma técnica de desenvolvimento de software que se relaciona com o conceito de verificação e validação e se baseia em um ciclo curto de repetições: Primeiramente o desenvolvedor escreve um caso de teste automatizado que define uma melhoria desejada ou uma nova funcionalidade. Então, é produzido código que possa ser validado pelo teste para posteriormente o código ser refatorado para um código sob padrões aceitáveis. Kent Beck, considerado o criador ou o 'descobridor' da técnica, declarou em 2003 que TDD encoraja designs de código simples e inspira confiança.
Desenvolvimento dirigido por testes é relacionado a conceitos de programação de Extreme Programming, iniciado em 1999, mas recentemente tem-se criado maior interesse pela mesma em função de seus próprios ideais.
Através de TDD, programadores podem aplicar o conceito de melhorar e depurar código legado desenvolvido a partir de técnicas antigas.",QA
"this, self e Me são palavras-chave usadas em algumas linguag","this, self e Me são palavras-chave usadas em algumas linguagens de programação de computador para se referir ao objeto, classe ou outra entidade da qual o código atualmente em execução faz parte. A entidade referida por essas palavras-chave depende, portanto, do contexto de execução (por exemplo, qual objeto está tendo seu método chamado). Diferentes linguagens de programação usam essas palavras-chave de maneiras, ligeiramente, diferentes. Em linguagens onde uma palavra-chave como ""this"" é obrigatória, a palavra-chave é a única forma de acessar dados e métodos armazenados no objeto atual. Onde for opcional, eles podem eliminar a ambiguidade de variáveis e funções com o mesmo nome.",Backend
"Computação em nuvem (em inglês, cloud computing) é um termo ","Computação em nuvem (em inglês, cloud computing) é um termo coloquial para a disponibilidade sob demanda de recursos do sistema de computador, especialmente armazenamento de dados e capacidade de computação, sem o gerenciamento ativo direto do utilizador. O termo geralmente é usado para descrever centros de dados disponíveis para muitos utilizadores pela Internet. Nuvens em grande escala, predominantes hoje em dia, geralmente têm funções distribuídas em vários locais dos servidores centrais. Se a conexão com o utilizador for relativamente próxima, pode ser designado um servidor de borda.
O armazenamento de dados é feito em serviços que poderão ser acedidos de qualquer lugar do mundo, a qualquer hora, não havendo necessidade de instalação de programas ou de armazenar dados. O acesso a programas, serviços e arquivos é remoto, através da Internet - daí a alusão à nuvem. O uso desse modelo (ambiente) é mais viável do que o uso de unidades físicas.
Num sistema operacional disponível na Internet, a partir de qualquer computador e em qualquer lugar, pode-se ter acesso a informações, arquivos e programas num sistema único, independente de plataforma. O requisito mínimo é um computador compatível com os recursos disponíveis na Internet. O PC torna-se apenas um chip ligado à Internet — a ""grande nuvem"" de computadores — sendo necessários somente os dispositivos de entrada (teclado, rato/mouse) e saída (monitor). Compreender bem este assunto e essencial para quem atua ou estuda nesta area.",Cloud/Infra
"Slot é um termo em inglês para designar ranhura, fenda, cone","Slot é um termo em inglês para designar ranhura, fenda, conector, encaixe ou espaço. Sua função é ligar os periféricos ao barramento e suas velocidades são correspondentes dos seus respectivos barramentos. Nas placas-mãe são encontrados vários slots para o encaixe de placas (vídeo, som, modem e rede por exemplo). Este tema continua relevante e se mantem como base para estudos avancados.",Cloud/Infra
Ethereum é uma plataforma descentralizada capaz de executar ,"Ethereum é uma plataforma descentralizada capaz de executar contratos inteligentes e aplicações descentralizadas usando a tecnologia blockchain. São aplicações que funcionam exatamente como programadas sem qualquer possibilidade de censura, fraude ou interferência de terceiros, isso porque o contrato é imutável. Ele possui uma máquina virtual descentralizada Turing completa, a Ethereum Virtual Machine (EVM), que pode executar scripts usando uma rede internacional de nós públicos.
O Ethereum foi fundado por Vitalik Buterin em janeiro de 2014, e formalmente apresentado para a comunidade na forma de um white paper. A definição formal da Virtual Machine do Ethereum (EVM) foi escrito por Gavin Wood.
O Ethereum foi financiado como um projeto de crowdfunding, o terceiro maior projeto já financiado desta forma na história, e foi lançado em 30 de julho de 2015.
Em 2016 ocorreu um fork no Ethereum e seu blockchain foi dividido em dois graças ao colapso do projeto The DAO, e com isso nasceu o Ethereum Classic.",Blockchain
"Em programação e na orientação a objetos, uma classe é um Ti","Em programação e na orientação a objetos, uma classe é um Tipo abstrato de Dados (TAD); ou seja, uma descrição que abstrai um conjunto de objetos com características similares (um projeto do objeto), é um código da linguagem de programação orientada a objetos que define e implementa um novo tipo de objeto, que terão características (atributos) que guardaram valores e, também funções específicas para manipular estes. Formalmente, é um conceito que",Backend
"Programação é o processo de escrita, teste e manutenção de u","Programação é o processo de escrita, teste e manutenção de um programa de computador. O programa é escrito em uma linguagem de programação, embora seja possível, com alguma dificuldade, o escrever diretamente em linguagem de máquina. Diferentes partes de um programa podem ser escritas em diferentes linguagens. Diferentes linguagens de programação funcionam de diferentes modos. Por esse motivo,",Backend
Polygon (antiga Matic Network) é uma plataforma de blockchai,"Polygon (antiga Matic Network) é uma plataforma de blockchain que busca criar um sistema de blockchain multi-cadeia compatível com o Ethereum. Assim como o Ethereum, utiliza o mecanismo de consenso proof of stake (prova de participação) para o processamento de transações on-chain. O token nativo do Polygon é o POL, um token ERC-20 que garante compatibilidade com outras criptomoedas baseadas no Ethereum. A plataforma é operada pela Polygon Labs.
Polygon é uma blockchain de segunda camada 2 (layer-2) da Ethereum, que processa transações fora da cadeia principal (off-chain) antes de finalizá-las na rede Ethereum. Isso significa que, ao invés de cada transação ser processada individualmente na blockchain do Ethereum, muitas transações são agrupadas e tratadas em um único lote na rede Polygon.
Vários aplicativos descentralizados (dApps) rodam na Polygon, como DeFi, DAOs e NFTs.",Blockchain
"Um módulo de segurança de hardware, cuja sigla é HSM (do ing","Um módulo de segurança de hardware, cuja sigla é HSM (do inglês Hardware Security Module), é um dispositivo físico de computação especificamente criado para proteger o ciclo de vida de chaves criptográficas, realizando funções de encriptação e decriptação para assinatura digital. Um HSM contém um ou mais processadores criptográficos dedicados e geralmente se apresentam na forma de uma placa plug-in ou um dispositivo externo que se conecta diretamente a um computador ou servidor. Dominar este conhecimento diferencia profissionais em qualquer segmento do mercado.",Ciberseguranca
A SysDig é uma empresa norte-americana líder de mercado em s,"A SysDig é uma empresa norte-americana líder de mercado em software de segurança da informação voltado para ambientes na nuvem, conteinerizados, e em Kubernetes.",DevOps
Everblock é uma solução tecnológica brasileira voltada para ,"Everblock é uma solução tecnológica brasileira voltada para o armazenamento seguro e descentralizado de informações, baseada em blockchain e IPFS.",Blockchain
Gcov é uma ferramenta de análise de cobertura de código font,"Gcov é uma ferramenta de análise de cobertura de código fonte e de criação de perfil por instruções passo-a-passo. Gcov gera contagens exatas do número de vezes que cada instrução em um programa é executada e anota o código-fonte para adicionar instrumentação. Gcov vem como um utilitário padrão com o pacote GNU Compiler Collection (GCC).
O utilitário gcov fornece informações sobre a frequência com que um programa executa segmentos de código. Ele produz uma cópia do arquivo fonte, anotado com as frequências de execução. O utilitário gcov não produz quaisquer dados baseados em tempo, e só funciona em código compilado com o pacote GCC. O manual afirma que ele não é compatível com qualquer outro perfil ou mecanismo de cobertura de testes, mas ele funciona também com arquivos gerados pelo llvm.",QA
A ciência da informação é um campo interdisciplinar principa,"A ciência da informação é um campo interdisciplinar principalmente preocupado com a análise, coleta, classificação, manipulação, armazenamento, recuperação e disseminação da",Dados
Smartphone é um dispositivo móvel que combina a funcionalida,"Smartphone é um dispositivo móvel que combina a funcionalidade de um telefone celular tradicional com recursos avançados de computação. Normalmente, ele tem uma interface de tela sensível ao toque, permitindo que os usuários acessem uma ampla variedade de aplicativos e serviços, como navegação na web, e-mail e mídia social, bem como reprodução e streaming de multimídia. Os smartphones têm câmeras integradas, navegação GPS e suporte para vários métodos de comunicação, incluindo chamadas de voz, mensagens de texto e aplicativos de mensagens baseados na Internet.
Os smartphones se distinguem dos telefones com recursos mais antigos por seus recursos de hardware mais avançados e sistemas operacionais móveis abrangentes, acesso à Internet, aplicativos comerciais, pagamentos móveis e funcionalidade multimídia, incluindo música, vídeo, jogos, rádio e televisão.
Os smartphones substituíram em grande parte os dispositivos de assistente digital pessoal (PDA), os PCs portáteis/do tamanho da palma da mão, os leitores de mídia portáteis (PMP), as câmeras point-and-shoot, as filmadoras e, em menor grau, os consoles de videogame portáteis, os dispositivos de leitura eletrônica, as calculadoras de bolso e as unidades de rastreamento GPS.
Desde o início da década de 2010, o hardware aprimorado e a comunicação sem fio mais rápida (devido a padrões como LTE e, posteriormente, 5G NR) impulsionaram o crescimento da indústria de smartphones. Em 2014, mais de um bilhão de smartphones foram vendidos globalmente a cada ano. Só em 2019, foram enviadas 1,54 bilhões de unidades de smartphones em todo o mundo. 75,05 por cento da população mundial era usuária de smartphones em 2020.",Mobile
As finanças descentralizadas (também conhecidas como DeFi) s,"As finanças descentralizadas (também conhecidas como DeFi) são uma forma experimental de finanças que não depende de intermediários financeiros centrais, como corretoras, exchanges ou bancos e, em vez disso, utiliza contratos inteligentes em blockchains, sendo a mais comum a do Ethereum. Plataformas DeFi permitem que as pessoas ofereçam ou recebam fundos de empréstimos umas das outras, especulem sobre os movimentos de preços em uma gama de ativos usando derivativos, negociem criptomoedas, assegurem-se contra riscos e ganhem juros em uma conta poupança. Alguns aplicativos DeFi promovem altas taxas de juros, com alguns provedores oferecendo taxas de três dígitos, porém sujeitos a alto risco. Em outubro de 2020, mais de 11 bilhões de dólares foram depositados em vários protocolos de finanças descentralizadas, o que representava um crescimento de mais de dez vezes durante o ano de 2020. Em janeiro de 2021, aproximadamente 20,5 bilhões de dólares já haviam sido investidos em DeFi.",Blockchain
"Edge computing (em português, computação de borda) é um mode","Edge computing (em português, computação de borda) é um modelo de computação distribuída que aproxima a computação e o armazenamento de dados das fontes de dados. De forma mais ampla, refere-se a qualquer design que empurre a computação fisicamente para mais perto de um usuário, a fim de reduzir a latência em comparação a quando uma aplicação é executada em um data center centralizado.
O termo começou a ser usado na década de 1990 para descrever redes de entrega de conteúdo (CDNs) — estas eram usadas para entregar conteúdo de sites e vídeos a partir de servidores localizados próximos aos usuários. No início dos anos 2000, esses sistemas expandiram seu escopo para hospedar outras aplicações, levando aos primeiros serviços de computação de borda. Esses serviços podiam realizar tarefas como localizar revendedores, gerenciar carrinhos de compras, coletar dados em tempo real e inserir anúncios.
A Internet das coisas (IoT), onde dispositivos estão conectados à Internet, é frequentemente associada à computação de borda. Este tema continua relevante e se mantem como base para estudos avancados.",DevOps
A revolução tecnológica do século XXI possibilitou variadas ,"A revolução tecnológica do século XXI possibilitou variadas mudanças no mundo, como por exemplo, a constante utilização do termo Blockchain para indicar o servidor central de chaves criptografadas, possibilitando o surgimento de moedas virtuais como por exemplo o Bitcoin criado em 2008 por Satoshi Nakamoto, com seu valor comparado com o poder de computação das transações por um minerador (computador), beneficiando não apenas no mundo das moedas virtuais, mas também nas indústrias, governos e comunidades. Os principais sistemas blockchain corporativos, dependem diretamente das chaves dos participantes. A conexão é estabelecida com o objetivo de compartilhar dados da",Blockchain
O termo Qualidade possui diferentes definições na literatura,"O termo Qualidade possui diferentes definições na literatura. O glossário do IEEE define qualidade como “Grau de conformidade de um sistema, componente ou processo com os respectivos requisitos”, ou, alternativamente, como “Grau de conformidade de um sistema, componente ou processo com as necessidades e expectativas de clientes ou usuários”.
Ambas as definições refletem aspectos importantes da qualidade; diversos autores apresentam outras definições, que geralmente giram em torno dos temas de conformidade com os requisitos e atendimento das expectativas. Naturalmente, pode haver diferenças entre as aplicações dessas definições se os requisitos explícitos não refletirem corretamente as necessidades reais. Como salienta, a qualidade é definida por uma coleção de atributos; funcionalidade, confiabilidade, satisfação do usuário e desempenho são aspectos importantes, mas parciais.
A norma NBR ISO 9000:2005 define qualidade como sendo o grau no qual um conjunto de características inerentes satisfaz aos requisitos. Ou seja, pode-se afirmar que se algum produto ou serviço atende aos requisitos especificados, este mesmo produto ou serviço possui a qualidade desejada.
Outra visão diferente é no contexto de desenvolvimento de software: qualidade pode ser entendida como um conjunto de características a serem satisfeitas em um determinado grau, de modo que o produto de software atenda às necessidades explícitas e implícitas de seus usuários . Este tema continua relevante e se mantem como base para estudos avancados.",QA
Engenharia de software é uma área interdisciplinar de conhec,"Engenharia de software é uma área interdisciplinar de conhecimento, que agrega ciências exatas e humanas, por exemplo, engenharia e administração. A área rege o processo produtivo de sistemas baseados em rotinas computacionais, chamado processo de software, que por sua vez inclui especificação, desenvolvimento, manutenção e criação de software. Tais atividades podem ser realizadas com a aplicação de tecnologias e práticas de gerência de projetos e outras disciplinas, visando organização, produtividade e qualidade. Atualmente, essas tecnologias e práticas englobam linguagens de programação, banco de dados, ferramentas, plataformas, bibliotecas, padrões de projeto de software, processo de software e qualidade de software.
Os fundamentos científicos para a engenharia de software envolvem o uso de modelos abstratos e precisos que permitem ao engenheiro especificar, projetar, implementar e manter sistemas de software, avaliando e garantindo suas qualidades. A área que estuda e avalia os processos de engenharia de software, propondo a evolução dos processos, ferramentas e métodos de suporte a engenharia de software é a Engenharia de Software Experimental. Compreender bem este assunto e essencial para quem atua ou estuda nesta area.",QA
Processamento de língua natural (PLN) é uma subárea da ciênc,"Processamento de língua natural (PLN) é uma subárea da ciência da computação, inteligência artificial e da linguística que estuda os problemas da geração e compreensão automática de línguas humanas naturais. Sistemas de geração de língua natural convertem informação de bancos de dados de computadores em linguagem compreensível ao ser humano e sistemas de compreensão de língua natural convertem ocorrências de linguagem humana em representações mais formais, mais facilmente manipuláveis por programas de computador. Alguns desafios do PLN são compreensão de língua natural, fazer com que computadores extraiam sentido de linguagem humana ou natural e geração de língua natural. Este tema continua relevante e se mantem como base para estudos avancados.",Dados
"A Dynatrace, Inc","A Dynatrace, Inc. é uma empresa americana global de tecnologia que fornece uma plataforma de observabilidade de software baseada em inteligência artificial (IA) e automação. As tecnologias da Dynatrace são usadas para monitorar, analisar e otimizar o desempenho de aplicativos, a infraestrutura de TI, a experiência do usuário, e para auxiliar no desenvolvimento de software e práticas de segurança, sendo voltado para empresas e agências governamentais. A plataforma de observabilidade da Dynatrace usa uma forma proprietária de AI chamada",DevOps
"bc, de basic calculator (calculadora básica), é ""uma linguag","bc, de basic calculator (calculadora básica), é ""uma linguagem de calculadora de precisão arbitrária"" com uma sintaxe semelhante à linguagem de programação C. bc é tipicamente usada tanto como uma linguagem matemática de script como um shell matemático interativo.
bc é muitas vezes referenciado como calculadora banco.
Uma utilização interativa típica é digitar o comando bc em um prompt de comando do Unix e inserir uma expressão matemática, como: (1 + 3) * 2, em que 8 será a saída. Uma vez que bc pode trabalhar com precisão arbitrária, ele efetivamente omite os dígitos zero após o ponto decimal - portanto, a expressão 2/3 produz 0. Isso pode surpreender novos usuários da bc que desconhecem este fato. A opção ""-l"" para o bc define a escala padrão (dígitos depois do ponto decimal) para 20 e adiciona várias funções matemáticas adicionais para o idioma.
bc apareceu pela primeira vez na versão 6 Unix em 1975, e foi escrito por Robert Morris e Lorinda_Cherry(en) do Bell Labs. Bc foi precedida por dc, uma calculadora de precisão arbitrária anteriormente escrita pelos mesmos autores. dc poderia fazer cálculos de precisão arbitrária, mas sua sintaxe reversa notação polonês era inconveniente para os usuários e, portanto, Bc foi escrito como um front-end para Dc. Bc foi um compilador muito simples (um único arquivo fonte yacc com algumas centenas de linhas) que converteu o novo C-like, sintaxe bc em notação polonês inversa da DC, e os resultados canalizada através dc.
Em 1991, POSIX rigorosamente definida e bc padronizado. Duas implementações deste padrão sobrevivem até hoje: O primeiro é a implementação tradicional Unix, um front-end para dc, que sobrevive em Unix e Plano 9 sistemas. O segundo é o software livre GNU bc, lançado pela primeira vez em 1991 por Philip A. Nelson. A implementação GNU tem inúmeras extensões além do padrão POSIX, e não é mais um front-end para a DC (que é um interpretador de bytecode).",Frontend
"Em informática, hacker (AFI: /ʁakɚɹ/ ˈhæk,ər) é um indivíduo","Em informática, hacker (AFI: /ʁakɚɹ/ ˈhæk,ər) é um indivíduo altamente dedicado a conhecer/modificar os aspectos mais internos de dispositivos tecnológicos, programas computacionais e, redes de computadores. Hackers podem ser motivados por uma infinidade de razões — como lucro, protesto, vaidade, curiosidade, patriotismo, espírito competitivo, coleta de informações, recreação ou para avaliar as vulnerabilidades do sistema e auxiliar na defesas contra invasões em potencial. Hackers que usam seu conhecimento para fins ilegais são chamados crackers. Um hacker frequentemente obtém soluções e efeitos extraordinários que extrapolam os limites do funcionamento ""normal"" dos sistemas, como previstos pelos seus criadores; incluindo, por exemplo, contornar as barreiras que deveriam impedir o controle de certos sistemas e conseguir acesso a certos dados confidenciais ou privados.
O termo ""háquer"" é importado da língua inglesa é aportuguesado como ráquer, ou traduzido como decifrador (termo introduzido no Brasil na década de 2000 por empresas de informática.) Os verbos ""hackear"" e ""raquear"" normalmente descrevem modificações/manipulações de sistemas computacionais, desde sistemas operacionais, softwares, bancos de dados e jogos eletrônicos
Muitos hackers compartilham informações e colaboram em projetos comuns, incluindo congressos de ativismo e ciberativismo, muitas vezes esses eventos são ligados com a criação de software livre, constituindo uma comunidade hacker com cultura, ideologia e motivações específicas. Outros trabalham para empresas, agências governamentais ou por conta própria. Hackers foram responsáveis por várias inovações importantes na computação, incluindo a linguagem de programação C e o sistema operacional Unix (Kernighan e Ritchie), o editor de texto emacs (Stallman), o sistema GNU/Linux (Stallman e Torvalds) e o indexador Google (Page e Brin). Hackers também revelaram muitas fragilidades em sistemas de criptografia e segurança, como urnas digitais (Gonggrijp e Haldeman), engenharia reversa, bloqueio de telefones celulares e etc. Compreender bem este assunto e essencial para quem atua ou estuda nesta area.",Ciberseguranca
A computação nativa em nuvem é uma abordagem no desenvolvime,"A computação nativa em nuvem é uma abordagem no desenvolvimento de software que utiliza a computação em nuvem para ""criar e executar aplicações escaláveis em ambientes modernos e dinâmicos, como nuvens públicas, privadas e híbridas "".   Essas tecnologias, como contêineres, microsserviços, computação sem servidor, processadores nativos para nuvem e infraestrutura imutável, implantadas por meio de código declarativo, são elementos comuns nesse estilo de arquitetura.   As tecnologias nativas em nuvem se concentram em minimizar a carga operacional dos usuários.  
Essas técnicas permitem sistemas com baixo acoplamento, que são resilientes, gerenciáveis e observáveis. Combinados com uma alta automação, eles permitem que os engenheiros façam alterações de alto impacto frequentemente e previsivelmente com o mínimo de esforço.
Frequentemente, os aplicativos nativos da nuvem são criados como um conjunto de microsserviços executados em contêineres compatíveis com a Open Container Initiative, como o Containerd, e podem ser orquestrados no Kubernetes e gerenciados e implantados usando fluxos de trabalho DevOps e Git CI  (embora haja uma grande quantidade de código aberto concorrente que oferece suporte ao desenvolvimento nativo para nuvem). A vantagem de usar contêineres é a capacidade de empacotar todo o software necessário para execução em um pacote executável. O contêiner é executado em um ambiente virtualizado, isolando o aplicativo de seu ambiente.",Cloud/Infra
Jogo em nuvem (em inglês cloud gaming) também chamado de jog,"Jogo em nuvem (em inglês cloud gaming) também chamado de jogo sob demanda (em inglês gaming on demand) é um conceito de jogo on-line utilizando computação em nuvem. Existem duas formas de jogo em nuvem, utilizando troca de arquivos ou em vídeo sob demanda.
O jogo em nuvem permite aos jogadores jogar em diversos dispositivos thin client independentemente do hardware que estiverem usando, pois todo o processamento é feito pelo servidor, o cliente apenas recebe as imagens do processamento e envia os botões de comando.",Cloud/Infra
"A crise do software foi um termo utilizado nos anos 1970, qu","A crise do software foi um termo utilizado nos anos 1970, quando a engenharia de software era praticamente inexistente. O termo expressava as dificuldades do desenvolvimento de software frente ao rápido crescimento da demanda por software, da complexidade dos problemas a serem resolvidos e da inexistência de técnicas estabelecidas para o desenvolvimento de sistemas que funcionassem adequadamente ou pudessem ser validados.
A noção da crise do software emergiu no final dos anos 60. Uma das primeiras e mais conhecidas referências ao termo foi feita por Edsger Dijkstra, na apresentação feita em 1972 na Association for Computing Machinery ao ser laureado com o Prêmio Turing, intitulada The Humble Programmer (EWD340) e publicada no periódico Communications of the ACM. O artigo pode ser encontrado em Edsger Dijkstra: The Humble Programmer (PDF, 473Kb).
As causas da crise do software estão ligadas a complexidade do processo de software e a relativa imaturidade da engenharia de software como profissão. A crise se manifesta de várias formas:

Projetos estourando o orçamento;
Projetos estourando o prazo;
Software de baixa qualidade;
Software muitas vezes não satisfaz os requisitos;
Projetos ingerenciáveis e código difícil de manter;
A maior parte dos projetos continuam com estes problemas ainda na atualidade, assim pode se dizer que a crise continua vigente ainda na atualidade.
As soluções para a crise de software:

Análise econômica de sistemas de informação;
O uso de melhores técnicas, métodos e ferramentas;
Interesse do governo em treinamentos e educação[carece de fontes?];
A mudança de paradigma sobre o que é desenvolver software e como deveria ser feito; Este conceito e amplamente utilizado e fundamental para profissionais da area.",QA
A engenharia de cibersegurança é uma disciplina tech que se ,"A engenharia de cibersegurança é uma disciplina tech que se concentra na proteção de sistemas, redes e dados contra ameaças cibernéticas. Essa área envolve a aplicação de princípios de engenharia para o design, implementação, manutenção e avaliação de sistemas seguros, garantindo a integridade, confidencialidade e disponibilidade da informação.
Com o aumento das ameaças digitais e a crescente dependência da tecnologia em todos os aspectos da vida moderna, a engenharia de cibersegurança tornou-se crucial para proteger indivíduos, organizações e nações contra uma variedade de riscos cibernéticos.",Ciberseguranca
"Software (pronúncia em inglês: ['sɔftwɛəɹ], pronúncia em por","Software (pronúncia em inglês: ['sɔftwɛəɹ], pronúncia em português: ['sóof-tu-er']) é uma coleção de programas que dizem a um computador como executar tarefas específicas. Isso contrasta com o hardware, a partir do qual o sistema é construído e que realmente executa o trabalho.
Software é o termo usado para se referir a uma sequência de instruções executadas em um dispositivo informático, como um computador ou máquina semelhante. Ele é um produto da engenharia de software e inclui não apenas o programa em si, mas também quaisquer documentações e especificações.
Um software é geralmente composto por diversas funções, bibliotecas e módulos que, ao final do desenvolvimento, formam um programa executável. Quando executado, esse programa recebe dados de entrada (input), processa as informações por meio de algoritmos ou sequências de instruções lógicas e gera uma saída (output) como resultado deste processamento.
A maioria dos softwares é escrita em linguagens de programação de alto nível, como Python, Java, JavaScript, TypeScript, C#, Go, PHP, Kotlin, Ruby, Dart, R, Swift, entre outras. Essas linguagens são mais fáceis e eficientes para os programadores, pois estão mais próximas das linguagens naturais do que do código de máquina. Elas são traduzidas para a linguagem de máquina por meio de um compilador, um interpretador ou uma combinação dos dois.
Softwares também podem ser escritos em linguagens de nível mais baixo, como Assembly. Além disso, linguagens como C, C++ e Rust, embora geralmente classificadas como de médio ou alto nível, são frequentemente usadas para programação de baixo nível devido ao seu controle direto sobre o hardware e à proximidade com a linguagem de máquina. As linguagens assembly, por sua vez, possuem uma forte correspondência com as instruções da CPU e são traduzidas para a linguagem de máquina usando um assembler.
Este produto passa por várias etapas como: análise econômica, análise de requisitos, especificação, codificação, teste, documentação, Treinamento, manutenção e implantação nos ambientes.
Para fins contabilísticos e financeiros, o software é considerado um bem de capital.",QA
"Slot é um termo em inglês para designar ranhura, fenda, cone","Slot é um termo em inglês para designar ranhura, fenda, conector, encaixe ou espaço. Sua função é ligar os periféricos ao barramento e suas",Cloud/Infra
"Kit de desenvolvimento de software, também conhecido como So","Kit de desenvolvimento de software, também conhecido como Software development kit, SDK ou ""devkit"", é tipicamente um conjunto de ferramentas de desenvolvimento de software que permite a criação de aplicativos para um certo pacote de software, framework, plataforma de hardware, sistema de computador, console de videogame, sistema operacional, ou plataforma de desenvolvimento similar. Para criar aplicativos, deve-se utilizar um kit de desenvolvimento de software específico, sendo geralmente acompanhadas de um Ambiente de desenvolvimento integrado. Este conceito e amplamente utilizado e fundamental para profissionais da area.",Backend
"Em ciência da computação, programador, desenvolvedor, codifi","Em ciência da computação, programador, desenvolvedor, codificador ou engenheiro de software é alguém que escreve, desenvolve ou faz a manutenção de software em um grande sistema ou alguém que desenvolve software para uso em computadores pessoais.",QA
Chia é uma criptomoeda em que a mineração é baseada na quant,"Chia é uma criptomoeda em que a mineração é baseada na quantidade de espaço de armazenamento no disco rígido dedicado a ela, em vez de poder de processamento, como acontece com as criptomoedas de Prova de Trabalho como Bitcoin. A plataforma foi criada por uma empresa chamada Chia Network, que teve uma avaliação de 500 milhões de dólares em uma rodada de investimentos recente e afirma ter como objetivo um IPO antes do final de 2021.",Blockchain
A computação nativa em nuvem é uma abordagem no desenvolvime,"A computação nativa em nuvem é uma abordagem no desenvolvimento de software que utiliza a computação em nuvem para ""criar e executar aplicações escaláveis em ambientes modernos e dinâmicos, como nuvens públicas, privadas e híbridas "".   Essas tecnologias, como contêineres, microsserviços, computação sem servidor, processadores nativos para nuvem e infraestrutura imutável, implantadas por meio de código declarativo, são elementos comuns nesse estilo de arquitetura.   As tecnologias nativas em nuvem se concentram em minimizar a carga operacional dos usuários.  
Essas técnicas permitem sistemas com baixo acoplamento, que são resilientes, gerenciáveis e observáveis. Combinados com uma alta automação, eles permitem que os engenheiros façam alterações de alto impacto frequentemente e previsivelmente com o mínimo de esforço.
Frequentemente, os aplicativos nativos da nuvem são criados como um conjunto de microsserviços executados em contêineres compatíveis com a Open Container Initiative, como o Containerd, e podem ser orquestrados no Kubernetes e gerenciados e implantados usando fluxos de trabalho DevOps e Git CI  (embora haja uma grande quantidade de código aberto concorrente que oferece suporte ao desenvolvimento nativo para nuvem). A vantagem de usar contêineres é a capacidade de empacotar todo o software necessário para execução em um pacote executável. O contêiner é executado em um ambiente virtualizado, isolando o aplicativo de seu ambiente.",DevOps
A computação nativa em nuvem é uma abordagem no desenvolvime,"A computação nativa em nuvem é uma abordagem no desenvolvimento de software que utiliza a computação em nuvem para ""criar e executar aplicações escaláveis em ambientes modernos e dinâmicos, como nuvens públicas, privadas e híbridas "".   Essas tecnologias, como contêineres, microsserviços, computação sem servidor, processadores nativos para nuvem e infraestrutura imutável, implantadas por meio de código declarativo, são elementos comuns nesse estilo de arquitetura.   As tecnologias nativas em nuvem se concentram em minimizar a carga operacional dos usuários.  
Essas técnicas permitem sistemas com baixo acoplamento, que são resilientes, gerenciáveis e observáveis. Combinados com uma alta automação, eles permitem que os engenheiros façam alterações de alto impacto frequentemente e previsivelmente com o mínimo de esforço.
Frequentemente, os aplicativos nativos da nuvem são criados como um conjunto de microsserviços executados em contêineres compatíveis com a Open Container Initiative, como o Containerd, e podem ser orquestrados no Kubernetes e gerenciados e implantados usando fluxos de trabalho DevOps e Git CI  (embora haja uma grande quantidade de código aberto concorrente que oferece suporte ao desenvolvimento nativo para nuvem). A vantagem de usar contêineres é a capacidade de empacotar todo o software necessário para execução em um pacote executável. O contêiner é executado em um ambiente virtualizado, isolando o aplicativo de seu ambiente. Dominar este conhecimento diferencia profissionais em qualquer segmento do mercado.",Cloud/Infra
O aprendizado automático (português brasileiro) ou  a aprend,"O aprendizado automático (português brasileiro) ou a aprendizagem automática (português europeu) ou também aprendizado de máquina (português brasileiro) ou aprendizagem de máquina (português europeu) (em inglês: machine learning) é um subcampo da Engenharia e da ciência da computação que evoluiu do estudo de reconhecimento de padrões e da teoria do aprendizado computacional em inteligência artificial. Em 1959, Arthur Samuel definiu aprendizado de máquina como o ""campo de estudo que dá aos computadores a habilidade de aprender sem serem explicitamente programados""(livre tradução). O aprendizado automático explora o estudo e construção de algoritmos que podem aprender de seus erros e fazer previsões sobre dados. Tais algoritmos operam construindo um modelo a partir de inputs amostrais a fim de fazer previsões ou decisões guiadas pelos dados ao invés de simplesmente seguindo inflexíveis e estáticas instruções programadas. Enquanto que na inteligência artificial existem dois tipos de raciocínio (o indutivo, que extrai regras e padrões de grandes conjuntos de dados, e o dedutivo), o aprendizado de máquina só se preocupa com o indutivo. Algumas partes do aprendizado automático estão intimamente ligadas (e muitas vezes sobrepostas) à estatística computacional; uma disciplina que foca em como fazer previsões através do uso de computadores, com pesquisas focando nas propriedades dos métodos estatísticos e sua complexidade computacional. Ela tem fortes laços com a",Dados
Ethereum é uma plataforma descentralizada capaz de executar ,"Ethereum é uma plataforma descentralizada capaz de executar contratos inteligentes e aplicações descentralizadas usando a tecnologia blockchain. São aplicações que funcionam exatamente como programadas sem qualquer possibilidade de censura, fraude ou interferência de terceiros, isso porque o contrato é imutável. Ele possui uma máquina virtual descentralizada Turing completa, a Ethereum Virtual Machine (EVM), que pode executar scripts usando uma rede internacional de nós públicos. O Ethereum foi fundado por Vitalik Buterin em janeiro de 2014, e formalmente apresentado",Blockchain
"Edge computing (em português, computação de borda) é um mode","Edge computing (em português, computação de borda) é um modelo de computação distribuída que aproxima a computação e o armazenamento de dados das fontes de dados. De forma mais ampla, refere-se a qualquer design que empurre a computação fisicamente para mais perto de um usuário, a fim de reduzir a latência em comparação a quando uma aplicação é executada em um data center centralizado.
O termo começou a ser usado na década de 1990 para descrever redes de entrega de conteúdo (CDNs) — estas eram usadas para entregar conteúdo de sites e vídeos a partir de servidores localizados próximos aos usuários. No início dos anos 2000, esses sistemas expandiram seu escopo para hospedar outras aplicações, levando aos primeiros serviços de computação de borda. Esses serviços podiam realizar tarefas como localizar revendedores, gerenciar carrinhos de compras, coletar dados em tempo real e inserir anúncios.
A Internet das coisas (IoT), onde dispositivos estão conectados à Internet, é frequentemente associada à computação de borda.",DevOps
Gcov é uma ferramenta de análise de cobertura de código font,"Gcov é uma ferramenta de análise de cobertura de código fonte e de criação de perfil por instruções passo-a-passo. Gcov gera contagens exatas do número de vezes que cada instrução em um programa é executada e anota o código-fonte para adicionar instrumentação. Gcov vem como um utilitário padrão com o pacote GNU Compiler Collection (GCC).
O utilitário gcov fornece informações sobre a frequência com que um programa executa segmentos de código. Ele produz uma cópia do arquivo fonte, anotado com as frequências de execução. O utilitário gcov não produz quaisquer dados baseados em tempo, e só funciona em código compilado com o pacote GCC. O manual afirma que ele não é compatível com qualquer outro perfil ou mecanismo de cobertura de testes, mas ele funciona também com arquivos gerados pelo llvm. Este conceito e amplamente utilizado e fundamental para profissionais da area.",QA
"Em desenvolvimento de software, modelo cliente-servidor (em ","Em desenvolvimento de software, modelo cliente-servidor (em inglês client-server model) é um padrão de mensagem de aplicação distribuída que distribui as tarefas e cargas de trabalho entre os fornecedores de um recurso ou serviço, designados como servidores, e os requerentes dos serviços, designados como clientes. Geralmente os clientes e servidores comunicam através de uma rede de computadores em computadores distintos, mas tanto o cliente quanto o servidor podem residir no mesmo computador. Um servidor é um host que",Backend
"Uma placa de rede (também chamada adaptador de rede ou NIC, ","Uma placa de rede (também chamada adaptador de rede ou NIC, sigla de Network Interface Card, em inglês) é um dispositivo de hardware responsável pela comunicação de um computador em uma rede de computadores.
A placa de rede controla o envio e recebimento de dados de um computador conectado a uma rede, através de ondas eletromagnéticas (Wi-Fi), cabos metálicos ou cabos de fibra óptica. Cada arquitetura de rede pode exigir um tipo específico de placa de rede, como as redes em anel do tipo Token Ring e as redes Ethernet.
Além da arquitetura usada, as placas de rede à venda no mercado diferenciam-se também pela taxa de transmissão, cabos suportados e barramento utilizado (PCI, PCI Express, USB ou Thunderbolt (interface)). Com o avanço da padronização e da miniaturização de componentes eletrônicos, as placas de rede passaram a se tornar peça integrada da placa-mãe dos computadores mais modernos, algumas vezes soldadas diretamente ou conectadas através de um conector Mini-PCIe discreto. Alguns computadores modernos já saem de fábrica sem placa de rede cabeada, limitando-se à conexões sem fios. Dessa forma, placas de rede dedicadas, como as com conector PCI, tornaram-se um item restrito aos datacenters e servidores.
Quanto à taxa de transmissão, temos placas Ethernet variando de 10 Mbps a 10 Gbps (10000 Mbps). Placas Ethernet de 10 Mbps requerem cabos de par trançado de categoria 3 ou 5, ou então cabos coaxiais. Já para uma placa a partir de 100 Mbps, o requisito mínimo a nível de cabeamento são cabos de par trançado blindados nível 5. Placas compatíveis com o padrão InfiniBand suportam velocidades de até 200 Gbps e requerem um cabeamento especial de fibra óptica. 
Placas que trazem encaixes para mais de um tipo de cabo são chamadas placas combo. A existência de 2 ou 3 conectores serve apenas para assegurar a compatibilidade da placa com vários cabos de rede diferentes. Esta funcionalidade, porém, tornou-se obsoleta e é pouco vista em placas mais recentes, dada a ubiquidade do padrão RJ45 e as redes Ethernet.",Cloud/Infra
"Em desenvolvimento de software, modelo cliente-servidor (em ","Em desenvolvimento de software, modelo cliente-servidor (em inglês client-server model) é um padrão de mensagem de aplicação distribuída que distribui as tarefas e cargas de trabalho entre os fornecedores de um recurso ou serviço, designados como servidores, e os requerentes dos serviços, designados como clientes.
Geralmente os clientes e servidores comunicam através de uma rede de computadores em computadores distintos, mas tanto o cliente quanto o servidor podem residir no mesmo computador.
Um servidor é um host que está executando um ou mais serviços ou programas que compartilham recursos com os clientes. Um cliente não compartilha qualquer de seus recursos, mas solicita um conteúdo ou função do servidor. Os clientes iniciam sessões de comunicação com os servidores que aguardam requisições de entrada.
O modelo cliente-servidor foi desenvolvido na Xerox PARC durante os anos 70. Este modelo é actualmente o predominante nas redes informáticas. Email, a World Wide Web e redes de impressão são exemplos comuns deste modelo. Este conceito e amplamente utilizado e fundamental para profissionais da area.",Backend
Modelar significa criar um modelo que explique as caracterís,"Modelar significa criar um modelo que explique as características de funcionamento e comportamento de um software a partir do qual ele será criado, facilitando seu entendimento e seu projeto, através das características principais que evitarão erros de programação, projeto e funcionamento. É uma parte importante do desenho de um sistema de informação.
Os modelos de dados são ferramentas que permitem demonstrar como serão construídas as estruturas de dados que darão suporte aos processos de negócio, como esses dados estarão organizados e quais os relacionamentos que pretendemos estabelecer entre eles.
A abordagem que se dispensa ao assunto normalmente atende a três perspectivas:

Modelagem Conceitual: é usada como representação de alto nível e considera exclusivamente o ponto de vista do usuário criador dos dados;
Modelagem Lógica: agrega mais alguns detalhes de implementação.
Modelagem Física: demonstra como os dados são fisicamente armazenados.
Quanto ao objetivo, podemos identificar as seguintes variações:

modelagem de dados entidade-relacionamento (leitura, construção e validação dos modelos);
modelagem de relacionamentos complexos, grupos de dados lógicos e ciclo de vida das entidades;
modelagem de dados corporativa;
modelagem de dados distribuídos (cliente/servidor);
modelagem e reengenharia de dados legados e
modelagem de dados para Data Warehouse.
O banco de dados é utilizado para guardar informações.
O banco de dados é feito para ajudar as pessoas Este conceito e amplamente utilizado e fundamental para profissionais da area.",Dados
Qt (oficialmente pronunciado como a palavra inglesa cute ) é,"Qt (oficialmente pronunciado como a palavra inglesa cute ) é um framework multiplataforma para desenvolvimento de interfaces gráficas em C++ criado pela empresa norueguesa Trolltech. Com ele é possível desenvolver aplicativos e bibliotecas uma única vez e compilá-los para diversas plataformas sem que seja necessário alterar o código fonte.
Qt é utilizado largamente no ambiente desktop KDE e na antiga plataforma para dispositivos móveis da Nokia, Maemo (também livre), além do BlackBerry 10 e diversos softwares conhecidos e outros internos por grandes empresas não só da área de tecnologia como Google, HP e Adobe, mas também dos mais variados setores como Disney, DreamWorks SKG, Lucasfilm, Siemens, Volvo, NASA, ESA, Philips, Samsung e Panasonic.
Qt é mantido pelo Qt Project, uma iniciativa de software livre envolvendo desenvolvedores individuais e provenientes de empresas como Nokia, Digia e outras. Antes do lançamento do Qt Project, era desenvolvido pela divisão da Nokia Qt Development Frameworks, da empresa Norueguesa Trolltech, a desenvolvedora original do Qt. Em fevereiro de 2011 a Nokia anunciou sua decisão de abandonar as tecnologias baseadas no Symbian e usar tecnologias da Microsoft em seus aparelhos. Logo após foi anunciado que a Digia, uma empresa finlandesa de softwares corporativos e uma das principais usuárias e colaboradoras do Qt, iria assumir o licenciamento comercial e serviços de suporte do Qt. Em agosto de 2012 um anúncio foi realizado que a Digia iria assumir todo desenvolvimento do Qt já que a Nokia não teria mais qualquer interesse no framework. Antes da aquisição a Nokia já preparava o lançamento do Qt 5, uma versão completamente reestruturada. Compreender bem este assunto e essencial para quem atua ou estuda nesta area.",Backend
Tecnologias da informação e comunicação (TIC) é um termo ext,"Tecnologias da informação e comunicação (TIC) é um termo extensivo das áreas da Informática e da Ciência da Computação para a Tecnologia da Informação (TI) que enfatiza o papel das comunicações unificadas (UC) e a integração das telecomunicações (linhas telefónicas e sinais sem fios) e dos computadores, bem como o software necessário, middleware, armazenamento de dados, multimédia e audiovisual, que permitem aos utilizadores (usuários) aceder, armazenar, transmitir, compreender e manipular informação (tecnologia digital comprimida). As TIC são também utilizadas para se referir à convergência (triple play) das Redes de Computadores com as redes audiovisuais e telefónicas através de uma Arquitetura de Computadores com uma única cablagem ou sistema de ligação (link system). Existem grandes incentivos económicos para fundir o sistema de redes informáticas com as redes telefónicas utilizando um único sistema unificado de cablagem, distribuição de sinal digital e sistema de informação de gestão (SIG). TIC é um termo abrangente da área da Informática que inclui qualquer dispositivo de comunicação, abrangendo rádio, televisão, telemóvel (celular), hardware de computador e de rede de computadores, sistemas de satélite de dados e assim por diante, bem como os vários serviços e aparelhos que os acompanham, como, por exemplo, a videoconferência e a educação à distância (EaD). As TIC incluem também a tecnologia analógica, como a comunicação em formato de papel, e os restantes modos de transmissão de comunicação. As TIC são um tema vasto e os seus conceitos estão em permanente evolução. Abrange todos os produtos capazes de armazenar, recuperar, manipular, processar, transmitir ou receber informações eletronicamente em formato digital (por exemplo, computadores pessoais, incluindo smartphones, televisão digital, e-mail ou robôs). O Quadro de Competências para a Era da Informação (Skills Framework for the Information Age) é um dos muitos modelos para descrever e",Ciberseguranca
A revolução tecnológica do século XXI possibilitou variadas ,"A revolução tecnológica do século XXI possibilitou variadas mudanças no mundo, como por exemplo, a constante utilização do termo Blockchain para indicar o servidor central de chaves criptografadas, possibilitando o surgimento de moedas virtuais como por exemplo o Bitcoin criado em 2008 por Satoshi Nakamoto, com seu valor comparado com o poder de computação das transações por um minerador (computador), beneficiando  não apenas no mundo das moedas virtuais, mas também nas indústrias, governos e comunidades. Os principais sistemas blockchain corporativos, dependem diretamente das chaves dos participantes. A conexão é estabelecida com o objetivo de compartilhar dados da maneira mais segura e isso garante o crescente interesse do setor financeiro que busca mais agilidade,  transparência e principalmente confiabilidade nas suas aplicações.
A busca por essa nova tecnologia teve um crescente aumento quando tornou-se evidente que ela poderia ser utilizada para transferências de qualquer meio digital, possibilitando documentar essas transferências, garantir direitos através de contratos inteligentes e realizar registros de posse de propriedade física e intelectual. Ela, portanto, vem possibilitando a organização e a informatização de processos que antes demandavam um trabalho complexo e intensivo, fazendo eles operarem de maneira mais econômica e mais rápida.[carece de fontes?]",Blockchain
"Uma estrutura de dados (ED), em ciência da computação, é uma","Uma estrutura de dados (ED), em ciência da computação, é uma coleção tanto de valores (e seus relacionamentos) quanto de operações (sobre os valores e estruturas decorrentes). É uma implementação concreta de um tipo abstrato de dado (TAD) ou um tipo de dado (TD) básico ou primitivo. Assim, o termo ED pode ser considerado sinônimo de TD, se considerado TAD um hipônimo de TD, isto é, se um TAD for um TD.
Critérios para escolha e estudo de uma estrutura de dados incluem eficiência para buscas e padrões específicos de acesso, necessidades especiais para manejo de grandes volumes (veja big data), ou a simplicidade de implementação e uso. Ou seja, EDs eficientes são cruciais para a elaboração de algoritmos, diversas linguagens possuem ênfase nas EDs, como evidenciado pela POO, e aplicações distintas usufruem de ou requerem EDs específicas (e.g. um compilador usa uma tabela de dispersão para identificadores e namespaces, enquanto uma Árvore B ou Árvore AA é apropriada para acessos randômicos).
Em termos de EDs, os TDs e TADs são definidos indiretamente pelas operações e usos, e propriedades destas operações e usos: e.g. o custo computacional e o espaço que pode representar e ocupa na memória. Compreender bem este assunto e essencial para quem atua ou estuda nesta area.",Dados
A segurança da informação (SI) está diretamente relacionada ,"A segurança da informação (SI) está diretamente relacionada com proteção de um conjunto de informações, no sentido de preservar o valor que possuem para um indivíduo ou uma organização. São propriedades básicas da segurança da informação: confidencialidade, integridade, disponibilidade, autenticidade e legalidade.
A SI não está restrita somente a sistemas computacionais, informações eletrônicas ou sistemas de armazenamento. O conceito aplica-se a todos os aspectos de proteção de informações e dados. O conceito de Segurança Informática ou Segurança de Computadores está intimamente relacionado com o de Segurança da Informação, incluindo não apenas a segurança dos dados/informação, mas em si o sistema.
Atualmente o conceito de Segurança da Informação está padronizado pela norma ISO/IEC 17799:2005, influenciada pelo padrão inglês (British Standard) BS 7799. A norma técnica de segurança da informação em vigor é: ABNT NBR ISO/IEC 27002:2013",Ciberseguranca
A tecnologia da informação (abreviado TI) é um conjunto de r,"A tecnologia da informação (abreviado TI) é um conjunto de recursos utilizados para criar, processar, armazenar, recuperar e trocar dados e informações; um processo que faz parte das tecnologias da informação e comunicação (TIC). Um sistema de tecnologia da informação (sistema de TI) é geralmente um sistema de informação, um sistema de comunicação ou, mais especificamente falando, um sistema computacional – incluindo todo o hardware, software e, equipamentos periféricos — operado por um grupo limitado de usuários de TI que faz o tratamento de dados (estatística, relatório e, decisão). Embora os humanos estejam armazenando, recuperando, manipulando e comunicando informações desde que os primeiros sistemas de escrita foram desenvolvidos, o termo tecnologia da informação em seu sentido moderno apareceu pela primeira vez em um artigo de 1958 publicado na Harvard Business Review como information technology; os autores Harold J. Leavitt e Thomas L. Whisler comentaram que ""a nova tecnologia ainda não tem um único nome estabelecido. Vamos chamá-la de tecnologia da informação (TI)"". Sua definição consiste em três categorias: técnicas de processamento, aplicação",Ciberseguranca
Segurança de computadores ou cibersegurança é a proteção de ,"Segurança de computadores ou cibersegurança é a proteção de sistemas de computador contra roubo ou danos ao hardware, software ou dados eletrônicos, bem como a interrupção ou desorientação dos serviços que fornecem. O campo está crescendo em importância devido à crescente dependência de sistemas de computadores, internet e redes sem fio, como Bluetooth e Wi-Fi, e devido ao crescimento de dispositivos ""inteligentes"", incluindo smartphones, televisores e vários dispositivos pequenos que constituem a internet das coisas. Devido à sua complexidade, tanto em termos de política quanto de tecnologia, é também um dos maiores desafios do mundo contemporâneo.",Ciberseguranca
Jogo em nuvem (em inglês cloud gaming) também chamado de jog,"Jogo em nuvem (em inglês cloud gaming) também chamado de jogo sob demanda (em inglês gaming on demand) é um conceito de jogo on-line utilizando computação em nuvem. Existem duas formas de jogo em nuvem, utilizando troca de arquivos ou em vídeo",Cloud/Infra
"SegWit ou Segregated Witness (Testemunha Segregada), é uma p","SegWit ou Segregated Witness (Testemunha Segregada), é uma proposta de mudança nas regras do software que rege o protocolo Bitcoin. Teve como objetivo sanar os problemas relacionados a maleabilidade de transações,aumentar a capacidade máxima do bloco e implementar recursos necessários para o suporte a outras aplicações como a Lightning Network (Rede Relâmpago). SegWit se caracteriza como um Soft Fork, isto é, um enrijecimento das regras do protocolo que leva a uma retrocompatibilidade com os antigos blocos da rede. Logo, ao contrário dos Hard Forks, seu ativamento não provoca a criação de uma nova blockchain. Sua ativação foi resultado de um consenso entre os usuários na rede Bitcoin, sendo necessário mais de 95% de aprovação da comunidade pela mudança. No dia 24 de Agosto de 2017, o SegWit foi ativado na rede principal do Bitcoin.",Blockchain
Chia é uma criptomoeda em que a mineração é baseada na quant,"Chia é uma criptomoeda em que a mineração é baseada na quantidade de espaço de armazenamento no disco rígido dedicado a ela, em vez de poder de processamento, como acontece com as criptomoedas de Prova de Trabalho como",Blockchain
"Em fevereiro de 2024, uma porta dos fundos maliciosa foi int","Em fevereiro de 2024, uma porta dos fundos maliciosa foi introduzida na compilação para Linux do utilitário XZ Utils, dentro da biblioteca liblzma, nas versões 5.6.0 e 5.6.1, por uma conta que usava o nome ""Jia Tan"". A porta dos fundos permite que um atacante que possua uma chave privada Ed448 específica execute execução remota de código por meio do OpenSSH no sistema Linux afetado. O problema recebeu o identificador Common Vulnerabilities and Exposures CVE-2024-3094 e obteve uma pontuação CVSS de 10.0, a pontuação máxima possível.
Embora o xz esteja normalmente presente na maioria das distribuições Linux, no momento da descoberta a versão comprometida ainda não havia sido amplamente implantada em sistemas de produção, mas estava presente em versões de desenvolvimento de grandes distribuições. A porta dos fundos foi descoberta pelo programador Andres Freund, que anunciou as suas conclusões em 29 de março de 2024. Este tema continua relevante e se mantem como base para estudos avancados.",DevOps
Unified Modeling Language (em português:  Linguagem de Model,"Unified Modeling Language (em português:  Linguagem de Modelagem Unificada), abreviado como UML, é uma linguagem de modelagem de uso padrão que busca fornecer uma padronização da estrutura de um sistema.
A UML fornece uma notação padrão para muitos tipos de diagramas que podem ser divididos em três grupos principais: diagramas de comportamento, diagramas de interação e diagramas de estrutura.
A criação da UML foi originalmente motivada pelo desejo de padronizar os distintos sistemas notacionais e abordagens de projeto de software. Ela foi desenvolvida pela empresa Rational Software entre 1994 e 1995, com mais funções adicionadas por eles até 1996.
Em 1997, a UML foi adotada como padrão pela Object Management Group (OMG) e vem sendo gerida por essa organização desde então. Em 2005, a UML também foi publicada pela Organização Internacional de Normalização (ISO) e pela Comissão Eletrotécnica Internacional (IEC) como a norma ISO/IEC 19501. Desde então, o padrão tem sido periodicamente revisado para abranger as versões mais recentes da UML.
A UML é adequada para a modelagem de sistemas de software, cuja abrangência inclui desde sistemas de informação corporativos a serem distribuídos a aplicações baseadas na web e até em sistemas complexos embutidos de tempo real. É uma linguagem muito expressiva, abrangendo todas as visões necessárias ao desenvolvimento e implantação desses sistemas. No entanto, algumas pesquisas apontam que a maioria dos profissionais em engenharia de software não utiliza UML formalmente, preferindo produzir diagramas informais feitos à mão, ainda que usando alguns elementos da linguagem.",QA
Ethereum é uma plataforma descentralizada capaz de executar ,"Ethereum é uma plataforma descentralizada capaz de executar contratos inteligentes e aplicações descentralizadas usando a tecnologia blockchain. São aplicações que funcionam exatamente como programadas sem qualquer possibilidade de censura, fraude ou interferência de terceiros, isso porque o contrato é imutável. Ele possui uma máquina virtual descentralizada Turing completa, a Ethereum Virtual Machine (EVM), que pode executar scripts usando uma rede internacional de nós públicos.
O Ethereum foi fundado por Vitalik Buterin em janeiro de 2014, e formalmente apresentado para a comunidade na forma de um white paper. A definição formal da Virtual Machine do Ethereum (EVM) foi escrito por Gavin Wood.
O Ethereum foi financiado como um projeto de crowdfunding, o terceiro maior projeto já financiado desta forma na história, e foi lançado em 30 de julho de 2015.
Em 2016 ocorreu um fork no Ethereum e seu blockchain foi dividido em dois graças ao colapso do projeto The DAO, e com isso nasceu o Ethereum Classic. Este tema continua relevante e se mantem como base para estudos avancados.",Blockchain
Uma base de dados na nuvem é uma base de dados que normalmen,"Uma base de dados na nuvem é uma base de dados que normalmente é executada em uma plataforma de computação na nuvem e o acesso à base de dados é fornecido como um serviço. Existem dois modelos comuns de implantação: os utilizadores podem executar a base de dados na nuvem de forma independente, usando uma imagem de máquina virtual, ou podem adquirir acesso a um serviço de base de dados, mantido por um provedor de base de dados na nuvem. Das base de dados disponíveis na nuvem, algumas são baseadas em SQL e outras usam um modelo de dados NoSQL.
Os serviços de base de dados cuidam da escalabilidade e da alta disponibilidade da base de dados. Os serviços de base de dados tornam a pilha de software subjacente transparente para o utilizador.",Cloud/Infra
O teste de mutação (ou análise de mutação ou mutação de prog,"O teste de mutação (ou análise de mutação ou mutação de programa) é um sistema usado para projetar novos testes de software e avaliar a qualidade dos testes de software existentes. O teste de mutação envolve a modificação de um programa em pequenas maneiras. Cada versão mutada é chamada de mutante e os testes detectam e rejeitam mutantes, fazendo com que o comportamento da versão original seja diferente do mutante. Isso é chamado de matar o mutante. O objetivo é ajudar o testador a desenvolver testes eficazes ou localizar pontos fracos nos dados de teste usados para o programa ou em seções do código que raramente ou nunca são acessadas durante a execução. O teste de mutação é uma forma de teste de caixa-branca .",QA
A engenharia de cibersegurança é uma disciplina tech que se ,"A engenharia de cibersegurança é uma disciplina tech que se concentra na proteção de sistemas, redes e dados contra ameaças cibernéticas. Essa área envolve a aplicação de princípios de engenharia para o design, implementação, manutenção e avaliação de sistemas seguros, garantindo a",Cloud/Infra
A literacia informática é um termo da área disciplinar da In,"A literacia informática é um termo da área disciplinar da Informática que designa o conhecimento e a capacidade de utilizar computadores e as suas tecnologias associadas de forma eficiente, e que abrange uma gama de competências, que vão desde a utilização elementar até à Programação de Computadores, ao Pensamento Computacional e à resolução avançada de Problemas Computacionais. Integra a área científica da Informática, juntamente com a Ciência da Computação e a Tecnologia da Informação (TI), sendo que a sua docência e a sua investigação compete aos professores com prévia graduação superior na área da Informática e Ciência da Computação e mestrado nesta área específica da Educação informática e computacional. A literacia informática também pode referir-se ao nível de conforto que alguém tem ao utilizar programas e aplicações de computador. Outro componente valioso é compreender como os computadores funcionam e operam. A literacia informática pode ser diferenciada da programação de computadores, que se centra principalmente no design e na codificação de programas de computador, em vez da familiaridade e habilidade na sua utilização. Vários países, incluindo o Reino Unido e os Estados Unidos, criaram iniciativas para melhorar as taxas nacionais de literacia informática. Este conceito e amplamente utilizado e fundamental para profissionais da area.",Backend
"O ciclo de vida de desenvolvimento de sistemas (CVDS), do in","O ciclo de vida de desenvolvimento de sistemas (CVDS), do inglês systems development life cycle (SDLC), é, em engenharia de sistemas, sistemas de informação e engenharia de software, um processo de criação ou alteração de sistemas de informação, bem como os modelos e metodologias que as pessoas utilizam para desenvolver esses sistemas. Em engenharia da computação, o conceito de CVDS sustenta muitos tipos de metodologias de desenvolvimento de software. Essas metodologias formam a estrutura (framework) para o planejamento e controle da criação de um sistema de informação: o processo de desenvolvimento de software.
O CVDS é utilizado por um analista de sistemas para desenvolver um sistema de informação. Visa produzir um sistema de alta qualidade que atenda ou exceda as expectativas do cliente, seja concluído dentro do tempo e dos custos estimados, funcione de forma eficaz e eficiente na infraestrutura de tecnologia da informação atual e planejada, e tenha baixo custo de manutenção.
Os sistemas de computadores são complexos e frequentemente integram múltiplos sistemas tradicionais fornecidos por diferentes fornecedores de software. Para gerenciar esse nível de complexidade, uma série de modelos ou metodologias de CVDS foram criadas ao longo das décadas, como o modelo em cascata, espiral, desenvolvimento ágil, prototipagem rápida, incremental e o modelo ""sincronizar e estabilizar"".
Com a ascensão da inteligência artificial generativa e dos agentes de IA entre 2023 e 2026, o CVDS passou por uma transformação profunda: sistemas autônomos de IA passaram a ser integrados a cada fase do ciclo de desenvolvimento, originando o paradigma do CVDS aumentado por IA (Agentic SDLC).",DevOps
SAP Cloud Infrastructure é uma plataforma de computação em n,"SAP Cloud Infrastructure é uma plataforma de computação em nuvem do tipo infraestrutura como serviço (IaaS) operada pela SAP SE. A SAP utiliza-a para os seus serviços de nuvem e para implementações destinadas a clientes, incluindo cargas de trabalho SAP e não-SAP. A SAP desenvolve e opera a SAP Cloud",DevOps
Bytecoin (símbolo de ticker BCN) é a primeira criptomoeda ba,"Bytecoin (símbolo de ticker BCN) é a primeira criptomoeda baseada no protocolo CryptoNote, com código aberto e projetada para a realização de transações anônimas, protegendo a privacidade das partes envolvidas em uma transação.
Seu desenvolvimento não tem relação direta com o Bitcoin ou algum de seus forks, pois trata-se de um projeto inteiramente novo que foi baseado unicamente na tecnologia de assinatura em anel, desenvolvida para ocultar a origem dos recursos, impedindo seu rastreamento por quem quer que seja Compreender bem este assunto e essencial para quem atua ou estuda nesta area.",Blockchain
"Uma estrutura de dados (ED), em ciência da computação, é uma","Uma estrutura de dados (ED), em ciência da computação, é uma coleção tanto de valores (e seus relacionamentos) quanto de operações (sobre os valores e estruturas decorrentes). É uma implementação concreta de um tipo abstrato de dado (TAD) ou um tipo de dado (TD) básico ou primitivo. Assim, o termo ED pode ser considerado sinônimo de TD, se considerado TAD um hipônimo de TD, isto é, se um TAD for um TD. Critérios para escolha e estudo de uma estrutura de dados incluem eficiência para buscas e padrões específicos de acesso, necessidades especiais para manejo de grandes volumes",Dados
"No campo de redes, a área de segurança de rede consiste na p","No campo de redes, a área de segurança de rede consiste na provisão de políticas, diretrizes e regras adotadas pelo administrador de rede para prevenir e monitorar acesso não autorizado, uso incorreto, modificação ou negação de serviços em uma rede de computadores e seus recursos associados. Como o nome sugere, segurança de rede visa tornar redes seguras, protegendo seus recursos e supervisionando as suas operações. A maneira mais comum e simples de proteger recursos de rede é a autorização de acesso controlada pelo administrador de rede por meio de uma identificação e uma senha, ou outra forma de autenticação, que permite que o usuário acesse os dados e programas autorizados para o seu perfil. Segurança de rede é aplicada a uma variedade de redes de computadores, tanto públicas quanto privadas, que são utilizadas em transações e comunicações entre empresas, organizações, instituições, agências governamentais e indivíduos. Compreender bem este assunto e essencial para quem atua ou estuda nesta area.",Ciberseguranca
Refatoração (do inglês refactoring) é o processo de modifica,"Refatoração (do inglês refactoring) é o processo de modificar um sistema de software para melhorar a estrutura interna do código sem alterar seu comportamento externo.
O uso desta técnica aprimora a concepção (design) de um software e evita a deterioração tão comum durante o ciclo de vida de um código. Esta deterioração é geralmente causada por mudanças com objetivos de curto prazo ou por alterações realizadas sem a clara compreensão da concepção do sistema.
Outra consequência é a melhora no entendimento do código, o que facilita a manutenção e evita a inclusão de defeitos. Esta melhora no entendimento vem da constante alteração do código com objetivo de facilitar a comunicação de motivações, intenções e objetivos por parte do programador.
É fundamental que o sistema de software possua testes automatizados para realizar refatoração. Desta forma, será possível garantir que o comportamento externo não foi alterado.
O livro mais importante sobre refatoração é Refactoring: Improving the Design of Existing Code (ISBN 0-201-48567-2) de Martin Fowler, onde são explicados os conceitos, motivações e uma série de refatorações descritas passo a passo.
Programação extrema tem refatoração como uma de suas práticas.",QA
Desenvolvimento Ágil de Software (em inglês: Agile software ,"Desenvolvimento Ágil de Software (em inglês: Agile software development) ou Método ágil é uma disciplina que estuda um conjunto de comportamentos, processos, práticas e ferramentas utilizados para a criação de produtos (geralmente de, mas não limitados a, software) e sua subsequente disponibilização para os usuários finais. Uma abordagem onde produtos são desenvolvidos colaborativamente com equipes multidisciplinar baseado na criatividade e na flexibilização, muito usado atualmente por gestores de várias áreas devido o mercado exigir mais agilidade. As metodologias e frameworks que fazem parte do conceito de desenvolvimento ágil (como o Scrum, por exemplo) providenciam uma estrutura conceitual para conduzir projetos de engenharia de software. Métodos ágeis também enfatizam o software funcional como uma medida primária de progresso. Combinado com a comunicação cara-a-cara, métodos ágeis produzem pouca documentação em relação a outros métodos, sendo este um dos pontos que podem ser considerados negativos. Existem inúmeros frameworks de processos para desenvolvimento de software. A maioria dos métodos ágeis tenta minimizar o risco pelo desenvolvimento do software em curtos períodos, chamados de iteração, os",QA
"Edge computing (em português, computação de borda) é um mode","Edge computing (em português, computação de borda) é um modelo de computação distribuída que aproxima a computação e o armazenamento de dados das fontes de dados. De forma mais ampla, refere-se a qualquer design que empurre a computação fisicamente para mais perto de um usuário, a fim de reduzir a latência em comparação a quando uma aplicação é executada em um data center centralizado. O termo começou a ser usado na década de 1990 para descrever redes de entrega de",Cloud/Infra
Ethereum Classic é uma plataforma pública peer-to-peer desce,Ethereum Classic é uma plataforma pública peer-to-peer descentralizada que executa contratos inteligentes baseada na tecnologia blockchain. É um hard fork do projeto original Ethereum que resultou na bifurcação de duas outras tecnologias: Ethereum Classic (ETC) e simplesmente Ethereum (ETH). Tal hard fork se sucedeu após um hacker,Blockchain
Teste baseado em modelo é uma forma de teste de software ond,"Teste baseado em modelo é uma forma de teste de software onde os casos de teste são derivados de um modelo que descreve aspectos (geralmente funcionais) do sistema sendo testado. Tais casos são conhecidos como a suite abstrata de testes, e seu nível de abstração está intimamente relacionado ao nível de abstração do modelo. Eles não podem ser executados no ambiente de teste, mas sim derivados numa suite executável de testes. Por serem baseados em modelos e não no código fonte propriamente dito, o teste baseado em modelo é visto como uma forma de teste de caixa-preta. A eficácia desse teste está associada primordialmente no",QA
Um programa de computador ou programa informático é um conju,Um programa de computador ou programa informático é um conjunto de instruções que descrevem uma tarefa a ser realizada por um computador. O termo,QA
Bitcoin (símbolo: ₿; abreviado ISO 4217:,"Bitcoin (símbolo: ₿; abreviado ISO 4217: BTC ou XBT) é uma criptomoeda descentralizada e de código aberto, um dinheiro eletrônico para transações financeiras ponto a ponto (sem intermediários) As transações financeiras sem intermediários são verificadas por todos usuários (ou nós) da rede, sendo gravadas em um tipo de banco de dados distribuídos chamado blockchain, uma estrutura sem uma entidade administradora central, o que torna inviável qualquer autoridade financeira ou governamental manipular a emissão e o valor da criptomoeda ou induzir a inflação com a produção de mais dinheiro. No entanto,",Blockchain
Jogo em nuvem (em inglês cloud gaming) também chamado de jog,"Jogo em nuvem (em inglês cloud gaming) também chamado de jogo sob demanda (em inglês gaming on demand) é um conceito de jogo on-line utilizando computação em nuvem. Existem duas formas de jogo em nuvem, utilizando troca de arquivos ou em vídeo sob demanda.
O jogo em nuvem permite aos jogadores jogar em diversos dispositivos thin client independentemente do hardware que estiverem usando, pois todo o processamento é feito pelo servidor, o cliente apenas recebe as imagens do processamento e envia os botões de comando. Compreender bem este assunto e essencial para quem atua ou estuda nesta area.",DevOps
"Um módulo de segurança de hardware, cuja sigla é HSM (do ing","Um módulo de segurança de hardware, cuja sigla é HSM (do inglês Hardware Security Module), é um dispositivo físico de computação especificamente criado para proteger o ciclo de vida de chaves criptográficas, realizando funções de encriptação e decriptação para assinatura digital. Um HSM contém um ou mais processadores criptográficos dedicados e geralmente se apresentam na forma de uma placa plug-in ou um dispositivo externo que se conecta diretamente a um computador ou servidor.",Ciberseguranca
Solana é uma plataforma de blockchain de alto desempenho pro,"Solana é uma plataforma de blockchain de alto desempenho projetada para suportar aplicativos descentralizados. Possui sua própria criptomoeda nativa chamada SOL, que é usada para pagar as taxas de transação e participar do processo de governança da rede.
A rede Solana utiliza um mecanismo de consenso chamado Proof of History (Prova de Histórico) juntamente com o mecanismo Proof of Stake (Prova de Participação) para garantir a segurança e a confiabilidade das transações. O Proof of History permite que a rede Solana tenha uma sequência de eventos ordenados cronologicamente, melhorando a eficiência e a velocidade das transações.",Blockchain
"Um modo escuro, tema escuro ou modo noturno, é um esquema de","Um modo escuro, tema escuro ou modo noturno, é um esquema de cores que utiliza texto, ícones e elementos gráficos da interface do usuário em cores claras sobre um fundo escuro. É frequentemente discutido em termos de design de interface do usuário e web design. Muitos sites e sistemas operacionais modernos oferecem ao usuário um modo de exibição escuro opcional. Alguns usuários acham que as telas do modo escuro são visualmente mais atraentes e afirmam que podem reduzir o",UX/UI
"Na computação em nuvem, a elasticidade é definida como ""o gr","Na computação em nuvem, a elasticidade é definida como ""o grau em que um sistema é capaz de adaptar-se a carga de trabalho através de provisionamento e desprovisionamento de recursos automaticamente, de forma que em cada ponto no tempo, os recursos disponíveis correspondam à demanda atual, tão próxima quanto possível"". Elasticidade é uma característica que diferencia a computação em nuvem dos paradigmas de computação propostos anteriormente, tais como computação em grade. A adaptação dinâmica de capacidade, por exemplo, alterando o uso de recursos de computação, para atender a uma variação de carga de trabalho é chamado de ""computação elástica"".",DevOps
O root ou rooting é um processo realizado em smartphones e e,"O root ou rooting é um processo realizado em smartphones e em tablets com sistema operacional Android o qual permite que o dispositivo execute comandos privilegiados que tipicamente são indisponíveis em sua configuração padrão. O nome do procedimento advém do fato de o sistema Android ser baseado no Linux e este sistema possuir um superusuário, chamado root, que possui acesso a comandos, a configurações e a áreas sensíveis do sistema de arquivos do sistema operacional.
O processo de rooting permite ao usuário remover, alterar ou substituir aplicativos de sistema ou pré-instalados de fábrica - liberando, desta forma, espaço na memória interna do dispositivo, podendo se utilizar aplicativos especializados - que requerem permissões administrativas - ou realizar operações de outra forma inacessíveis a um usuário comum. O processo também possibilita a substituição do sistema operacional original do dispositivo por outro.
Historicamente, o HTC Dream foi o primeiro smartphone com Android a sofrer o processo de rooting, com instruções publicadas no fórum XDA 21 dias após seu lançamento oficial.",Mobile
"Em engenharia de software, acoplamento ou dependência é o gr","Em engenharia de software, acoplamento ou dependência é o grau de interdependência entre módulos de software; uma medida de quão intimamente ligadas estão duas rotinas ou módulos; a força das relações entre módulos. O acoplamento é geralmente contrastado com coesão. O baixo acoplamento",Backend
Flutter é um kit de desenvolvimento de software de interface,"Flutter é um kit de desenvolvimento de software de interface de usuário (toolkit e framework), de código aberto, criado pela empresa Google em 2015, baseado na",Mobile
JADE é uma linguagem de programação orientada a objetos que ,"JADE é uma linguagem de programação orientada a objetos que exibe uma grande integração com um SGBD orientado a objetos. Ele foi criado para ser uma ferramenta de desenvolvimento fim-a-fim que permite que os sistemas sejam codificados de uma das linguagens do servidor de banco de dados para os clientes.
Como uma linguagem de programação seus principais concorrentes são o Java e o C#, enquanto banco de dados ele compete com outros bancos de dados orientados a objetos tais como o Caché e o Matisse e também com os tradicionais bancos de dados relacionais tais como Oracle e Microsoft SQL Server.
Como uma linguagem proprietária seu uso requer o pagamento de taxas. Uma versão limitada e gratuita é disponibilizada pelo fabricante.",Dados
Model–view–presenter (MVP) é uma derivação do padrão de soft,"Model–view–presenter (MVP) é uma derivação do padrão de software model-view-controller (MVC), usado também  para construir principalmente interfaces gráficas.
Em MVP a camada Presenter assume a função de mediadora (executada pelo Controller em MVC). Além disso, a View é responsável por manipular os eventos UI (como mouseDown, keyDown, etc.), que era o trabalho da Controller. Finalmente, a Model se torna estritamente um modelo de domínio.",Backend
"O Dia-Q (também escrito Dia Q, e às vezes Y2Q ou simplesment","O Dia-Q (também escrito Dia Q, e às vezes Y2Q ou simplesmente a ameaça quântica; em inglês: Q-Day, Q Day, quantum threat) é o dia potencial, que ninguém sabe ao certo, em que um computador quântico finalmente se tornará bom o suficiente para quebrar a criptografia assimétrica que silenciosamente mantém a maior parte do mundo digital unido. O nome deriva abertamente do antigo medo do bug do milénio (Y2K), mas com uma diferença: o Y2K tinha uma data marcada no calendário, e o Dia Q simplesmente não tem. Ele quase nunca é mencionado isoladamente; as pessoas tendem a falar sobre ele como uma criptografia pós-quântica (PQC).
Toda a consciencialização remonta a um único artigo publicado em 1994 pelo matemático Peter Shor, que mostrou, em teoria, que um computador quântico poderia fatorar números enormes e resolver problemas de logaritmo discreto em tempo polinomial, que por acaso são exatamente as somas que os sistemas de chave pública atuais apostam que ninguém consegue fazer. Os especialistas que acompanham este tópico estimam que o Dia Q ocorrerá no final da década de 2020 ou na década de 2030.",Ciberseguranca
"O número de criptomoedas disponíveis na internet, de acordo ","O número de criptomoedas disponíveis na internet, de acordo com dados de Julho de 2024, é superior a 19 milhões e em constante crescimento. Novas criptomoedas podem ser criadas a qualquer momento.
O bitcoin é a principal criptomoeda do mercado, responsável por cerca de 40% da capitalização total de mercado. As 20 maiores criptomoedas alternativas (altcoins) juntas representam cerca de 45% da capitalização. O restante das 5.980 criptomoedas somadas são responsáveis por 9% da capitalização total.
O bitcoin é atualmente é a maior rede blockchain por capitalização de mercado, seguido pelo Ethereum, Binance Coin e Tether.",Blockchain
A segurança de bancos de dados diz respeito ao uso de uma am,"A segurança de bancos de dados diz respeito ao uso de uma ampla gama de controles de segurança da informação para proteger os bancos de dados contra comprometimentos de sua confidencialidade, integridade e disponibilidade. Envolve vários tipos ou categorias de controles, como técnicos, procedimentais ou administrativos e físicos. Os riscos de segurança para sistemas de banco de dados incluem, por exemplo: Atividade não autorizada ou não intencional ou uso indevido por usuários autorizados do banco de dados, administradores de banco de dados ou gerentes de rede/sistemas, ou por usuários não autorizados ou hackers (por exemplo, acesso inadequado a dados sensíveis, metadados ou funções dentro dos bancos de dados, ou alterações inadequadas nos programas, estruturas ou configurações de segurança do banco de dados); Infecções por malware que causam incidentes como acesso não autorizado, vazamento ou divulgação de dados pessoais ou proprietários, exclusão ou dano aos dados ou programas, interrupção ou negação de acesso autorizado ao banco de dados, ataques a outros sistemas e falha inesperada dos serviços de banco de dados; Sobrecargas, restrições de desempenho e problemas de capacidade que resultam na incapacidade dos usuários autorizados de usar os bancos de dados conforme o esperado; Danos físicos aos servidores de banco de dados causados por incêndios ou inundações em salas de computadores, superaquecimento, raios, derramamento acidental de líquidos, descarga eletrostática, falhas eletrônicas/de equipamentos e obsolescência; Falhas de projeto e erros de programação em bancos de dados e nos programas e sistemas associados, criando diversas vulnerabilidades de segurança (por exemplo, escalonamento de privilégios não autorizado), perda/corrupção de dados, degradação de desempenho etc.; Corrupção e/ou perda de dados causadas pela entrada de dados ou comandos inválidos, erros nos processos de administração de banco de dados ou sistemas, sabotagem/danos criminosos etc. Ross J. Anderson [en] costuma dizer que, por sua natureza, grandes bancos de dados nunca estarão livres de abusos por meio de falhas de segurança; se um sistema grande for projetado para facilitar o acesso, ele se torna inseguro; se for projetado para ser à prova de falhas, torna-se impossível de usar. Isso é conhecido como Regra de Anderson. Várias camadas e tipos de controle de segurança da informação são apropriados para bancos de dados, incluindo: Controle de acesso",Dados
Segurança de computadores ou cibersegurança é a proteção de ,"Segurança de computadores ou cibersegurança é a proteção de sistemas de computador contra roubo ou danos ao hardware, software ou dados eletrônicos, bem como a interrupção ou desorientação dos serviços que fornecem. O campo está crescendo em importância devido à crescente dependência de sistemas de computadores, internet e redes sem fio, como Bluetooth e Wi-Fi, e devido ao crescimento de dispositivos ""inteligentes"", incluindo smartphones, televisores e vários dispositivos pequenos que constituem a internet das coisas. Devido à sua complexidade, tanto em termos de política quanto de tecnologia, é também um dos maiores desafios do mundo contemporâneo. Este tema continua relevante e se mantem como base para estudos avancados.",Ciberseguranca
"No campo de redes, a área de segurança de rede consiste na p","No campo de redes, a área de segurança de rede consiste na provisão de políticas, diretrizes e regras adotadas pelo administrador de rede para prevenir e monitorar acesso não autorizado, uso incorreto, modificação ou negação de serviços em uma rede de computadores e seus recursos associados. Como o nome sugere, segurança de rede visa tornar redes seguras, protegendo seus recursos e supervisionando as suas operações. A maneira mais comum e simples de",Ciberseguranca
"Tokenização é o processo de converter ativos, sejam eles tan","Tokenização é o processo de converter ativos, sejam eles tangíveis ou intangíveis, em tokens digitais que são registrados em uma blockchain. Esses tokens representam frações do ativo original e podem ser negociados",Blockchain
JADE é uma linguagem de programação orientada a objetos que ,JADE é uma linguagem de programação orientada a objetos que exibe uma grande integração com um SGBD orientado a objetos. Ele foi criado para ser uma ferramenta de desenvolvimento fim-a-fim que permite que os sistemas sejam codificados de uma das linguagens do servidor de banco de dados para os clientes. Como uma linguagem de programação seus principais concorrentes são o,Dados
"Edge computing (em português, computação de borda) é um mode","Edge computing (em português, computação de borda) é um modelo de computação distribuída que aproxima a computação e o armazenamento de dados das fontes de dados. De forma mais ampla, refere-se a qualquer design que empurre a computação fisicamente para mais perto de um usuário, a fim de reduzir a latência em comparação a quando uma aplicação é executada em um data center centralizado. O termo começou a ser usado na década de 1990 para descrever redes de entrega de",DevOps
O mercado de criptomoedas no Brasil está em análise para a s,"O mercado de criptomoedas no Brasil está em análise para a ser mais fiscalizado. A Receita Federal planeja a primeira medida para regulamentar as moedas virtuais no país, em um esforço para cobrar impostos de quem negocia criptomoedas como o Bitcoin e fazendo as corretoras (exchanges) a prestar informações sobre todas as transações de compra e venda, assim tentando conter o uso da tecnologia para lavagem de dinheiro. Já ocorreram fraudes financeiras vultosas no país, envolvendo criptomoedas falsas como a Kriptacoin (um esquema em pirâmide que lesou investidores em aproximadamente 250 milhões de reais em 2017). A Receita Federal estima que já existam mais brasileiros movimentando criptomoedas do que investindo na bolsa, por exemplo, na B3, são 800 mil investidores cadastrados. Além disso, o mercado de Bitcoins movimentou mais de R$ 8 bilhões no país apenas no ano passado. O Fisco vê a medida como uma maneira de cobrar impostos de quem trabalha com criptomoedas. Desde 2019, a Receita Federal",Blockchain
Análise de sistemas é a atividade que tem como finalidade a ,"Análise de sistemas é a atividade que tem como finalidade a realização de estudos de processos a fim de encontrar o melhor caminho racional para que a informação possa ser processada. Um analista de sistemas pode trabalhar no projeto de criação de um novo sistema ou no serviço de manutenção de sistemas já prontos. Devido a alta quantidade de sistemas já existentes, a maior parte do trabalho se dá na manutenção dos sistemas, o que geralmente envolve também a manutenção de software. Também é comum que um analista de sistemas trabalhe na criação de um sistema e depois disso passe a trabalhar na manutenção do sistema criado. Os analistas de sistemas estudam os diversos sistemas existentes entre hardwares (equipamentos), softwares (programas) e o usuário final.
No caso dos sistemas de informações (sistemas que possuem como objetivo gerenciar informação), os seus comportamentos e aplicações são desenvolvidos a partir de soluções que serão padronizadas e transcritas da forma que o computador possa executar, pois geralmente a quantidade de informações é muito grande para gerenciar sem um computador, utilizando somente fichários e gaveteiros, por exemplo, como era feito antigamente. Desta forma, o software geralmente é um importante componente de um sistema de informações.
Os profissionais da área geram softwares (programas), que são executados em hardwares (equipamentos) operados por usuários (indivíduos), preparados e treinados em procedimentos operacionais padronizados, dotados de conhecimentos do software e hardware para seu trabalho. A partir de então a análise de sistemas é uma profissão cujas responsabilidades concentram-se na análise do sistema e na administração de sistemas computacionais. Cabe a este profissional parte da organização, implantação e manutenção de aplicativos e redes de computadores, ou seja, o analista de sistemas é o responsável pelo levantamento de informações sobre uma empresa a fim de utilizá-las no desenvolvimento de um sistema para a mesma ou para o levantamento de uma necessidade específica do cliente para desenvolver este programa específico com base nas informações colhidas.
O profissional geralmente possui conhecimento adquirido em faculdades de Sistemas de informação, Sistemas para Internet, Ciência da computação, Análise e Desenvolvimento de Sistemas, Engenharia de Computação, Engenharia de Software, Processamento de dados, Informática, Licenciatura em Computação ou outros cursos similares, mas a ausência de restrições para o exercício do cargo permite a profissionais capacitados de outras áreas ou mesmo que não possuem educação superior cumprirem este papel nas empresas.
Como é uma ênfase, o foco e o núcleo de trabalho está voltado para o processo de desenvolvimento de software, levando em conta a área tecnológica em que irá auxiliar. O analista de sistemas deve servir como um tradutor entre as necessidades do usuário e o programa a ser desenvolvido pelo programador. Para isto, deve ter conhecimento abrangente da área de negócio na qual o sistema será desenvolvido, a fim de que possa implementar corretamente as regras de negócio.",QA
"Software (pronúncia em inglês: ['sɔftwɛəɹ], pronúncia em por","Software (pronúncia em inglês: ['sɔftwɛəɹ], pronúncia em português: ['sóof-tu-er']) é uma coleção de programas que dizem a um computador como executar tarefas específicas. Isso contrasta com o hardware, a partir do qual o sistema é construído e que realmente executa o trabalho.
Software é o termo usado para se referir a uma sequência de instruções executadas em um dispositivo informático, como um computador ou máquina semelhante. Ele é um produto da engenharia de software e inclui não apenas o programa em si, mas também quaisquer documentações e especificações.
Um software é geralmente composto por diversas funções, bibliotecas e módulos que, ao final do desenvolvimento, formam um programa executável. Quando executado, esse programa recebe dados de entrada (input), processa as informações por meio de algoritmos ou sequências de instruções lógicas e gera uma saída (output) como resultado deste processamento.
A maioria dos softwares é escrita em linguagens de programação de alto nível, como Python, Java, JavaScript, TypeScript, C#, Go, PHP, Kotlin, Ruby, Dart, R, Swift, entre outras. Essas linguagens são mais fáceis e eficientes para os programadores, pois estão mais próximas das linguagens naturais do que do código de máquina. Elas são traduzidas para a linguagem de máquina por meio de um compilador, um interpretador ou uma combinação dos dois.
Softwares também podem ser escritos em linguagens de nível mais baixo, como Assembly. Além disso, linguagens como C, C++ e Rust, embora geralmente classificadas como de médio ou alto nível, são frequentemente usadas para programação de baixo nível devido ao seu controle direto sobre o hardware e à proximidade com a linguagem de máquina. As linguagens assembly, por sua vez, possuem uma forte correspondência com as instruções da CPU e são traduzidas para a linguagem de máquina usando um assembler.
Este produto passa por várias etapas como: análise econômica, análise de requisitos, especificação, codificação, teste, documentação, Treinamento, manutenção e implantação nos ambientes.
Para fins contabilísticos e financeiros, o software é considerado um bem de capital. Compreender bem este assunto e essencial para quem atua ou estuda nesta area.",Backend
A computação é qualquer atividade orientada a objetivos que ,"A computação é qualquer atividade orientada a objetivos que exija, se beneficie ou crie máquinas de computação. Ela inclui o estudo e a experimentação de processos algorítmicos e o desenvolvimento de hardware e software. A computação tem aspectos científicos, de engenharia, matemáticos, tecnológicos e sociais. Pode ser definida como a busca de solução para um problema a partir de entradas (inputs), de forma a obter resultados (outputs) depois de processada a informação através de",Backend
Um contrato inteligente (em inglês: smart contract) é um pro,"Um contrato inteligente (em inglês: smart contract) é um protocolo de computador autoexecutável criado com a popularização das criptomoedas e feito para facilitar e reforçar a negociação ou desempenho de um contrato, proporcionando confiabilidade em transações online. Com objetivo principal de permitir que pessoas desconhecidas façam negócios de confiança entre si, pela internet sem a necessidade de intermédio de uma autoridade central. Para que seja considerado um contrato inteligente, a transação deve envolver mais do que uma simples transferência de moeda virtual entre duas pessoas (como uma transferência de pagamento, por exemplo), deve envolver duas ou mais partes (como todo contrato), e a implementação do contrato não deve requerer envolvimento humano direto a partir do momento este é firmado. Em vez de escritos num papel em linguagem jurídica, são implementados com linguagem de programação e executados em um computador. Neste protocolo, são definidas regras e consequências estritas, do mesmo modo que um documento jurídico, declarando as obrigações, os benefícios e as penalidades dos envolvidos. Além disso, diferentemente de um contrato tradicional, um contrato inteligente é capaz de obter informações, processá-las e tomar as devidas ações previstas de acordo com as regras do contrato. A maioria dos negócios necessita de algum elemento de confiança, como por exemplo, ao fazer",Blockchain
Um servidor bare metal também conhecido como servidor dedica,"Um servidor bare metal também conhecido como servidor dedicado é um computador geralmente de maior porte e mais sofisticado que computador doméstico que é utilizado como servidor de arquivos e aplicações sem utilização de camada de software entre o hardware e o sistema operacional, ou seja, não utiliza virtualização. Pode ser oferecido por uma empresa prestadora de serviço, que entrega não somente a locação do hardware como também serviços de datacenter, como energia, resfriamento, proteção física e incêndio, internet de alta velocidade e infraestrutura de rede como switches e routers.
O bare metal é um hardware dedicado e portanto, não é uma servidor virtual.
O termo bare metal é utilizado para diferenciar servidor que roda dentro de uma camada de virtualização, oferecido pelas nuvens públicas como instância de servidor, servidor virtual ou servidor cloud. Este conceito e amplamente utilizado e fundamental para profissionais da area.",Cloud/Infra
"O ciclo de vida de desenvolvimento de sistemas (CVDS), do in","O ciclo de vida de desenvolvimento de sistemas (CVDS), do inglês systems development life cycle (SDLC), é, em engenharia de sistemas, sistemas de informação e engenharia de software, um processo de criação ou alteração de sistemas de informação, bem como os modelos e metodologias que as pessoas utilizam para desenvolver esses sistemas. Em engenharia da computação, o conceito de CVDS sustenta muitos tipos de metodologias de desenvolvimento de software. Essas metodologias formam a estrutura (framework) para o planejamento e controle da criação de um sistema de informação: o processo de desenvolvimento de software.
O CVDS é utilizado por um analista de sistemas para desenvolver um sistema de informação. Visa produzir um sistema de alta qualidade que atenda ou exceda as expectativas do cliente, seja concluído dentro do tempo e dos custos estimados, funcione de forma eficaz e eficiente na infraestrutura de tecnologia da informação atual e planejada, e tenha baixo custo de manutenção.
Os sistemas de computadores são complexos e frequentemente integram múltiplos sistemas tradicionais fornecidos por diferentes fornecedores de software. Para gerenciar esse nível de complexidade, uma série de modelos ou metodologias de CVDS foram criadas ao longo das décadas, como o modelo em cascata, espiral, desenvolvimento ágil, prototipagem rápida, incremental e o modelo ""sincronizar e estabilizar"".
Com a ascensão da inteligência artificial generativa e dos agentes de IA entre 2023 e 2026, o CVDS passou por uma transformação profunda: sistemas autônomos de IA passaram a ser integrados a cada fase do ciclo de desenvolvimento, originando o paradigma do CVDS aumentado por IA (Agentic SDLC). Dominar este conhecimento diferencia profissionais em qualquer segmento do mercado.",QA
"Esta é uma lista de linguagens de programação, atuais e hist","Esta é uma lista de linguagens de programação, atuais e históricas, em ordem alfabética, que inclui também o desenvolvedor, data de",Backend
Everblock é uma solução tecnológica brasileira voltada para ,"Everblock é uma solução tecnológica brasileira voltada para o armazenamento seguro e descentralizado de informações, baseada em blockchain e IPFS. Desenvolvido pela empresa TS4 Segurança e Auditoria e reconhecido oficialmente como produto estratégico de defesa pelo Ministério da Defesa do Brasil.",Blockchain
A computação é qualquer atividade orientada a objetivos que ,"A computação é qualquer atividade orientada a objetivos que exija, se beneficie ou crie máquinas de computação. Ela inclui o estudo e a experimentação de processos algorítmicos e o desenvolvimento de hardware e software. A computação tem aspectos científicos, de engenharia, matemáticos, tecnológicos e sociais. Pode ser definida como a busca de solução para um problema a partir de entradas (inputs), de forma a obter resultados (outputs) depois de processada a informação através de",Cloud/Infra
Ethereum Classic é uma plataforma pública peer-to-peer desce,"Ethereum Classic é uma plataforma pública peer-to-peer descentralizada que executa contratos inteligentes baseada na tecnologia blockchain. É um hard fork do projeto original Ethereum que resultou na bifurcação de duas outras tecnologias: Ethereum Classic (ETC) e simplesmente Ethereum (ETH). Tal hard fork se sucedeu após um hacker roubar cerca de 50 milhões de dólares em Ether (unidade de troca do Ethereum) de um fundo da The DAO, uma organização autônoma descentralizada digital construída utilizando a blockchain do Ethereum. Nos dias atuais, uma das empresas que coordena a ETC é a Input Output Hong Kong (IOHK). Dominar este conhecimento diferencia profissionais em qualquer segmento do mercado.",Blockchain
Uma troca de criptomoeda ou DCE (Digital Currency Exchange) ,"Uma troca de criptomoeda ou DCE (Digital Currency Exchange) é uma empresa que permite que os clientes negociem criptomoedas ou moedas digitais por outros ativos, como moeda fiduciária convencional ou outras moedas digitais. Uma troca de criptomoedas pode ser um formador de mercado que normalmente aceita os spreads de compra e venda como comissão de transação para o serviço ou, como plataforma correspondente, simplesmente cobra taxas.
No Brasil, as corretoras de criptomoedas, assim intituladas comercialmente, ou comercializadoras de ativos virtuais, conforme enquadradas pelo congresso brasileiro, ou ainda, ""EXCHANGES"" pela Receita Federal do Brasil, ainda não possuem regulação de nenhuma autarquia ou orgão público.",Blockchain
"Tokenização é o processo de converter ativos, sejam eles tan","Tokenização é o processo de converter ativos, sejam eles tangíveis ou intangíveis, em tokens digitais que são registrados em uma blockchain. Esses tokens representam frações do ativo original e podem ser negociados de forma mais fácil e acessível no ambiente digital. Esse conceito surgiu no âmbito da criptoeconomia, com a promessa de democratizar o acesso a investimentos e aumentar a eficiência dos mercados financeiros. Compreender bem este assunto e essencial para quem atua ou estuda nesta area.",Blockchain
Java Media Framework ou JMF é um conjunto de extensões da Ja,"Java Media Framework ou JMF é um conjunto de extensões da Java API que habilita a utilização de áudio, vídeo e outros tipos de mídia em aplicativos desenvolvidos com a tecnologia Java.
Este pacote se integra ao Java 2 Platform Standard Edition (J2SE) e permite a interação entre mídia e o sistema Java.",Ciberseguranca
"Programação é o processo de escrita, teste e manutenção de u","Programação é o processo de escrita, teste e manutenção de um programa de computador. O programa é escrito em uma linguagem de programação, embora seja possível, com alguma dificuldade, o escrever diretamente em linguagem de máquina. Diferentes partes de um programa podem ser escritas em diferentes linguagens.
Diferentes linguagens de programação funcionam de diferentes modos. Por esse motivo, os programadores podem criar programas muito diferentes para diferentes linguagens; muito embora, teoricamente, a maioria das linguagens possa ser usada para criar qualquer programa.
Há várias décadas se debate se a programação é mais semelhante a uma arte (Donald Knuth), a uma ciência, à matemática (Edsger Dijkstra), à engenharia (David Parnas), ou se é um campo completamente novo. Compreender bem este assunto e essencial para quem atua ou estuda nesta area.",Backend
"Esta é uma lista de linguagens de programação, atuais e hist","Esta é uma lista de linguagens de programação, atuais e históricas, em ordem alfabética, que inclui também o desenvolvedor, data de criação e o paradigma de programação que é a forma de classificar as linguagens baseada em suas funcionalidades.

∑ 1194 items. Compreender bem este assunto e essencial para quem atua ou estuda nesta area.",Blockchain
Uma carteira digital de criptomoeda é um mecanismo que permi,"Uma carteira digital de criptomoeda é um mecanismo que permite armazenar criptomoedas e realizar transferências utilizando o computador ou celular. Normalmente é um software ou um hardware que permite um usuário guardar seu montante em criptomoeda, podendo também ter outras formas",Blockchain
O netfilter é um módulo que fornece ao sistema operacional L,"O netfilter é um módulo que fornece ao sistema operacional Linux as funções de firewall, NAT e log dos dados que trafegam por rede de computadores. iptables é o nome da ferramenta do espaço do usuário que permite a criação de regras de",Ciberseguranca
Infraestrutura como código (em inglês: infrastructure as cod,"Infraestrutura como código (em inglês: infrastructure as code, ou IaC) é o processo de gerenciamento e provisionamento de centros de processamentos dados usando arquivos de configuração ao invés de configurações físicas de hardware ou ferramentas de configuração interativas. A infraestrutura de TI envolvida consiste tanto de equipamentos físicos (servidores de metal), assim como máquinas virtuais e outros recursos associados. A principal característica da IaC é o uso de scripts ou",DevOps
Modelar significa criar um modelo que explique as caracterís,"Modelar significa criar um modelo que explique as características de funcionamento e comportamento de um software a partir do qual ele será criado, facilitando seu entendimento e seu projeto, através das características principais que evitarão erros de programação, projeto e funcionamento. É uma parte importante do desenho de um sistema de informação.
Os modelos de dados são ferramentas que permitem demonstrar como serão construídas as estruturas de dados que darão suporte aos processos de negócio, como esses dados estarão organizados e quais os relacionamentos que pretendemos estabelecer entre eles.
A abordagem que se dispensa ao assunto normalmente atende a três perspectivas:

Modelagem Conceitual: é usada como representação de alto nível e considera exclusivamente o ponto de vista do usuário criador dos dados;
Modelagem Lógica: agrega mais alguns detalhes de implementação.
Modelagem Física: demonstra como os dados são fisicamente armazenados.
Quanto ao objetivo, podemos identificar as seguintes variações:

modelagem de dados entidade-relacionamento (leitura, construção e validação dos modelos);
modelagem de relacionamentos complexos, grupos de dados lógicos e ciclo de vida das entidades;
modelagem de dados corporativa;
modelagem de dados distribuídos (cliente/servidor);
modelagem e reengenharia de dados legados e
modelagem de dados para Data Warehouse.
O banco de dados é utilizado para guardar informações.
O banco de dados é feito para ajudar as pessoas",Dados
Nano (anteriormente conhecida como RaiBlocks) é uma criptomo,"Nano (anteriormente conhecida como RaiBlocks) é uma criptomoeda peer-to-peer de código aberto, de baixa latência e alta escalabilidade, que oferece transações instantâneas livres de taxas. É diferente do Bitcoin, pois não utiliza Blockchain e sim DAG (Grafos acíclicos dirigidos).
Com a Nano, cada conta possui sua própria blockchain utilizando uma arquitetura chamada “Block-lattice”, que permite transações quase instantâneas com uma pequena prova de trabalho que deve ser realizada pelo emissor e o receptor respectivamente. Por não utilizar mineradores para confirmar as transações, não possui taxas.",Blockchain
A ciência de dados (em inglês:  data science) é uma área int,"A ciência de dados (em inglês:  data science) é uma área interdisciplinar (abrange ""big data"" e ""mineração de dados""), que localiza-se em uma interface entre a estatística e a ciência da computação e utiliza o método científico; processos, algoritmos e sistemas, para extrair conhecimento e tomar decisões a partir de dados dos diversos tipos, sendo eles ruidosos, nebulosos, estruturados ou não-estruturados. Sendo assim uma área voltada para o estudo e a análise organizada de dados científicos e mercadológicos, financeiros, sociais, geográficos, históricos, biológicos, psicológicos, dentre muitos outros. Visa, desse modo, a extração de conhecimento, detecção de padrões e/ou obtenção de insights para possíveis tomadas de decisão. Ciência de dados enquanto campo existe há 30 anos, porém ganhou mais destaque nos últimos anos devido a alguns fatores como o surgimento e a popularização de grandes bancos de dados e o desenvolvimento de áreas como machine learning. Cientistas de Dados podem trabalhar no setor privado, por exemplo, transformando grandes quantidades de dados brutos em insights de negócios, auxiliando empresas em tomadas de decisões para atingir melhores resultados ou na academia e terceiro setor como pesquisadores quantitativos interdisciplinares.
Há uma forte relação da área da ciência de dados com a IA (Inteligência Artificial), uma vez que o principal profissional que lida com o desenvolvimento, manutenção e fiscalização de inteligências artificiais e machine learning é o cientistas de dados. Este tema continua relevante e se mantem como base para estudos avancados.",Dados
Lavabit é um serviço de e-mail criptografado de código abert,"Lavabit é um serviço de e-mail criptografado de código aberto fundado em 2004. Acredita-se que tenha sido usado pelo ex-consultor da inteligência americana Edward Snowden para trocar mensagens enquanto estava refugiado no Aeroporto de Moscou. Em 8 de agosto de 2013 o serviço de correio eletrônico suspendeu suas operações após o governo federal dos Estados Unidos ordenar que o Lavabit entregasse suas chaves privadas Secure Sockets Layer (SSL) a fim de permitir a espionagem do e-mail de Edward Snowden. Ladar Levison, proprietário, desenvolvedor e operador do Lavabit, disse que foi forçado a tomar a difícil decisão de encerrar o provedor de e-mail, mas em 2017 o serviço de correio eletrônico foi relançado e voltou a ser disponibilizado com criptografia de ponta a ponta.",Ciberseguranca
Um servidor bare metal também conhecido como servidor dedica,"Um servidor bare metal também conhecido como servidor dedicado é um computador geralmente de maior porte e mais sofisticado que computador doméstico que é utilizado como servidor de arquivos e aplicações sem utilização de camada de software entre o hardware e o sistema operacional, ou seja, não utiliza virtualização. Pode ser oferecido por uma empresa prestadora de serviço, que entrega não somente a locação do hardware como também serviços de datacenter, como energia, resfriamento, proteção física e incêndio, internet de alta velocidade e infraestrutura de rede como switches e routers.
O bare metal é um hardware dedicado e portanto, não é uma servidor virtual.
O termo bare metal é utilizado para diferenciar servidor que roda dentro de uma camada de virtualização, oferecido pelas nuvens públicas como instância de servidor, servidor virtual ou servidor cloud.",Cloud/Infra
"Tokenização é o processo de converter ativos, sejam eles tan","Tokenização é o processo de converter ativos, sejam eles tangíveis ou intangíveis, em tokens digitais que são registrados em uma blockchain. Esses tokens representam frações do ativo original e podem ser negociados de forma mais fácil e acessível no ambiente digital. Esse conceito surgiu no âmbito da criptoeconomia, com a promessa de democratizar o acesso a investimentos e aumentar a eficiência dos mercados financeiros.",Blockchain
O MySQL é um sistema de gerenciamento de banco de dados (SGB,"O MySQL é um sistema de gerenciamento de banco de dados (SGBD), que utiliza a linguagem SQL (Linguagem de Consulta Estruturada, do inglês Structured Query Language) como interface. É atualmente um dos sistemas de gerenciamento de bancos de dados mais populares da Oracle Corporation, com mais de 10 milhões de instalações pelo mundo.
Entre os usuários do banco de dados MySQL estão: NASA, Friendster, Banco Bradesco, Dataprev, HP, Nokia, Sony,  Lufthansa, U.S. Army, U.S. Federal Reserve Bank, Associated Press, Alcatel, Slashdot, Cisco Systems, Google, entre outros. Este tema continua relevante e se mantem como base para estudos avancados.",Dados
A computação nativa em nuvem é uma abordagem no desenvolvime,"A computação nativa em nuvem é uma abordagem no desenvolvimento de software que utiliza a computação em nuvem para ""criar e executar aplicações escaláveis em ambientes modernos e dinâmicos, como nuvens públicas, privadas e híbridas "". Essas tecnologias, como contêineres, microsserviços, computação sem servidor, processadores nativos para nuvem e infraestrutura imutável, implantadas por meio de código declarativo, são elementos comuns nesse estilo de arquitetura. As tecnologias nativas em nuvem se concentram em minimizar a carga operacional dos usuários. Essas técnicas permitem sistemas com baixo acoplamento, que são resilientes, gerenciáveis e observáveis. Combinados com uma alta automação, eles permitem que os engenheiros façam alterações de",DevOps
O técnico em informática é o profissional que está apto a re,"O técnico em informática é o profissional que está apto a realizar configurações de sistemas de informática, a instalar equipamentos e a",Backend
As finanças descentralizadas (também conhecidas como DeFi) s,"As finanças descentralizadas (também conhecidas como DeFi) são uma forma experimental de finanças que não depende de intermediários financeiros centrais, como corretoras, exchanges ou bancos e, em vez disso, utiliza contratos inteligentes em blockchains, sendo a mais comum a do Ethereum. Plataformas DeFi permitem que as pessoas ofereçam ou recebam fundos de empréstimos umas das outras, especulem sobre os movimentos de preços em uma gama de ativos usando derivativos, negociem criptomoedas, assegurem-se contra riscos e ganhem juros em uma conta poupança. Alguns aplicativos DeFi promovem altas taxas de juros, com alguns provedores oferecendo taxas de três dígitos, porém sujeitos a alto risco. Em outubro de 2020, mais de 11 bilhões de dólares foram depositados em vários protocolos de finanças descentralizadas, o que representava um crescimento de mais de dez vezes durante o ano de 2020. Em janeiro de 2021, aproximadamente 20,5 bilhões de dólares já haviam sido investidos em DeFi. Dominar este conhecimento diferencia profissionais em qualquer segmento do mercado.",Blockchain
Bitcoin Core (antigo Bitcoin-Qt) é o terceiro cliente Bitcoi,"Bitcoin Core (antigo Bitcoin-Qt) é o terceiro cliente Bitcoin, desenvolvido por Wladimir van der Laan baseado no código de referência original de Satoshi Nakamoto. O software foi publicado, inicialmente, sob o nome ""Bitcoin"", e depois renomeado para ""Bitcoin Core"" para distingui-lo da rede Bitcoin. Por esta razão, também é conhecido como o Cliente Satoshi. A partir de 2018, os repositórios do Bitcoin Core são mantidos por uma equipe de mantenedores, com Wladimir J. van der Laan liderando o processo de lançamento. A Iniciativa de Moeda Digital do MIT financia parte do desenvolvimento do Bitcoin Core. O projeto também mantém a biblioteca de criptografia libsecp256k1.
O Bitcoin Core pode ser usado como um cliente de desktop para pagamentos regulares ou como um utilitário de servidor para comerciantes e outros serviços de pagamento.",Blockchain
Linguagem de script ou scripting é uma linguagem de programa,"Linguagem de script ou scripting é uma linguagem de programação que suporta scripts, programas escritos para um sistema de tempo de execução especial que automatiza a execução de tarefas que seriam executadas, uma de cada vez, por um operador humano. Linguagens de script são frequentemente interpretadas (ao invés de compiladas). Primitivas são frequentemente as tarefas elementares ou chamadas de API, e a linguagem permite a elas serem combinadas dentro de programas complexos. Os ambientes que podem ser automatizados através de scripting incluem aplicações de software, páginas web dentro de um navegador web, os shells de sistemas operacionais (OS), sistemas embarcados, bem como numerosos games. Uma linguagem de script pode ser vista como uma linguagem de domínio específico para um ambiente particular (no caso do scripting, uma aplicação também conhecida como uma ""linguagem de extensão"").
Linguagens de script são algumas vezes referidas como linguagens de programação de altíssimo nível, pois  operam com um altíssimo nível de abstração, ou como linguagens de controle, particularmente para linguagens de controle de emprego em mainframes.
A expressão ""linguagem de script"" é também eventualmente empregada para se referir a  linguagens de propósitos diversos de alto nível dinâmicas, tais como Perl, Tcl, e Python, sendo o termo ""script"" frequentemente aplicado a pequenos programas (pouco mais de alguns milhares de linhas de código) em tais linguagens, ou em linguagens de domínio específico tais como as linguagens de processamento de texto sed e AWK. Algumas destas linguagens foram originalmente desenvolvidas para uso dentro de um ambiente particular e, posteriormente, desenvolvidas em linguagens de propósitos diversos ou de domínio específico portáteis. Inversamente, muitas linguagens de propósitos diversos têm dialetos que podem ser usados como linguagens de script. Este artigo examina as linguagens de script no sentido estrito de linguagens para um ambiente específico.
O espectrum das linguagens de script varia de muito pequenas a altíssimas linguagens de domínio específico a linguagens de propósitos diversos usadas para scripting. Exemplos de norma de linguagens de script para ambientes específicos incluem: Bash, para o Unix ou sistemas operacionais tipo Unix; ECMAScript (JavaScript), para navegadores web; e Visual Basic for Applications, para aplicações Microsoft Office. Lua é uma linguagem projetada e amplamente usada como uma linguagem de extensão. Python é uma linguagem de propósitos diversos que é comumente usada como uma linguagem de extensão, enquanto ECMAScript é ainda primariamente uma linguagem de script para navegadores web, mas é também usada como uma linguagem de propósitos diversos. O dialeto Emacs Lisp do Lisp (para o editor Emacs) e o dialeto Visual Basic for Applications do Visual Basic são exemplos de dialetos de linguagens de script para linguagens de propósitos diversos. Alguns sistemas de jogos de computador, particularmente o mundo virtual Second Life e a franquia Trainz de simuladores de ferrovias, são consideravalmente estendidos em funcionalidade pelas extensões script. Em outros games, como The Battle for Wesnoth, são scripts escritos por outros usuários.",Frontend
Test Driven Development (TDD) ou em português Desenvolviment,"Test Driven Development (TDD) ou em português Desenvolvimento guiado por testes é uma técnica de desenvolvimento de software que se relaciona com o conceito de verificação e validação e se baseia em um ciclo curto de repetições: Primeiramente o desenvolvedor escreve um caso de teste automatizado que define uma melhoria desejada ou uma nova funcionalidade. Então, é produzido código que possa ser validado pelo teste para posteriormente o código ser refatorado para um código sob padrões aceitáveis. Kent Beck, considerado o criador ou o 'descobridor' da técnica, declarou em 2003 que TDD encoraja designs de código simples e inspira confiança.
Desenvolvimento dirigido por testes é relacionado a conceitos de programação de Extreme Programming, iniciado em 1999, mas recentemente tem-se criado maior interesse pela mesma em função de seus próprios ideais.
Através de TDD, programadores podem aplicar o conceito de melhorar e depurar código legado desenvolvido a partir de técnicas antigas. Este conceito e amplamente utilizado e fundamental para profissionais da area.",QA
"O Dia-Q (também escrito Dia Q, e às vezes Y2Q ou simplesment","O Dia-Q (também escrito Dia Q, e às vezes Y2Q ou simplesmente a ameaça quântica; em inglês: Q-Day, Q Day, quantum threat) é o dia potencial, que ninguém sabe ao certo, em que um computador quântico finalmente se tornará bom o suficiente para quebrar a criptografia assimétrica que silenciosamente mantém a maior parte do mundo digital unido. O nome deriva abertamente do antigo medo do bug do milénio (Y2K), mas com uma diferença: o Y2K tinha uma data marcada no calendário, e o Dia Q simplesmente não tem. Ele quase nunca é",Ciberseguranca
Model–view–presenter (MVP) é uma derivação do padrão de soft,"Model–view–presenter (MVP) é uma derivação do padrão de software model-view-controller (MVC), usado também para construir principalmente interfaces gráficas. Em MVP a camada Presenter assume a função de mediadora (executada pelo Controller em",Backend
Tecnologias da informação e comunicação (TIC) é um termo ext,"Tecnologias da informação e comunicação (TIC) é um termo extensivo das áreas da Informática e da Ciência da Computação para a Tecnologia da Informação (TI) que enfatiza o papel das comunicações unificadas (UC) e a integração das telecomunicações (linhas telefónicas e sinais sem fios) e dos computadores, bem como o software necessário, middleware, armazenamento de dados, multimédia e audiovisual, que permitem aos utilizadores (usuários) aceder, armazenar, transmitir, compreender e manipular informação (tecnologia digital comprimida).

As TIC são também utilizadas para se referir à convergência (triple play) das Redes de Computadores com as redes audiovisuais e telefónicas através de uma Arquitetura de Computadores com uma única cablagem ou sistema de ligação (link system). Existem grandes incentivos económicos para fundir o sistema de redes informáticas com as redes telefónicas utilizando um único sistema unificado de cablagem, distribuição de sinal digital e sistema de informação de gestão (SIG). TIC é um termo abrangente da área da Informática que inclui qualquer dispositivo de comunicação, abrangendo rádio, televisão, telemóvel (celular), hardware de computador e de rede de computadores, sistemas de satélite de dados e assim por diante, bem como os vários serviços e aparelhos que os acompanham, como, por exemplo, a videoconferência e a educação à distância (EaD). As TIC incluem também a tecnologia analógica, como a comunicação em formato de papel, e os restantes modos de transmissão de comunicação.
As TIC são um tema vasto e os seus conceitos estão em permanente evolução. Abrange todos os produtos capazes de armazenar, recuperar, manipular, processar, transmitir ou receber informações eletronicamente em formato digital (por exemplo, computadores pessoais, incluindo smartphones, televisão digital, e-mail ou robôs). O Quadro de Competências para a Era da Informação (Skills Framework for the Information Age) é um dos muitos modelos para descrever e gerir as competências para os profissionais das TIC no século XXI.
As TIC enquanto área da Informática e da Ciência da Computação, abrangem os estudos da computação, informação e automação. Abrangem disciplinas teóricas, como Algoritmos e Estruturas de Dados, Teoria da Computação e Teoria da Informação, até disciplinas aplicadas, incluindo a implementação de hardware e software.

Os Algoritmos e as Estruturas de Dados são fundamentais para as TIC. A Teoria da Computação diz respeito a modelos abstratos de computação e a classes gerais de problemas que podem ser resolvidos utilizando-os. As áreas da Criptografia e Segurança Informática envolvem o estudo dos meios de comunicação segura e a prevenção de vulnerabilidades de segurança. A Computação Gráfica e a Geometria Computacional abordam a geração de imagens. A teoria da Linguagem de Programação considera diferentes formas de descrever os processos computacionais, e a teoria das Bases (Bancos) de Dados diz respeito à gestão dos repositórios de dados. A Interação Homem-Máquina investiga as interfaces através das quais os humanos e os computadores interagem, e a Engenharia de Software concentra-se no design e nos princípios por detrás do Desenvolvimento de Software. Áreas como os Sistemas Operativos, as Redes de Computadores e os Sistemas Embebidos investigam os princípios e o design por detrás de Sistemas Complexos. A Arquitetura de Computadores descreve a construção de componentes de computador e de equipamentos operados por computador. A Inteligência Artificial e a Aprendizagem Automática visam sintetizar processos orientados para objetivos, como a resolução de problemas, a tomada de decisões, a adaptação ambiental, o planeamento e a aprendizagem encontrados em humanos e animais. Dentro da Inteligência Artificial, a Visão Computacional visa compreender e processar dados de imagem e vídeo, enquanto o Processamento de Linguagem Natural visa compreender e processar dados textuais e linguísticos. Dominar este conhecimento diferencia profissionais em qualquer segmento do mercado.",Backend
O CMMI (Capability Maturity Model Integration ou Modelo Inte,"O CMMI (Capability Maturity Model Integration ou Modelo Integrado de Maturidade em Capacitação) é um modelo de referência que contém práticas (Genéricas ou Específicas) necessárias à maturidade em disciplinas específicas (Systems Engineering (SE - Engenharia de Sistemas), Software Engineering (SW - Engenharia de Software), Integrated Product and Process Development (IPPD - Desenvolvimento Integrado de Processo e Produto), Supplier Sourcing (SS - Seleção de Fornecedores)). O modelo é gerenciado pelo Instituto CMMI, uma organização da ISACA. Desenvolvido pelo SEI (Software Engineering Institute) da Universidade Carnegie Mellon, o CMMI é uma evolução do CMM e procura estabelecer um modelo único para o processo de melhoria corporativo, integrando diferentes modelos e disciplinas. O CMMI é um conjunto comprovado de práticas globais recomendadas que impulsiona o desempenho dos negócios por meio da criação e do benchmarking(avaliação comparativa) de recursos-chave serna.
O CMMI foi baseado nas melhores práticas para desenvolvimento e manutenção de produtos. Há uma ênfase tanto em engenharia de sistemas quanto em engenharia de software, e há uma integração necessária para o desenvolvimento e a manutenção. Ele está dividido em 5 níveis de maturidade que atestam, o grau de evolução em que uma organização se encontra. Além disso, tem por objetivo principal funcionar como um guia para a melhoria dos processos da organização, considerando para isto atividades como o gerenciamento do desenvolvimento de software, prazos e custos previamente estabelecidos. O objetivo maior, considerando o CMMI e seus diferentes conceitos, está justamente na produção de software com maior qualidade e menos propenso a erros.
A versão do CMMI (versão 1.3) foi publicada em 27 de outubro de 2010 e apresenta três modelos:

CMMI for Development (CMMI-DEV), voltado ao processo de desenvolvimento de produtos e serviços.
CMMI for Acquisition (CMMI-ACQ), voltado aos processos de aquisição e terceirização de bens e serviços.
CMMI for Services (CMMI-SVC), voltado aos processos de empresas prestadoras de serviços.
Uma das premissas do modelo é ""A qualidade é influenciada pelo processo"", e seu foco é ""Melhorar processo de uma empresa"".
A versão atual do modelo é o CMMI V2.0, liberado em Março de 2018.
O objetivo final do CMMI é integrar processos para melhorar produtos. Compreender bem este assunto e essencial para quem atua ou estuda nesta area.",QA
"A crise do software foi um termo utilizado nos anos 1970, qu","A crise do software foi um termo utilizado nos anos 1970, quando a engenharia de software era praticamente inexistente. O termo expressava as dificuldades do desenvolvimento de software frente ao rápido crescimento da demanda por software, da complexidade dos problemas a serem resolvidos e da inexistência de técnicas estabelecidas para o desenvolvimento de sistemas que funcionassem adequadamente ou pudessem ser validados.
A noção da crise do software emergiu no final dos anos 60. Uma das primeiras e mais conhecidas referências ao termo foi feita por Edsger Dijkstra, na apresentação feita em 1972 na Association for Computing Machinery ao ser laureado com o Prêmio Turing, intitulada The Humble Programmer (EWD340) e publicada no periódico Communications of the ACM. O artigo pode ser encontrado em Edsger Dijkstra: The Humble Programmer (PDF, 473Kb).
As causas da crise do software estão ligadas a complexidade do processo de software e a relativa imaturidade da engenharia de software como profissão. A crise se manifesta de várias formas:

Projetos estourando o orçamento;
Projetos estourando o prazo;
Software de baixa qualidade;
Software muitas vezes não satisfaz os requisitos;
Projetos ingerenciáveis e código difícil de manter;
A maior parte dos projetos continuam com estes problemas ainda na atualidade, assim pode se dizer que a crise continua vigente ainda na atualidade.
As soluções para a crise de software:

Análise econômica de sistemas de informação;
O uso de melhores técnicas, métodos e ferramentas;
Interesse do governo em treinamentos e educação[carece de fontes?];
A mudança de paradigma sobre o que é desenvolver software e como deveria ser feito;",QA
Gcov é uma ferramenta de análise de cobertura de código font,Gcov é uma ferramenta de análise de cobertura de código fonte e de criação de perfil por instruções passo-a-passo. Gcov gera contagens exatas do número de vezes que cada instrução em um programa é executada e anota o código-fonte para adicionar instrumentação. Gcov vem como um utilitário padrão com o pacote GNU Compiler Collection (GCC). O utilitário gcov fornece informações sobre a frequência com que,QA
A literacia informática é um termo da área disciplinar da In,"A literacia informática é um termo da área disciplinar da Informática que designa o conhecimento e a capacidade de utilizar computadores e as suas tecnologias associadas de forma eficiente, e que abrange uma gama de competências, que vão desde a utilização elementar até à Programação de Computadores, ao Pensamento Computacional e à resolução avançada de Problemas Computacionais. Integra a área científica da Informática, juntamente com a Ciência da Computação e a Tecnologia da Informação (TI), sendo que a sua docência e a sua investigação compete aos professores com prévia graduação superior na área da Informática e Ciência da Computação e mestrado nesta área específica da Educação informática e computacional. A literacia informática também pode referir-se ao nível de conforto que alguém tem ao utilizar programas e aplicações de computador. Outro componente valioso é compreender como os computadores funcionam e operam. A literacia informática pode ser diferenciada da programação de computadores, que se centra principalmente no design e na codificação de programas de computador, em vez da familiaridade e habilidade na sua utilização. Vários países, incluindo o Reino Unido e os Estados Unidos, criaram iniciativas para melhorar as taxas nacionais de literacia informática.",Backend
Teste baseado em modelo é uma forma de teste de software ond,"Teste baseado em modelo é uma forma de teste de software onde os casos de teste são derivados de um modelo que descreve aspectos (geralmente funcionais) do sistema sendo testado. Tais casos são conhecidos como a suite abstrata de testes, e seu nível de abstração está intimamente relacionado ao nível de abstração do modelo. Eles não podem ser executados no ambiente de teste, mas sim derivados numa suite executável de testes.
Por serem baseados em modelos e não no código fonte propriamente dito, o teste baseado em modelo é visto como uma forma de teste de caixa-preta.
A eficácia desse teste está associada primordialmente no potencial de automação que oferece. Se o modelo pode ser processado formalmente, os casos de teste podem ser derivados mecanicamente. O modelo geralmente é traduzido em uma máquina de estado finito que representa as possíveis configurações do sistema. Para encontrar os casos de teste, procura-se pelos caminhos de execução. Entretanto, dependendo da complexidade do sistema, a quantidade de caminhos pode ser muito grande, requerendo então heurísticas para encontrar os mais relevantes. Entre as formas de derivação da suite abstrata de teste estão: a geração por prova de teorema, programação com restrições, verificação de modelo, execução simbólica, modelo de fluxo de eventos e cadeias de Markov.",QA
Gate.io é uma plataforma global de,"Gate.io é uma plataforma global de exchange de criptomoedas e blockchain criada em 2013. Ela está classificada entre as 10 primeiras do mundo em termos de volume de negócios, conforme relatado pela Reuters.",Blockchain
Uma política de segurança da informação (PSI) ou política de,"Uma política de segurança da informação (PSI) ou política de segurança das informações e comunicações (PoSIC) tem por objetivo possibilitar o gerenciamento da segurança de informação em uma organização, estabelecendo regras e padrões para proteção da informação. A política possibilita manter a confidencialidade, garantir que a informação não seja alterada ou perdida e permitir que a informação esteja disponível quando for necessário. É um elemento essencial para o sucesso de um SGSI (Sistema de Gestão de Segurança da Informação). A segurança da informação procura proteger diferentes tipos de ameaças para garantir a continuidade dos negócios, reduzir riscos e busca a maximização dos retornos em investimentos e ampliação das oportunidades de negócios. O conteúdo da política de segurança da informação varia. Entre as organizações, dependendo de seu grau de informatização, de mercado, requisitos de segurança, etc. No entanto, uma política de segurança da informação geralmente inclui a definição de segurança da Informação, seus objetivos e o que compõe. Confia no compromisso da alta administração, define os procedimentos de controle de segurança da informação a serem implementados, como o uso de senhas, as responsabilidades dessa política e as penalidades de sua violação. Política de segurança da informação é a padronização das normas obrigatórias a fim de manter o controle do comportamentos dos envolvidos",Ciberseguranca
Um appliance de computador (em tradução literal aparelho de ,"Um appliance de computador (em tradução literal aparelho de computador) geralmente é um dispositivo de hardware separado e dedicado com software integrado (firmware), especificamente projetado para fornecer um recurso de computação específico. Estes dispositivos se tornaram conhecidos como ""aparelhos"" (appliance) devido a sua similaridade com os aparelhos domésticos, que geralmente são ""fechados e selados"" - não reparável pelo proprietário. O hardware e o software são pré-integrados e pré-configurados antes de ser entregue ao cliente, para fornecer uma solução de ""chave na mão"" para um problema particular. Diferente dos computadores de propósito geral, appliances geralmente não são projetados para permitir que os clientes mudem o software (incluindo o sistema operacional subjacente), ou para reconfigurar o hardware de maneira flexível.
Existem diversos tipos de appliances ligados a engenharia, informática, biologia e matemática. Todos eles são customizados e configurados de acordo com uma função e de propriedade imutável. Nessas propriedades esse conjunto de appliance é vendido comercialmente por vários fabricantes. Este conceito e amplamente utilizado e fundamental para profissionais da area.",Ciberseguranca
A engenharia de cibersegurança é uma disciplina tech que se ,"A engenharia de cibersegurança é uma disciplina tech que se concentra na proteção de sistemas, redes e dados contra ameaças cibernéticas. Essa área envolve a aplicação de princípios de engenharia para o design, implementação, manutenção e avaliação de sistemas seguros, garantindo a integridade, confidencialidade e disponibilidade da informação.
Com o aumento das ameaças digitais e a crescente dependência da tecnologia em todos os aspectos da vida moderna, a engenharia de cibersegurança tornou-se crucial para proteger indivíduos, organizações e nações contra uma variedade de riscos cibernéticos. Dominar este conhecimento diferencia profissionais em qualquer segmento do mercado.",Ciberseguranca
"MEAN (MongoDB, Express","MEAN (MongoDB, Express.js, AngularJS (ou Angular), e Node.js) é um conjunto de soluções JavaScript de software livre e código aberto para a construção de páginas web dinâmicas e aplicações web.
Como todos os componentes do conjunto são em Javascript, as aplicações feitas com MEAN podem ser escritas usando a mesma linguagem tanto no back-end(lado do servidor) como no front-end(lado do cliente).
Embora seja frequentemente comparado com outros conjuntos de solução para desenvolvimento web, como o LAMP (Linux, Apache, MariaDB/MySQL e PHP), os componentes do MEAN são mais próximos da programação de alto nível, pois incluem uma ferramenta para camada de apresentação da aplicação, e não incluem uma camada de sistema operacional.
A sigla MEAN foi usada pela primeira vez por pelo desenvolvedor Valeri Karpov que em 2013 introduziu o termo em seu Blog. A logo, criada pelo designer gráfico Austin Anderson para o grupo original de desenvolvedores MEAN no LinkedIn, foi feita juntando as primeiras letras das logos de cada um dos componentes do conjunto MEAN. Compreender bem este assunto e essencial para quem atua ou estuda nesta area.",Frontend
"Em informática, um firewall (em português:  parede de fogo),","Em informática, um firewall (em português:  parede de fogo), raramente traduzido como corta-fogo ou corta-fogos, com o significado de ""parede corta-ataques"", é um dispositivo de uma rede de computadores,na forma de um programa (software) ou de equipamento físico (hardware), que tem por objetivo aplicar uma política de segurança a um determinado ponto da rede, geralmente associados a redes TCP/IP. O firewall pode ser do tipo filtros de pacotes, proxy de aplicações, etc.
A combinação do software e de hardware de proteção, é chamado tecnicamente de ""appliance"". A complexidade de instalação depende do tamanho da rede, da política de segurança, da quantidade de regras que controlam o fluxo de entrada e saída de informações e do grau de segurança desejado.",Ciberseguranca
Desenvolvimento Ágil de Software (em inglês: Agile software ,"Desenvolvimento Ágil de Software (em inglês: Agile software development) ou Método ágil é uma disciplina que estuda um conjunto de comportamentos, processos, práticas e ferramentas utilizados para a criação de produtos (geralmente de, mas não limitados a, software) e sua subsequente disponibilização para os usuários finais. Uma abordagem onde produtos são desenvolvidos colaborativamente com equipes multidisciplinar baseado na criatividade e na flexibilização, muito usado atualmente por gestores de várias áreas devido o mercado exigir mais agilidade. As metodologias e frameworks que fazem parte do conceito de desenvolvimento ágil (como o Scrum, por exemplo) providenciam uma estrutura conceitual para conduzir projetos de engenharia de software.
Métodos ágeis também enfatizam o software funcional como uma medida primária de progresso. Combinado com a comunicação cara-a-cara, métodos ágeis produzem pouca documentação em relação a outros métodos, sendo este um dos pontos que podem ser considerados negativos.
Existem inúmeros frameworks de processos para desenvolvimento de software. A maioria dos métodos ágeis tenta minimizar o risco pelo desenvolvimento do software em curtos períodos, chamados de iteração, os quais gastam tipicamente menos de uma semana a até quatro. Cada iteração é como um projeto de software em miniatura e inclui todas as tarefas necessárias para implantar o mini-incremento da nova funcionalidade: planejamento, análise de requisitos, projeto, codificação, teste e documentação. Enquanto em um processo convencional, cada iteração não está necessariamente focada em adicionar um novo conjunto significativo de funcionalidades, um projeto de software ágil busca a capacidade de implantar uma nova versão do software ao fim de cada iteração, etapa em que a equipe responsável reavalia as prioridades do projeto.
Métodos ágeis enfatizam comunicação frequente, preferencialmente cara a cara, em vez de documentos escritos. A maioria dos componentes de um grupo ágil deve estar agrupada em uma sala. Isso inclui todas as pessoas necessárias para terminar o software: no mínimo, os programadores e seus clientes (clientes são as pessoas que definem o produto, eles podem ser os gerentes, analistas de negócio, ou realmente os clientes). Nesta sala devem também se encontrar os testadores, projetistas de iteração, redatores técnicos e gerentes.",QA
Tecnologias da informação e comunicação (TIC) é um termo ext,"Tecnologias da informação e comunicação (TIC) é um termo extensivo das áreas da Informática e da Ciência da Computação para a Tecnologia da Informação (TI) que enfatiza o papel das comunicações unificadas (UC) e a integração das telecomunicações (linhas telefónicas e sinais sem fios) e dos computadores, bem como o software necessário, middleware, armazenamento de dados, multimédia e audiovisual, que permitem aos utilizadores (usuários) aceder, armazenar, transmitir, compreender e manipular informação (tecnologia digital comprimida). As TIC são também utilizadas para se referir à convergência (triple play) das Redes de Computadores com as redes audiovisuais e telefónicas através de uma Arquitetura de Computadores com uma única cablagem ou sistema de ligação (link system). Existem grandes incentivos económicos para fundir o sistema de redes informáticas com as redes telefónicas utilizando um único sistema unificado de cablagem, distribuição de sinal digital e sistema de informação de gestão (SIG). TIC é um termo abrangente da área da Informática que inclui qualquer dispositivo de comunicação, abrangendo rádio, televisão, telemóvel (celular), hardware de computador e de rede de computadores, sistemas de satélite de dados e assim por diante, bem como os vários serviços e aparelhos que os acompanham, como, por exemplo, a videoconferência e a educação à distância (EaD). As TIC incluem também a tecnologia analógica, como a comunicação em formato de papel, e os restantes modos de transmissão de comunicação. As TIC são um tema vasto e os seus conceitos estão em permanente evolução. Abrange todos os produtos capazes de armazenar, recuperar, manipular, processar, transmitir ou receber informações eletronicamente em formato digital (por exemplo, computadores pessoais, incluindo smartphones, televisão digital, e-mail ou robôs). O Quadro de Competências para a Era da Informação (Skills Framework for the Information Age) é um dos muitos modelos para descrever e",Backend
Tecnologias da informação e comunicação (TIC) é um termo ext,"Tecnologias da informação e comunicação (TIC) é um termo extensivo das áreas da Informática e da Ciência da Computação para a Tecnologia da Informação (TI) que enfatiza o papel das comunicações unificadas (UC) e a integração das telecomunicações (linhas telefónicas e sinais sem fios) e dos computadores, bem como o software necessário, middleware, armazenamento de dados, multimédia e audiovisual, que permitem aos utilizadores (usuários) aceder, armazenar, transmitir, compreender e manipular informação (tecnologia digital comprimida).

As TIC são também utilizadas para se referir à convergência (triple play) das Redes de Computadores com as redes audiovisuais e telefónicas através de uma Arquitetura de Computadores com uma única cablagem ou sistema de ligação (link system). Existem grandes incentivos económicos para fundir o sistema de redes informáticas com as redes telefónicas utilizando um único sistema unificado de cablagem, distribuição de sinal digital e sistema de informação de gestão (SIG). TIC é um termo abrangente da área da Informática que inclui qualquer dispositivo de comunicação, abrangendo rádio, televisão, telemóvel (celular), hardware de computador e de rede de computadores, sistemas de satélite de dados e assim por diante, bem como os vários serviços e aparelhos que os acompanham, como, por exemplo, a videoconferência e a educação à distância (EaD). As TIC incluem também a tecnologia analógica, como a comunicação em formato de papel, e os restantes modos de transmissão de comunicação.
As TIC são um tema vasto e os seus conceitos estão em permanente evolução. Abrange todos os produtos capazes de armazenar, recuperar, manipular, processar, transmitir ou receber informações eletronicamente em formato digital (por exemplo, computadores pessoais, incluindo smartphones, televisão digital, e-mail ou robôs). O Quadro de Competências para a Era da Informação (Skills Framework for the Information Age) é um dos muitos modelos para descrever e gerir as competências para os profissionais das TIC no século XXI.
As TIC enquanto área da Informática e da Ciência da Computação, abrangem os estudos da computação, informação e automação. Abrangem disciplinas teóricas, como Algoritmos e Estruturas de Dados, Teoria da Computação e Teoria da Informação, até disciplinas aplicadas, incluindo a implementação de hardware e software.

Os Algoritmos e as Estruturas de Dados são fundamentais para as TIC. A Teoria da Computação diz respeito a modelos abstratos de computação e a classes gerais de problemas que podem ser resolvidos utilizando-os. As áreas da Criptografia e Segurança Informática envolvem o estudo dos meios de comunicação segura e a prevenção de vulnerabilidades de segurança. A Computação Gráfica e a Geometria Computacional abordam a geração de imagens. A teoria da Linguagem de Programação considera diferentes formas de descrever os processos computacionais, e a teoria das Bases (Bancos) de Dados diz respeito à gestão dos repositórios de dados. A Interação Homem-Máquina investiga as interfaces através das quais os humanos e os computadores interagem, e a Engenharia de Software concentra-se no design e nos princípios por detrás do Desenvolvimento de Software. Áreas como os Sistemas Operativos, as Redes de Computadores e os Sistemas Embebidos investigam os princípios e o design por detrás de Sistemas Complexos. A Arquitetura de Computadores descreve a construção de componentes de computador e de equipamentos operados por computador. A Inteligência Artificial e a Aprendizagem Automática visam sintetizar processos orientados para objetivos, como a resolução de problemas, a tomada de decisões, a adaptação ambiental, o planeamento e a aprendizagem encontrados em humanos e animais. Dentro da Inteligência Artificial, a Visão Computacional visa compreender e processar dados de imagem e vídeo, enquanto o Processamento de Linguagem Natural visa compreender e processar dados textuais e linguísticos.",Backend
O MySQL é um sistema de gerenciamento de banco de dados (SGB,"O MySQL é um sistema de gerenciamento de banco de dados (SGBD), que utiliza a linguagem SQL (Linguagem de Consulta Estruturada, do inglês Structured Query Language) como interface. É atualmente um dos sistemas de gerenciamento de bancos de dados mais populares da Oracle",Dados
Um appliance de computador (em tradução literal aparelho de ,"Um appliance de computador (em tradução literal aparelho de computador) geralmente é um dispositivo de hardware separado e dedicado com software integrado (firmware), especificamente projetado para fornecer um recurso de computação específico. Estes dispositivos se tornaram conhecidos como ""aparelhos"" (appliance) devido a sua similaridade com os aparelhos domésticos, que geralmente são ""fechados e selados"" - não reparável pelo proprietário. O hardware e o software são pré-integrados e pré-configurados antes de ser entregue ao cliente, para fornecer uma solução de ""chave na mão"" para um problema particular. Diferente dos computadores de propósito geral, appliances geralmente não são projetados para permitir que os clientes mudem o software (incluindo o sistema operacional subjacente), ou para reconfigurar o hardware de maneira flexível.
Existem diversos tipos de appliances ligados a engenharia, informática, biologia e matemática. Todos eles são customizados e configurados de acordo com uma função e de propriedade imutável. Nessas propriedades esse conjunto de appliance é vendido comercialmente por vários fabricantes.",Ciberseguranca
A blockchain (também conhecido como “cadeia de blocos”) é um,"A blockchain (também conhecido como “cadeia de blocos”) é uma tecnologia de registro distribuído que visa a descentralização como medida de segurança. São bases de registros e dados distribuídos e compartilhados, que têm a função de criar um índice global para todas as transações que ocorrem em um determinado mercado. Funciona como um livro-razão, só que de forma pública, compartilhada e universal, permitindo mecanismos de consenso e confiança na comunicação direta entre duas partes, ou seja, sem o intermédio de terceiros. Está constantemente crescendo à medida que novos blocos são adicionados a ela por um novo conjunto de registros. Os",Blockchain
"Na computação, o SSH File Transfer Protocol ou SFTP é um pro","Na computação, o SSH File Transfer Protocol ou SFTP é um protocolo de transferência de arquivos e de manipulação funcional. É tipicamente utilizado com o protocolo de segurança SSH-2. Seu propósito é semelhante ao do",Ciberseguranca
ISO/IEC 9126 é uma norma ISO para qualidade de produto de so,"ISO/IEC 9126 é uma norma ISO para qualidade de produto de software. Ela define um conjunto de parâmetros com o objetivo de padronizar a avaliação da qualidade de software. Ela se enquadra no modelo de qualidade das normas da família 9000. A ISO/IEC 9126, sob o título geral ""Engenharia de software -",QA
"Computação em nuvem (em inglês, cloud computing) é um termo ","Computação em nuvem (em inglês, cloud computing) é um termo coloquial para a disponibilidade sob demanda de recursos do sistema de computador, especialmente armazenamento de dados e capacidade de computação, sem o gerenciamento ativo direto do utilizador. O termo geralmente é usado para descrever centros de dados disponíveis para muitos utilizadores pela Internet. Nuvens em grande escala, predominantes hoje em dia, geralmente têm funções distribuídas em vários locais dos servidores centrais. Se a conexão com o utilizador for relativamente próxima, pode ser designado um servidor de borda. O armazenamento de dados é feito em serviços que poderão ser acedidos de qualquer lugar do mundo, a qualquer hora, não havendo necessidade",DevOps
