{
    "Backend": {
        "precision": 0.7777777777777778,
        "recall": 0.7,
        "f1-score": 0.7368421052631579,
        "support": 10.0
    },
    "DataScience": {
        "precision": 0.9,
        "recall": 0.9,
        "f1-score": 0.9,
        "support": 10.0
    },
    "DevOps": {
        "precision": 0.8181818181818182,
        "recall": 0.9,
        "f1-score": 0.8571428571428571,
        "support": 10.0
    },
    "Frontend": {
        "precision": 0.7,
        "recall": 0.7,
        "f1-score": 0.7,
        "support": 10.0
    },
    "accuracy": 0.8,
    "macro avg": {
        "precision": 0.7989898989898989,
        "recall": 0.8,
        "f1-score": 0.7984962406015037,
        "support": 40.0
    },
    "weighted avg": {
        "precision": 0.7989898989898989,
        "recall": 0.8,
        "f1-score": 0.7984962406015038,
        "support": 40.0
    }
}